[2026-02-07T01:48:32.612Z] [INFO   ] [PASSO 1] ========================================
[2026-02-07T01:48:32.615Z] [INFO   ] [PASSO 2] INICIANDO BB TIPS ROBOT
[2026-02-07T01:48:32.616Z] [INFO   ] [PASSO 3] ========================================
[2026-02-07T01:48:32.616Z] [INFO   ] [PASSO 4] URL Base (BB Tips): https://app.bbtips.com.br
[2026-02-07T01:48:32.617Z] [INFO   ] [PASSO 5] API URL (Banco): http://localhost:5000
[2026-02-07T01:48:32.618Z] [INFO   ] [PASSO 6] Email: ****@***.***
[2026-02-07T01:48:32.619Z] [INFO   ] [PASSO 7] Inicializando browser...
[2026-02-07T01:48:33.732Z] [SUCCESS] [PASSO 8] Browser iniciado com sucesso
[2026-02-07T01:48:33.734Z] [INFO   ] [PASSO 9] ---------------------------------------
[2026-02-07T01:48:33.736Z] [INFO   ] [PASSO 10] INICIANDO LOGIN
[2026-02-07T01:48:33.737Z] [INFO   ] [PASSO 11] ---------------------------------------
[2026-02-07T01:48:33.739Z] [INFO   ] [PASSO 12] Navegando para: https://app.bbtips.com.br/login
[2026-02-07T01:48:39.078Z] [DEBUG  ] [PASSO 13] Título da página: BB Tips
[2026-02-07T01:48:39.078Z] [INFO   ] [PASSO 14] Procurando campo de email...
[2026-02-07T01:48:39.102Z] [SUCCESS] [PASSO 15] Campo de email encontrado
[2026-02-07T01:48:39.203Z] [INFO   ] [PASSO 16] Email preenchido
[2026-02-07T01:48:39.204Z] [INFO   ] [PASSO 17] Procurando campo de senha...
[2026-02-07T01:48:39.211Z] [SUCCESS] [PASSO 18] Campo de senha encontrado
[2026-02-07T01:48:39.245Z] [INFO   ] [PASSO 19] Senha preenchida
[2026-02-07T01:48:39.246Z] [INFO   ] [PASSO 20] Procurando botão de login...
[2026-02-07T01:48:39.254Z] [SUCCESS] [PASSO 21] Botão de login encontrado: "Entrar"
[2026-02-07T01:48:39.282Z] [INFO   ] [PASSO 22] Clicou no botão de login, aguardando...
[2026-02-07T01:48:44.286Z] [INFO   ] [PASSO 23] URL atual: https://app.bbtips.com.br/inicio
[2026-02-07T01:48:44.286Z] [SUCCESS] [PASSO 24] Login realizado com sucesso!
[2026-02-07T01:48:44.287Z] [INFO   ] [PASSO 25] URL após login: https://app.bbtips.com.br/inicio
[2026-02-07T01:48:44.288Z] [INFO   ] [PASSO 26] ---------------------------------------
[2026-02-07T01:48:44.288Z] [INFO   ] [PASSO 27] EXECUTANDO BUSCADOR DE PADRÕES
[2026-02-07T01:48:44.289Z] [INFO   ] [PASSO 28] ---------------------------------------
[2026-02-07T01:48:44.289Z] [INFO   ] [PASSO 29] URL Base do robô: https://app.bbtips.com.br
[2026-02-07T01:48:44.290Z] [INFO   ] [PASSO 30] Navegando para: https://app.bbtips.com.br/bots/novo
[2026-02-07T01:48:44.290Z] [DEBUG  ] [PASSO 31] URL atual antes de navegar: https://app.bbtips.com.br/inicio
[2026-02-07T01:48:45.956Z] [DEBUG  ] [PASSO 32] URL após navegar: https://app.bbtips.com.br/bots/novo
[2026-02-07T01:48:48.984Z] [DEBUG  ] [PASSO 33] Conteúdo da página: 23/02/2026
 Bet365 
 Betano 
 Kiron
 SportingBet
 Aviator 
 Blaze 
 Roletas
 Luiz Silva 
Criar Novo Robô
Layout Antigo
Público
Selecione a Liga que deseja atuar
TodasCopaEuroSuperPremier
Nome
Chat
×[B...
[2026-02-07T01:48:48.985Z] [INFO   ] [PASSO 34] Procurando botão Buscar Padrões...
[2026-02-07T01:48:48.992Z] [SUCCESS] [PASSO 35] Botão Buscar Padrões encontrado: "Buscador de Padrões 🤖"
[2026-02-07T01:48:51.033Z] [INFO   ] [PASSO 36] Procurando campo Máximo Pulos...
[2026-02-07T01:48:51.039Z] [WARN   ] [PASSO 37] Campo Máximo Pulos não encontrado via ng-select
[2026-02-07T01:48:51.043Z] [WARN   ] [PASSO 38] Campo Máximo Pulos não encontrado
[2026-02-07T01:48:51.044Z] [INFO   ] [PASSO 39] Procurando botão Buscar no modal...
[2026-02-07T01:48:51.050Z] [SUCCESS] [PASSO 40] Botão Buscar encontrado: "Buscar"
[2026-02-07T01:48:51.074Z] [INFO   ] [PASSO 41] Clicou em Buscar, aguardando resultados...
[2026-02-07T01:48:56.087Z] [INFO   ] [PASSO 42] Procurando resultados da busca...
[2026-02-07T01:48:58.102Z] [SUCCESS] [PASSO 43] Quinta tabela encontrada
[2026-02-07T01:48:58.107Z] [INFO   ] [PASSO 44] Clicando na primeira linha da quinta tabela...
[2026-02-07T01:48:59.163Z] [INFO   ] [PASSO 45] Procurando dialog SweetAlert2...
[2026-02-07T01:49:00.681Z] [SUCCESS] [PASSO 46] Modal SweetAlert2 encontrado
[2026-02-07T01:49:00.688Z] [SUCCESS] [PASSO 47] Botão encontrado: "Sim"
[2026-02-07T01:49:00.690Z] [SUCCESS] [PASSO 48] Clicando em "Sim"
[2026-02-07T01:49:00.769Z] [INFO   ] [PASSO 49] Clicou no botão Sim
[2026-02-07T01:49:02.278Z] [INFO   ] [PASSO 50] Procurando elemento para clicar...
[2026-02-07T01:49:03.304Z] [SUCCESS] [PASSO 51] Elemento encontrado
[2026-02-07T01:49:03.327Z] [INFO   ] [PASSO 52] Clicou no elemento div[2]
[2026-02-07T01:49:04.340Z] [INFO   ] [PASSO 53] Procurando span para clicar...
[2026-02-07T01:49:05.356Z] [SUCCESS] [PASSO 54] Span encontrado: "VER MAIS"
[2026-02-07T01:49:05.480Z] [INFO   ] [PASSO 55] Clicou no span
[2026-02-07T01:49:12.293Z] [INFO   ] [PASSO 56] ========================================
[2026-02-07T01:49:12.905Z] [INFO   ] [PASSO 57] EXTRAINDO DADOS DOS CARDS
[2026-02-07T01:49:13.472Z] [INFO   ] [PASSO 58] ========================================
[2026-02-07T01:49:14.538Z] [INFO   ] [PASSO 59] ╔══════════════════════════════════════════════════════════╗
[2026-02-07T01:49:14.538Z] [INFO   ] [PASSO 60] ║          EXTRAÇÃO DE DADOS DOS CARDS (XPath)         ║
[2026-02-07T01:49:14.539Z] [INFO   ] [PASSO 61] ╚══════════════════════════════════════════════════════════╝
[2026-02-07T01:49:14.540Z] [INFO   ] [PASSO 62] Timestamp: 2026-02-07T01:49:14.540Z
[2026-02-07T01:49:16.551Z] [INFO   ] [PASSO 63] ══════════════════════════════════════════════════════════
[2026-02-07T01:49:16.553Z] [INFO   ] [PASSO 64] BUSCA POR CONTAINER DE CARDS:
[2026-02-07T01:49:16.554Z] [INFO   ] [PASSO 65]   XPath Container: /html/body/app-root/div/app-robos-novo/div/div/div[5]/div[1]/div[1]/div[3]/div[3]/div[2]/div[2]/div[1]
[2026-02-07T01:49:21.390Z] [SUCCESS] [PASSO 66] Container encontrado
[2026-02-07T01:49:25.574Z] [INFO   ] [PASSO 67] ══════════════════════════════════════════════════════════
[2026-02-07T01:49:26.270Z] [INFO   ] [PASSO 68] BUSCA POR CARDS DENTRO DO CONTAINER:
[2026-02-07T01:49:26.576Z] [INFO   ] [PASSO 69]   XPath Cards: ./div[not(contains(@class, 'row'))]
[2026-02-07T01:49:30.635Z] [INFO   ] [PASSO 70]   Cards encontrados via XPath: 75
[2026-02-07T01:49:41.869Z] [SUCCESS] [PASSO 71] Total de cards encontrados: 75
[2026-02-07T01:49:41.870Z] [INFO   ] [PASSO 72] ═══════════════════════════════════════════════════════════
[2026-02-07T01:49:41.870Z] [INFO   ] [PASSO 73]   Processando Card 1/75...
[2026-02-07T01:49:41.988Z] [SUCCESS] [PASSO 74]   ✓ Card 1 extraído:
[2026-02-07T01:49:41.989Z] [INFO   ] [PASSO 75]     Título: Ambas Marcam Sim (ambs)
[2026-02-07T01:49:41.989Z] [INFO   ] [PASSO 76]     Percentual: 100.00%
[2026-02-07T01:49:41.990Z] [INFO   ] [PASSO 77]     SG: 12 | G1: 1 | G2: 2
[2026-02-07T01:49:41.991Z] [INFO   ] [PASSO 78] ═══════════════════════════════════════════════════════════
[2026-02-07T01:49:41.991Z] [INFO   ] [PASSO 79]   Processando Card 2/75...
[2026-02-07T01:49:42.112Z] [SUCCESS] [PASSO 80]   ✓ Card 2 extraído:
[2026-02-07T01:49:42.112Z] [INFO   ] [PASSO 81]     Título: Casa Marca Sim (cms)
[2026-02-07T01:49:42.113Z] [INFO   ] [PASSO 82]     Percentual: 100.00%
[2026-02-07T01:49:42.114Z] [INFO   ] [PASSO 83]     SG: 18 | G1: 1 | G2: 2
[2026-02-07T01:49:42.114Z] [INFO   ] [PASSO 84] ═══════════════════════════════════════════════════════════
[2026-02-07T01:49:42.115Z] [INFO   ] [PASSO 85]   Processando Card 3/75...
[2026-02-07T01:49:42.233Z] [SUCCESS] [PASSO 86]   ✓ Card 3 extraído:
[2026-02-07T01:49:42.234Z] [INFO   ] [PASSO 87]     Título: Visitante Marca Sim (vms)
[2026-02-07T01:49:42.235Z] [INFO   ] [PASSO 88]     Percentual: 100.00%
[2026-02-07T01:49:42.235Z] [INFO   ] [PASSO 89]     SG: 15 | G1: 1 | G2: 2
[2026-02-07T01:49:42.236Z] [INFO   ] [PASSO 90] ═══════════════════════════════════════════════════════════
[2026-02-07T01:49:42.236Z] [INFO   ] [PASSO 91]   Processando Card 4/75...
[2026-02-07T01:49:42.346Z] [SUCCESS] [PASSO 92]   ✓ Card 4 extraído:
[2026-02-07T01:49:42.347Z] [INFO   ] [PASSO 93]     Título: [HT] Empate (hte)
[2026-02-07T01:49:42.348Z] [INFO   ] [PASSO 94]     Percentual: 90.91%
[2026-02-07T01:49:42.348Z] [INFO   ] [PASSO 95]     SG: 12 | G1: 1 | G2: 2
[2026-02-07T01:49:42.349Z] [INFO   ] [PASSO 96] ═══════════════════════════════════════════════════════════
[2026-02-07T01:49:42.349Z] [INFO   ] [PASSO 97]   Processando Card 5/75...
[2026-02-07T01:49:42.477Z] [SUCCESS] [PASSO 98]   ✓ Card 5 extraído:
[2026-02-07T01:49:42.478Z] [INFO   ] [PASSO 99]     Título: Visitante (pmv)
[2026-02-07T01:49:42.478Z] [INFO   ] [PASSO 100]     Percentual: 90.91%
[2026-02-07T01:49:42.479Z] [INFO   ] [PASSO 101]     SG: 12 | G1: 1 | G2: 2
[2026-02-07T01:49:42.479Z] [INFO   ] [PASSO 102] ═══════════════════════════════════════════════════════════
[2026-02-07T01:49:42.480Z] [INFO   ] [PASSO 103]   Processando Card 6/75...
[2026-02-07T01:49:42.598Z] [SUCCESS] [PASSO 104]   ✓ Card 6 extraído:
[2026-02-07T01:49:42.598Z] [INFO   ] [PASSO 105]     Título: Over 2.5 (o25)
[2026-02-07T01:49:42.599Z] [INFO   ] [PASSO 106]     Percentual: 86.36%
[2026-02-07T01:49:42.600Z] [INFO   ] [PASSO 107]     SG: 11 | G1: 1 | G2: 2
[2026-02-07T01:49:42.600Z] [INFO   ] [PASSO 108] ═══════════════════════════════════════════════════════════
[2026-02-07T01:49:42.601Z] [INFO   ] [PASSO 109]   Processando Card 7/75...
[2026-02-07T01:49:42.712Z] [SUCCESS] [PASSO 110]   ✓ Card 7 extraído:
[2026-02-07T01:49:42.713Z] [INFO   ] [PASSO 111]     Título: Ambas Não Marcam (ambn)
[2026-02-07T01:49:42.714Z] [INFO   ] [PASSO 112]     Percentual: 81.82%
[2026-02-07T01:49:42.714Z] [INFO   ] [PASSO 113]     SG: 10 | G1: 1 | G2: 2
[2026-02-07T01:49:42.715Z] [INFO   ] [PASSO 114] ═══════════════════════════════════════════════════════════
[2026-02-07T01:49:42.715Z] [INFO   ] [PASSO 115]   Processando Card 8/75...
[2026-02-07T01:49:42.827Z] [SUCCESS] [PASSO 116]   ✓ Card 8 extraído:
[2026-02-07T01:49:42.828Z] [INFO   ] [PASSO 117]     Título: 0x0 HT (ht00)
[2026-02-07T01:49:42.828Z] [INFO   ] [PASSO 118]     Percentual: 81.82%
[2026-02-07T01:49:42.828Z] [INFO   ] [PASSO 119]     SG: 7 | G1: 1 | G2: 2
[2026-02-07T01:49:42.829Z] [INFO   ] [PASSO 120] ═══════════════════════════════════════════════════════════
[2026-02-07T01:49:42.829Z] [INFO   ] [PASSO 121]   Processando Card 9/75...
[2026-02-07T01:49:42.941Z] [SUCCESS] [PASSO 122]   ✓ Card 9 extraído:
[2026-02-07T01:49:42.942Z] [INFO   ] [PASSO 123]     Título: Visitante (umv)
[2026-02-07T01:49:42.942Z] [INFO   ] [PASSO 124]     Percentual: 77.27%
[2026-02-07T01:49:42.943Z] [INFO   ] [PASSO 125]     SG: 7 | G1: 1 | G2: 2
[2026-02-07T01:49:42.943Z] [INFO   ] [PASSO 126] ═══════════════════════════════════════════════════════════
[2026-02-07T01:49:42.944Z] [INFO   ] [PASSO 127]   Processando Card 10/75...
[2026-02-07T01:49:43.060Z] [SUCCESS] [PASSO 128]   ✓ Card 10 extraído:
[2026-02-07T01:49:43.061Z] [INFO   ] [PASSO 129]     Título: Vencedor Visitante (ftv)
[2026-02-07T01:49:43.062Z] [INFO   ] [PASSO 130]     Percentual: 72.73%
[2026-02-07T01:49:43.062Z] [INFO   ] [PASSO 131]     SG: 8 | G1: 1 | G2: 2
[2026-02-07T01:49:43.063Z] [INFO   ] [PASSO 132] ═══════════════════════════════════════════════════════════
[2026-02-07T01:49:43.063Z] [INFO   ] [PASSO 133]   Processando Card 11/75...
[2026-02-07T01:49:43.175Z] [SUCCESS] [PASSO 134]   ✓ Card 11 extraído:
[2026-02-07T01:49:43.175Z] [INFO   ] [PASSO 135]     Título: Casa Não Marca (cmn)
[2026-02-07T01:49:43.176Z] [INFO   ] [PASSO 136]     Percentual: 68.18%
[2026-02-07T01:49:43.176Z] [INFO   ] [PASSO 137]     SG: 4 | G1: 1 | G2: 2
[2026-02-07T01:49:43.177Z] [INFO   ] [PASSO 138] ═══════════════════════════════════════════════════════════
[2026-02-07T01:49:43.177Z] [INFO   ] [PASSO 139]   Processando Card 12/75...
[2026-02-07T01:49:43.286Z] [SUCCESS] [PASSO 140]   ✓ Card 12 extraído:
[2026-02-07T01:49:43.287Z] [INFO   ] [PASSO 141]     Título: Empate (fte)
[2026-02-07T01:49:43.288Z] [INFO   ] [PASSO 142]     Percentual: 68.18%
[2026-02-07T01:49:43.288Z] [INFO   ] [PASSO 143]     SG: 5 | G1: 1 | G2: 2
[2026-02-07T01:49:43.289Z] [INFO   ] [PASSO 144] ═══════════════════════════════════════════════════════════
[2026-02-07T01:49:43.289Z] [INFO   ] [PASSO 145]   Processando Card 13/75...
[2026-02-07T01:49:43.407Z] [SUCCESS] [PASSO 146]   ✓ Card 13 extraído:
[2026-02-07T01:49:43.408Z] [INFO   ] [PASSO 147]     Título: Casa (pmc)
[2026-02-07T01:49:43.408Z] [INFO   ] [PASSO 148]     Percentual: 68.18%
[2026-02-07T01:49:43.409Z] [INFO   ] [PASSO 149]     SG: 9 | G1: 1 | G2: 2
[2026-02-07T01:49:43.409Z] [INFO   ] [PASSO 150] ═══════════════════════════════════════════════════════════
[2026-02-07T01:49:43.409Z] [INFO   ] [PASSO 151]   Processando Card 14/75...
[2026-02-07T01:49:43.525Z] [SUCCESS] [PASSO 152]   ✓ Card 14 extraído:
[2026-02-07T01:49:43.526Z] [INFO   ] [PASSO 153]     Título: Casa (umc)
[2026-02-07T01:49:43.527Z] [INFO   ] [PASSO 154]     Percentual: 68.18%
[2026-02-07T01:49:43.527Z] [INFO   ] [PASSO 155]     SG: 14 | G1: 1 | G2: 2
[2026-02-07T01:49:43.528Z] [INFO   ] [PASSO 156] ═══════════════════════════════════════════════════════════
[2026-02-07T01:49:43.528Z] [INFO   ] [PASSO 157]   Processando Card 15/75...
[2026-02-07T01:49:43.641Z] [SUCCESS] [PASSO 158]   ✓ Card 15 extraído:
[2026-02-07T01:49:43.642Z] [INFO   ] [PASSO 159]     Título: 2 Gols (ge2)
[2026-02-07T01:49:43.643Z] [INFO   ] [PASSO 160]     Percentual: 63.64%
[2026-02-07T01:49:43.643Z] [INFO   ] [PASSO 161]     SG: 5 | G1: 1 | G2: 2
[2026-02-07T01:49:43.644Z] [INFO   ] [PASSO 162] ═══════════════════════════════════════════════════════════
[2026-02-07T01:49:43.644Z] [INFO   ] [PASSO 163]   Processando Card 16/75...
[2026-02-07T01:49:43.766Z] [SUCCESS] [PASSO 164]   ✓ Card 16 extraído:
[2026-02-07T01:49:43.767Z] [INFO   ] [PASSO 165]     Título: Visitante Não Marca (vmn)
[2026-02-07T01:49:43.767Z] [INFO   ] [PASSO 166]     Percentual: 59.09%
[2026-02-07T01:49:43.768Z] [INFO   ] [PASSO 167]     SG: 7 | G1: 1 | G2: 2
[2026-02-07T01:49:43.768Z] [INFO   ] [PASSO 168] ═══════════════════════════════════════════════════════════
[2026-02-07T01:49:43.769Z] [INFO   ] [PASSO 169]   Processando Card 17/75...
[2026-02-07T01:49:43.881Z] [SUCCESS] [PASSO 170]   ✓ Card 17 extraído:
[2026-02-07T01:49:43.882Z] [INFO   ] [PASSO 171]     Título: Vencedor Casa (ftc)
[2026-02-07T01:49:43.883Z] [INFO   ] [PASSO 172]     Percentual: 59.09%
[2026-02-07T01:49:43.883Z] [INFO   ] [PASSO 173]     SG: 9 | G1: 1 | G2: 2
[2026-02-07T01:49:43.884Z] [INFO   ] [PASSO 174] ═══════════════════════════════════════════════════════════
[2026-02-07T01:49:43.884Z] [INFO   ] [PASSO 175]   Processando Card 18/75...
[2026-02-07T01:49:43.994Z] [SUCCESS] [PASSO 176]   ✓ Card 18 extraído:
[2026-02-07T01:49:43.995Z] [INFO   ] [PASSO 177]     Título: Resultado Empate / Ambas Sim (reas)
[2026-02-07T01:49:43.996Z] [INFO   ] [PASSO 178]     Percentual: 59.09%
[2026-02-07T01:49:43.996Z] [INFO   ] [PASSO 179]     SG: 4 | G1: 1 | G2: 2
[2026-02-07T01:49:43.996Z] [INFO   ] [PASSO 180] ═══════════════════════════════════════════════════════════
[2026-02-07T01:49:43.997Z] [INFO   ] [PASSO 181]   Processando Card 19/75...
[2026-02-07T01:49:44.110Z] [SUCCESS] [PASSO 182]   ✓ Card 19 extraído:
[2026-02-07T01:49:44.111Z] [INFO   ] [PASSO 183]     Título: 3 Gols (ge3)
[2026-02-07T01:49:44.112Z] [INFO   ] [PASSO 184]     Percentual: 54.55%
[2026-02-07T01:49:44.112Z] [INFO   ] [PASSO 185]     SG: 6 | G1: 1 | G2: 2
[2026-02-07T01:49:44.113Z] [INFO   ] [PASSO 186] ═══════════════════════════════════════════════════════════
[2026-02-07T01:49:44.113Z] [INFO   ] [PASSO 187]   Processando Card 20/75...
[2026-02-07T01:49:44.225Z] [SUCCESS] [PASSO 188]   ✓ Card 20 extraído:
[2026-02-07T01:49:44.226Z] [INFO   ] [PASSO 189]     Título: 1x1 HT (ht11)
[2026-02-07T01:49:44.226Z] [INFO   ] [PASSO 190]     Percentual: 54.55%
[2026-02-07T01:49:44.227Z] [INFO   ] [PASSO 191]     SG: 5 | G1: 1 | G2: 2
[2026-02-07T01:49:44.227Z] [INFO   ] [PASSO 192] ═══════════════════════════════════════════════════════════
[2026-02-07T01:49:44.228Z] [INFO   ] [PASSO 193]   Processando Card 21/75...
[2026-02-07T01:49:44.338Z] [SUCCESS] [PASSO 194]   ✓ Card 21 extraído:
[2026-02-07T01:49:44.339Z] [INFO   ] [PASSO 195]     Título: Resultado Visitante / Ambas Não (rvan)
[2026-02-07T01:49:44.339Z] [INFO   ] [PASSO 196]     Percentual: 54.55%
[2026-02-07T01:49:44.340Z] [INFO   ] [PASSO 197]     SG: 3 | G1: 1 | G2: 2
[2026-02-07T01:49:44.340Z] [INFO   ] [PASSO 198] ═══════════════════════════════════════════════════════════
[2026-02-07T01:49:44.341Z] [INFO   ] [PASSO 199]   Processando Card 22/75...
[2026-02-07T01:49:44.452Z] [SUCCESS] [PASSO 200]   ✓ Card 22 extraído:
[2026-02-07T01:49:44.453Z] [INFO   ] [PASSO 201]     Título: Over 3.5 (o35)
[2026-02-07T01:49:44.453Z] [INFO   ] [PASSO 202]     Percentual: 50.00%
[2026-02-07T01:49:44.454Z] [INFO   ] [PASSO 203]     SG: 5 | G1: 1 | G2: 2
[2026-02-07T01:49:44.454Z] [INFO   ] [PASSO 204] ═══════════════════════════════════════════════════════════
[2026-02-07T01:49:44.455Z] [INFO   ] [PASSO 205]   Processando Card 23/75...
[2026-02-07T01:49:44.567Z] [SUCCESS] [PASSO 206]   ✓ Card 23 extraído:
[2026-02-07T01:49:44.567Z] [INFO   ] [PASSO 207]     Título: [HT] Vencedor Casa (htc)
[2026-02-07T01:49:44.568Z] [INFO   ] [PASSO 208]     Percentual: 50.00%
[2026-02-07T01:49:44.568Z] [INFO   ] [PASSO 209]     SG: 6 | G1: 1 | G2: 2
[2026-02-07T01:49:44.569Z] [INFO   ] [PASSO 210] ═══════════════════════════════════════════════════════════
[2026-02-07T01:49:44.569Z] [INFO   ] [PASSO 211]   Processando Card 24/75...
[2026-02-07T01:49:44.682Z] [SUCCESS] [PASSO 212]   ✓ Card 24 extraído:
[2026-02-07T01:49:44.682Z] [INFO   ] [PASSO 213]     Título: [HT] Vencedor Visitante (htv)
[2026-02-07T01:49:44.683Z] [INFO   ] [PASSO 214]     Percentual: 50.00%
[2026-02-07T01:49:44.683Z] [INFO   ] [PASSO 215]     SG: 4 | G1: 1 | G2: 2
[2026-02-07T01:49:44.684Z] [INFO   ] [PASSO 216] ═══════════════════════════════════════════════════════════
[2026-02-07T01:49:44.685Z] [INFO   ] [PASSO 217]   Processando Card 25/75...
[2026-02-07T01:49:44.797Z] [SUCCESS] [PASSO 218]   ✓ Card 25 extraído:
[2026-02-07T01:49:44.798Z] [INFO   ] [PASSO 219]     Título: 1 Gols (ge1)
[2026-02-07T01:49:44.799Z] [INFO   ] [PASSO 220]     Percentual: 50.00%
[2026-02-07T01:49:44.799Z] [INFO   ] [PASSO 221]     SG: 5 | G1: 1 | G2: 2
[2026-02-07T01:49:44.800Z] [INFO   ] [PASSO 222] ═══════════════════════════════════════════════════════════
[2026-02-07T01:49:44.800Z] [INFO   ] [PASSO 223]   Processando Card 26/75...
[2026-02-07T01:49:44.911Z] [SUCCESS] [PASSO 224]   ✓ Card 26 extraído:
[2026-02-07T01:49:44.911Z] [INFO   ] [PASSO 225]     Título: 1x1 FT (ft11)
[2026-02-07T01:49:44.912Z] [INFO   ] [PASSO 226]     Percentual: 45.45%
[2026-02-07T01:49:44.912Z] [INFO   ] [PASSO 227]     SG: 2 | G1: 1 | G2: 2
[2026-02-07T01:49:44.912Z] [INFO   ] [PASSO 228] ═══════════════════════════════════════════════════════════
[2026-02-07T01:49:44.913Z] [INFO   ] [PASSO 229]   Processando Card 27/75...
[2026-02-07T01:49:45.025Z] [SUCCESS] [PASSO 230]   ✓ Card 27 extraído:
[2026-02-07T01:49:45.026Z] [INFO   ] [PASSO 231]     Título: Resultado Visitante / Ambas Sim (rvas)
[2026-02-07T01:49:45.027Z] [INFO   ] [PASSO 232]     Percentual: 45.45%
[2026-02-07T01:49:45.027Z] [INFO   ] [PASSO 233]     SG: 5 | G1: 1 | G2: 2
[2026-02-07T01:49:45.028Z] [INFO   ] [PASSO 234] ═══════════════════════════════════════════════════════════
[2026-02-07T01:49:45.028Z] [INFO   ] [PASSO 235]   Processando Card 28/75...
[2026-02-07T01:49:45.141Z] [SUCCESS] [PASSO 236]   ✓ Card 28 extraído:
[2026-02-07T01:49:45.142Z] [INFO   ] [PASSO 237]     Título: 4 Gols (ge4)
[2026-02-07T01:49:45.143Z] [INFO   ] [PASSO 238]     Percentual: 40.91%
[2026-02-07T01:49:45.143Z] [INFO   ] [PASSO 239]     SG: 5 | G1: 1 | G2: 2
[2026-02-07T01:49:45.144Z] [INFO   ] [PASSO 240] ═══════════════════════════════════════════════════════════
[2026-02-07T01:49:45.144Z] [INFO   ] [PASSO 241]   Processando Card 29/75...
[2026-02-07T01:49:45.259Z] [SUCCESS] [PASSO 242]   ✓ Card 29 extraído:
[2026-02-07T01:49:45.259Z] [INFO   ] [PASSO 243]     Título: 1x0 HT (ht10)
[2026-02-07T01:49:45.260Z] [INFO   ] [PASSO 244]     Percentual: 40.91%
[2026-02-07T01:49:45.260Z] [INFO   ] [PASSO 245]     SG: 4 | G1: 1 | G2: 2
[2026-02-07T01:49:45.261Z] [INFO   ] [PASSO 246] ═══════════════════════════════════════════════════════════
[2026-02-07T01:49:45.261Z] [INFO   ] [PASSO 247]   Processando Card 30/75...
[2026-02-07T01:49:45.375Z] [SUCCESS] [PASSO 248]   ✓ Card 30 extraído:
[2026-02-07T01:49:45.376Z] [INFO   ] [PASSO 249]     Título: Resultado Casa / Ambas Não (rcan)
[2026-02-07T01:49:45.377Z] [INFO   ] [PASSO 250]     Percentual: 40.91%
[2026-02-07T01:49:45.377Z] [INFO   ] [PASSO 251]     SG: 6 | G1: 1 | G2: 2
[2026-02-07T01:49:45.377Z] [INFO   ] [PASSO 252] ═══════════════════════════════════════════════════════════
[2026-02-07T01:49:45.378Z] [INFO   ] [PASSO 253]   Processando Card 31/75...
[2026-02-07T01:49:45.488Z] [SUCCESS] [PASSO 254]   ✓ Card 31 extraído:
[2026-02-07T01:49:45.489Z] [INFO   ] [PASSO 255]     Título: 0x1 FT (ft01)
[2026-02-07T01:49:45.489Z] [INFO   ] [PASSO 256]     Percentual: 36.36%
[2026-02-07T01:49:45.489Z] [INFO   ] [PASSO 257]     SG: 2 | G1: 1 | G2: 2
[2026-02-07T01:49:45.490Z] [INFO   ] [PASSO 258] ═══════════════════════════════════════════════════════════
[2026-02-07T01:49:45.490Z] [INFO   ] [PASSO 259]   Processando Card 32/75...
[2026-02-07T01:49:45.602Z] [SUCCESS] [PASSO 260]   ✓ Card 32 extraído:
[2026-02-07T01:49:45.603Z] [INFO   ] [PASSO 261]     Título: Resultado Casa / Ambas Sim (rcas)
[2026-02-07T01:49:45.603Z] [INFO   ] [PASSO 262]     Percentual: 36.36%
[2026-02-07T01:49:45.604Z] [INFO   ] [PASSO 263]     SG: 3 | G1: 1 | G2: 2
[2026-02-07T01:49:45.604Z] [INFO   ] [PASSO 264] ═══════════════════════════════════════════════════════════
[2026-02-07T01:49:45.605Z] [INFO   ] [PASSO 265]   Processando Card 33/75...
[2026-02-07T01:49:45.723Z] [SUCCESS] [PASSO 266]   ✓ Card 33 extraído:
[2026-02-07T01:49:45.724Z] [INFO   ] [PASSO 267]     Título: 1x2 FT (ft12)
[2026-02-07T01:49:45.724Z] [INFO   ] [PASSO 268]     Percentual: 31.82%
[2026-02-07T01:49:45.725Z] [INFO   ] [PASSO 269]     SG: 4 | G1: 1 | G2: 2
[2026-02-07T01:49:45.725Z] [INFO   ] [PASSO 270] ═══════════════════════════════════════════════════════════
[2026-02-07T01:49:45.726Z] [INFO   ] [PASSO 271]   Processando Card 34/75...
[2026-02-07T01:49:45.855Z] [SUCCESS] [PASSO 272]   ✓ Card 34 extraído:
[2026-02-07T01:49:45.856Z] [INFO   ] [PASSO 273]     Título: 0x1 HT (ht01)
[2026-02-07T01:49:45.856Z] [INFO   ] [PASSO 274]     Percentual: 31.82%
[2026-02-07T01:49:45.857Z] [INFO   ] [PASSO 275]     SG: 3 | G1: 1 | G2: 2
[2026-02-07T01:49:45.857Z] [INFO   ] [PASSO 276] ═══════════════════════════════════════════════════════════
[2026-02-07T01:49:45.858Z] [INFO   ] [PASSO 277]   Processando Card 35/75...
[2026-02-07T01:49:45.971Z] [SUCCESS] [PASSO 278]   ✓ Card 35 extraído:
[2026-02-07T01:49:45.972Z] [INFO   ] [PASSO 279]     Título: 0 Gols (ge0)
[2026-02-07T01:49:45.972Z] [INFO   ] [PASSO 280]     Percentual: 27.27%
[2026-02-07T01:49:45.973Z] [INFO   ] [PASSO 281]     SG: 1 | G1: 1 | G2: 2
[2026-02-07T01:49:45.973Z] [INFO   ] [PASSO 282] ═══════════════════════════════════════════════════════════
[2026-02-07T01:49:45.974Z] [INFO   ] [PASSO 283]   Processando Card 36/75...
[2026-02-07T01:49:46.089Z] [SUCCESS] [PASSO 284]   ✓ Card 36 extraído:
[2026-02-07T01:49:46.090Z] [INFO   ] [PASSO 285]     Título: 0x0 FT (ft00)
[2026-02-07T01:49:46.090Z] [INFO   ] [PASSO 286]     Percentual: 27.27%
[2026-02-07T01:49:46.091Z] [INFO   ] [PASSO 287]     SG: 1 | G1: 1 | G2: 2
[2026-02-07T01:49:46.091Z] [INFO   ] [PASSO 288] ═══════════════════════════════════════════════════════════
[2026-02-07T01:49:46.092Z] [INFO   ] [PASSO 289]   Processando Card 37/75...
[2026-02-07T01:49:46.207Z] [SUCCESS] [PASSO 290]   ✓ Card 37 extraído:
[2026-02-07T01:49:46.207Z] [INFO   ] [PASSO 291]     Título: Resultado Empate / Ambas Não (rean)
[2026-02-07T01:49:46.208Z] [INFO   ] [PASSO 292]     Percentual: 27.27%
[2026-02-07T01:49:46.208Z] [INFO   ] [PASSO 293]     SG: 1 | G1: 1 | G2: 2
[2026-02-07T01:49:46.209Z] [INFO   ] [PASSO 294] ═══════════════════════════════════════════════════════════
[2026-02-07T01:49:46.209Z] [INFO   ] [PASSO 295]   Processando Card 38/75...
[2026-02-07T01:49:46.323Z] [SUCCESS] [PASSO 296]   ✓ Card 38 extraído:
[2026-02-07T01:49:46.324Z] [INFO   ] [PASSO 297]     Título: 2x0 FT (ft20)
[2026-02-07T01:49:46.324Z] [INFO   ] [PASSO 298]     Percentual: 22.73%
[2026-02-07T01:49:46.325Z] [INFO   ] [PASSO 299]     SG: 3 | G1: 1 | G2: 2
[2026-02-07T01:49:46.325Z] [INFO   ] [PASSO 300] ═══════════════════════════════════════════════════════════
[2026-02-07T01:49:46.326Z] [INFO   ] [PASSO 301]   Processando Card 39/75...
[2026-02-07T01:49:46.441Z] [SUCCESS] [PASSO 302]   ✓ Card 39 extraído:
[2026-02-07T01:49:46.441Z] [INFO   ] [PASSO 303]     Título: 1x0 FT (ft10)
[2026-02-07T01:49:46.442Z] [INFO   ] [PASSO 304]     Percentual: 18.18%
[2026-02-07T01:49:46.442Z] [INFO   ] [PASSO 305]     SG: 3 | G1: 1 | G2: 2
[2026-02-07T01:49:46.443Z] [INFO   ] [PASSO 306] ═══════════════════════════════════════════════════════════
[2026-02-07T01:49:46.443Z] [INFO   ] [PASSO 307]   Processando Card 40/75...
[2026-02-07T01:49:46.559Z] [SUCCESS] [PASSO 308]   ✓ Card 40 extraído:
[2026-02-07T01:49:46.560Z] [INFO   ] [PASSO 309]     Título: 2x1 FT (ft21)
[2026-02-07T01:49:46.560Z] [INFO   ] [PASSO 310]     Percentual: 18.18%
[2026-02-07T01:49:46.561Z] [INFO   ] [PASSO 311]     SG: 1 | G1: 1 | G2: 2
[2026-02-07T01:49:46.561Z] [INFO   ] [PASSO 312] ═══════════════════════════════════════════════════════════
[2026-02-07T01:49:46.562Z] [INFO   ] [PASSO 313]   Processando Card 41/75...
[2026-02-07T01:49:46.712Z] [SUCCESS] [PASSO 314]   ✓ Card 41 extraído:
[2026-02-07T01:49:46.713Z] [INFO   ] [PASSO 315]     Título: 3x1 FT (ft31)
[2026-02-07T01:49:46.713Z] [INFO   ] [PASSO 316]     Percentual: 18.18%
[2026-02-07T01:49:46.713Z] [INFO   ] [PASSO 317]     SG: 2 | G1: 1 | G2: 2
[2026-02-07T01:49:46.714Z] [INFO   ] [PASSO 318] ═══════════════════════════════════════════════════════════
[2026-02-07T01:49:46.714Z] [INFO   ] [PASSO 319]   Processando Card 42/75...
[2026-02-07T01:49:46.835Z] [SUCCESS] [PASSO 320]   ✓ Card 42 extraído:
[2026-02-07T01:49:46.835Z] [INFO   ] [PASSO 321]     Título: 0x3 FT (ft03)
[2026-02-07T01:49:46.836Z] [INFO   ] [PASSO 322]     Percentual: 18.18%
[2026-02-07T01:49:46.836Z] [INFO   ] [PASSO 323]     SG: 1 | G1: 1 | G2: 2
[2026-02-07T01:49:46.837Z] [INFO   ] [PASSO 324] ═══════════════════════════════════════════════════════════
[2026-02-07T01:49:46.837Z] [INFO   ] [PASSO 325]   Processando Card 43/75...
[2026-02-07T01:49:46.955Z] [SUCCESS] [PASSO 326]   ✓ Card 43 extraído:
[2026-02-07T01:49:46.956Z] [INFO   ] [PASSO 327]     Título: Over 5+ (o50)
[2026-02-07T01:49:46.956Z] [INFO   ] [PASSO 328]     Percentual: 13.64%
[2026-02-07T01:49:46.957Z] [INFO   ] [PASSO 329]     SG: 0 | G1: 1 | G2: 2
[2026-02-07T01:49:46.957Z] [INFO   ] [PASSO 330] ═══════════════════════════════════════════════════════════
[2026-02-07T01:49:46.958Z] [INFO   ] [PASSO 331]   Processando Card 44/75...
[2026-02-07T01:49:47.074Z] [SUCCESS] [PASSO 332]   ✓ Card 44 extraído:
[2026-02-07T01:49:47.074Z] [INFO   ] [PASSO 333]     Título: 2x2 FT (ft22)
[2026-02-07T01:49:47.075Z] [INFO   ] [PASSO 334]     Percentual: 13.64%
[2026-02-07T01:49:47.075Z] [INFO   ] [PASSO 335]     SG: 2 | G1: 1 | G2: 2
[2026-02-07T01:49:47.076Z] [INFO   ] [PASSO 336] ═══════════════════════════════════════════════════════════
[2026-02-07T01:49:47.076Z] [INFO   ] [PASSO 337]   Processando Card 45/75...
[2026-02-07T01:49:47.195Z] [SUCCESS] [PASSO 338]   ✓ Card 45 extraído:
[2026-02-07T01:49:47.196Z] [INFO   ] [PASSO 339]     Título: 0x2 HT (ht02)
[2026-02-07T01:49:47.197Z] [INFO   ] [PASSO 340]     Percentual: 13.64%
[2026-02-07T01:49:47.197Z] [INFO   ] [PASSO 341]     SG: 1 | G1: 1 | G2: 2
[2026-02-07T01:49:47.198Z] [INFO   ] [PASSO 342] ═══════════════════════════════════════════════════════════
[2026-02-07T01:49:47.198Z] [INFO   ] [PASSO 343]   Processando Card 46/75...
[2026-02-07T01:49:47.318Z] [SUCCESS] [PASSO 344]   ✓ Card 46 extraído:
[2026-02-07T01:49:47.318Z] [INFO   ] [PASSO 345]     Título: Outros HT (out)
[2026-02-07T01:49:47.319Z] [INFO   ] [PASSO 346]     Percentual: 13.64%
[2026-02-07T01:49:47.319Z] [INFO   ] [PASSO 347]     SG: 1 | G1: 1 | G2: 2
[2026-02-07T01:49:47.320Z] [INFO   ] [PASSO 348] ═══════════════════════════════════════════════════════════
[2026-02-07T01:49:47.320Z] [INFO   ] [PASSO 349]   Processando Card 47/75...
[2026-02-07T01:49:47.434Z] [SUCCESS] [PASSO 350]   ✓ Card 47 extraído:
[2026-02-07T01:49:47.435Z] [INFO   ] [PASSO 351]     Título: 5+ Gols (ge5)
[2026-02-07T01:49:47.435Z] [INFO   ] [PASSO 352]     Percentual: 9.09%
[2026-02-07T01:49:47.436Z] [INFO   ] [PASSO 353]     SG: 0 | G1: 1 | G2: 2
[2026-02-07T01:49:47.436Z] [INFO   ] [PASSO 354] ═══════════════════════════════════════════════════════════
[2026-02-07T01:49:47.437Z] [INFO   ] [PASSO 355]   Processando Card 48/75...
[2026-02-07T01:49:47.553Z] [SUCCESS] [PASSO 356]   ✓ Card 48 extraído:
[2026-02-07T01:49:47.554Z] [INFO   ] [PASSO 357]     Título: 0x2 FT (ft02)
[2026-02-07T01:49:47.555Z] [INFO   ] [PASSO 358]     Percentual: 9.09%
[2026-02-07T01:49:47.555Z] [INFO   ] [PASSO 359]     SG: 0 | G1: 1 | G2: 2
[2026-02-07T01:49:47.556Z] [INFO   ] [PASSO 360] ═══════════════════════════════════════════════════════════
[2026-02-07T01:49:47.556Z] [INFO   ] [PASSO 361]   Processando Card 49/75...
[2026-02-07T01:49:47.675Z] [SUCCESS] [PASSO 362]   ✓ Card 49 extraído:
[2026-02-07T01:49:47.675Z] [INFO   ] [PASSO 363]     Título: 1x3 FT (ft13)
[2026-02-07T01:49:47.676Z] [INFO   ] [PASSO 364]     Percentual: 9.09%
[2026-02-07T01:49:47.676Z] [INFO   ] [PASSO 365]     SG: 1 | G1: 1 | G2: 2
[2026-02-07T01:49:47.677Z] [INFO   ] [PASSO 366] ═══════════════════════════════════════════════════════════
[2026-02-07T01:49:47.677Z] [INFO   ] [PASSO 367]   Processando Card 50/75...
[2026-02-07T01:49:47.798Z] [SUCCESS] [PASSO 368]   ✓ Card 50 extraído:
[2026-02-07T01:49:47.799Z] [INFO   ] [PASSO 369]     Título: Viradinha (vira)
[2026-02-07T01:49:47.800Z] [INFO   ] [PASSO 370]     Percentual: 9.09%
[2026-02-07T01:49:47.800Z] [INFO   ] [PASSO 371]     SG: 0 | G1: 1 | G2: 2
[2026-02-07T01:49:47.801Z] [INFO   ] [PASSO 372] ═══════════════════════════════════════════════════════════
[2026-02-07T01:49:47.801Z] [INFO   ] [PASSO 373]   Processando Card 51/75...
[2026-02-07T01:49:47.936Z] [SUCCESS] [PASSO 374]   ✓ Card 51 extraído:
[2026-02-07T01:49:47.937Z] [INFO   ] [PASSO 375]     Título: 3x2 FT (ft32)
[2026-02-07T01:49:47.937Z] [INFO   ] [PASSO 376]     Percentual: 4.55%
[2026-02-07T01:49:47.938Z] [INFO   ] [PASSO 377]     SG: 0 | G1: 1 | G2: 2
[2026-02-07T01:49:47.938Z] [INFO   ] [PASSO 378] ═══════════════════════════════════════════════════════════
[2026-02-07T01:49:47.939Z] [INFO   ] [PASSO 379]   Processando Card 52/75...
[2026-02-07T01:49:48.063Z] [SUCCESS] [PASSO 380]   ✓ Card 52 extraído:
[2026-02-07T01:49:48.064Z] [INFO   ] [PASSO 381]     Título: 2x3 FT (ft23)
[2026-02-07T01:49:48.065Z] [INFO   ] [PASSO 382]     Percentual: 4.55%
[2026-02-07T01:49:48.065Z] [INFO   ] [PASSO 383]     SG: 0 | G1: 1 | G2: 2
[2026-02-07T01:49:48.065Z] [INFO   ] [PASSO 384] ═══════════════════════════════════════════════════════════
[2026-02-07T01:49:48.066Z] [INFO   ] [PASSO 385]   Processando Card 53/75...
[2026-02-07T01:49:48.188Z] [SUCCESS] [PASSO 386]   ✓ Card 53 extraído:
[2026-02-07T01:49:48.189Z] [INFO   ] [PASSO 387]     Título: 5+ Visitante (ft50_f)
[2026-02-07T01:49:48.189Z] [INFO   ] [PASSO 388]     Percentual: 4.55%
[2026-02-07T01:49:48.190Z] [INFO   ] [PASSO 389]     SG: 0 | G1: 1 | G2: 2
[2026-02-07T01:49:48.190Z] [INFO   ] [PASSO 390] ═══════════════════════════════════════════════════════════
[2026-02-07T01:49:48.191Z] [INFO   ] [PASSO 391]   Processando Card 54/75...
[2026-02-07T01:49:48.306Z] [SUCCESS] [PASSO 392]   ✓ Card 54 extraído:
[2026-02-07T01:49:48.307Z] [INFO   ] [PASSO 393]     Título: 2x0 HT (ht20)
[2026-02-07T01:49:48.307Z] [INFO   ] [PASSO 394]     Percentual: 4.55%
[2026-02-07T01:49:48.308Z] [INFO   ] [PASSO 395]     SG: 1 | G1: 1 | G2: 2
[2026-02-07T01:49:48.308Z] [INFO   ] [PASSO 396] ═══════════════════════════════════════════════════════════
[2026-02-07T01:49:48.309Z] [INFO   ] [PASSO 397]   Processando Card 55/75...
[2026-02-07T01:49:48.427Z] [SUCCESS] [PASSO 398]   ✓ Card 55 extraído:
[2026-02-07T01:49:48.428Z] [INFO   ] [PASSO 399]     Título: 3x0 FT (ft30)
[2026-02-07T01:49:48.428Z] [INFO   ] [PASSO 400]     Percentual: 0.00%
[2026-02-07T01:49:48.429Z] [INFO   ] [PASSO 401]     SG: 0 | G1: 1 | G2: 2
[2026-02-07T01:49:48.429Z] [INFO   ] [PASSO 402] ═══════════════════════════════════════════════════════════
[2026-02-07T01:49:48.429Z] [INFO   ] [PASSO 403]   Processando Card 56/75...
[2026-02-07T01:49:48.546Z] [SUCCESS] [PASSO 404]   ✓ Card 56 extraído:
[2026-02-07T01:49:48.547Z] [INFO   ] [PASSO 405]     Título: 4x0 FT (ft40)
[2026-02-07T01:49:48.547Z] [INFO   ] [PASSO 406]     Percentual: 0.00%
[2026-02-07T01:49:48.548Z] [INFO   ] [PASSO 407]     SG: 0 | G1: 1 | G2: 2
[2026-02-07T01:49:48.548Z] [INFO   ] [PASSO 408] ═══════════════════════════════════════════════════════════
[2026-02-07T01:49:48.549Z] [INFO   ] [PASSO 409]   Processando Card 57/75...
[2026-02-07T01:49:48.668Z] [SUCCESS] [PASSO 410]   ✓ Card 57 extraído:
[2026-02-07T01:49:48.668Z] [INFO   ] [PASSO 411]     Título: 4x1 FT (ft41)
[2026-02-07T01:49:48.669Z] [INFO   ] [PASSO 412]     Percentual: 0.00%
[2026-02-07T01:49:48.669Z] [INFO   ] [PASSO 413]     SG: 0 | G1: 1 | G2: 2
[2026-02-07T01:49:48.670Z] [INFO   ] [PASSO 414] ═══════════════════════════════════════════════════════════
[2026-02-07T01:49:48.670Z] [INFO   ] [PASSO 415]   Processando Card 58/75...
[2026-02-07T01:49:48.789Z] [SUCCESS] [PASSO 416]   ✓ Card 58 extraído:
[2026-02-07T01:49:48.790Z] [INFO   ] [PASSO 417]     Título: 4x2 FT (ft42)
[2026-02-07T01:49:48.790Z] [INFO   ] [PASSO 418]     Percentual: 0.00%
[2026-02-07T01:49:48.791Z] [INFO   ] [PASSO 419]     SG: 0 | G1: 1 | G2: 2
[2026-02-07T01:49:48.791Z] [INFO   ] [PASSO 420] ═══════════════════════════════════════════════════════════
[2026-02-07T01:49:48.792Z] [INFO   ] [PASSO 421]   Processando Card 59/75...
[2026-02-07T01:49:48.912Z] [SUCCESS] [PASSO 422]   ✓ Card 59 extraído:
[2026-02-07T01:49:48.913Z] [INFO   ] [PASSO 423]     Título: 4x3 FT (ft43)
[2026-02-07T01:49:48.913Z] [INFO   ] [PASSO 424]     Percentual: 0.00%
[2026-02-07T01:49:48.914Z] [INFO   ] [PASSO 425]     SG: 0 | G1: 1 | G2: 2
[2026-02-07T01:49:48.914Z] [INFO   ] [PASSO 426] ═══════════════════════════════════════════════════════════
[2026-02-07T01:49:48.915Z] [INFO   ] [PASSO 427]   Processando Card 60/75...
[2026-02-07T01:49:49.031Z] [SUCCESS] [PASSO 428]   ✓ Card 60 extraído:
[2026-02-07T01:49:49.032Z] [INFO   ] [PASSO 429]     Título: 5+ Casa (ft50_c)
[2026-02-07T01:49:49.032Z] [INFO   ] [PASSO 430]     Percentual: 0.00%
[2026-02-07T01:49:49.032Z] [INFO   ] [PASSO 431]     SG: 0 | G1: 1 | G2: 2
[2026-02-07T01:49:49.033Z] [INFO   ] [PASSO 432] ═══════════════════════════════════════════════════════════
[2026-02-07T01:49:49.033Z] [INFO   ] [PASSO 433]   Processando Card 61/75...
[2026-02-07T01:49:49.147Z] [SUCCESS] [PASSO 434]   ✓ Card 61 extraído:
[2026-02-07T01:49:49.148Z] [INFO   ] [PASSO 435]     Título: 3x3 FT (ft33)
[2026-02-07T01:49:49.148Z] [INFO   ] [PASSO 436]     Percentual: 0.00%
[2026-02-07T01:49:49.149Z] [INFO   ] [PASSO 437]     SG: 0 | G1: 1 | G2: 2
[2026-02-07T01:49:49.149Z] [INFO   ] [PASSO 438] ═══════════════════════════════════════════════════════════
[2026-02-07T01:49:49.150Z] [INFO   ] [PASSO 439]   Processando Card 62/75...
[2026-02-07T01:49:49.289Z] [SUCCESS] [PASSO 440]   ✓ Card 62 extraído:
[2026-02-07T01:49:49.290Z] [INFO   ] [PASSO 441]     Título: 4x4 FT (ft44)
[2026-02-07T01:49:49.290Z] [INFO   ] [PASSO 442]     Percentual: 0.00%
[2026-02-07T01:49:49.291Z] [INFO   ] [PASSO 443]     SG: 0 | G1: 1 | G2: 2
[2026-02-07T01:49:49.291Z] [INFO   ] [PASSO 444] ═══════════════════════════════════════════════════════════
[2026-02-07T01:49:49.292Z] [INFO   ] [PASSO 445]   Processando Card 63/75...
[2026-02-07T01:49:49.406Z] [SUCCESS] [PASSO 446]   ✓ Card 63 extraído:
[2026-02-07T01:49:49.407Z] [INFO   ] [PASSO 447]     Título: 5+ Empate (ft50_e)
[2026-02-07T01:49:49.407Z] [INFO   ] [PASSO 448]     Percentual: 0.00%
[2026-02-07T01:49:49.407Z] [INFO   ] [PASSO 449]     SG: 0 | G1: 1 | G2: 2
[2026-02-07T01:49:49.408Z] [INFO   ] [PASSO 450] ═══════════════════════════════════════════════════════════
[2026-02-07T01:49:49.408Z] [INFO   ] [PASSO 451]   Processando Card 64/75...
[2026-02-07T01:49:49.524Z] [SUCCESS] [PASSO 452]   ✓ Card 64 extraído:
[2026-02-07T01:49:49.525Z] [INFO   ] [PASSO 453]     Título: 0x4 FT (ft04)
[2026-02-07T01:49:49.525Z] [INFO   ] [PASSO 454]     Percentual: 0.00%
[2026-02-07T01:49:49.526Z] [INFO   ] [PASSO 455]     SG: 0 | G1: 1 | G2: 2
[2026-02-07T01:49:49.526Z] [INFO   ] [PASSO 456] ═══════════════════════════════════════════════════════════
[2026-02-07T01:49:49.527Z] [INFO   ] [PASSO 457]   Processando Card 65/75...
[2026-02-07T01:49:49.642Z] [SUCCESS] [PASSO 458]   ✓ Card 65 extraído:
[2026-02-07T01:49:49.642Z] [INFO   ] [PASSO 459]     Título: 1x4 FT (ft14)
[2026-02-07T01:49:49.643Z] [INFO   ] [PASSO 460]     Percentual: 0.00%
[2026-02-07T01:49:49.643Z] [INFO   ] [PASSO 461]     SG: 0 | G1: 1 | G2: 2
[2026-02-07T01:49:49.644Z] [INFO   ] [PASSO 462] ═══════════════════════════════════════════════════════════
[2026-02-07T01:49:49.644Z] [INFO   ] [PASSO 463]   Processando Card 66/75...
[2026-02-07T01:49:49.761Z] [SUCCESS] [PASSO 464]   ✓ Card 66 extraído:
[2026-02-07T01:49:49.762Z] [INFO   ] [PASSO 465]     Título: 2x4 FT (ft24)
[2026-02-07T01:49:49.762Z] [INFO   ] [PASSO 466]     Percentual: 0.00%
[2026-02-07T01:49:49.763Z] [INFO   ] [PASSO 467]     SG: 0 | G1: 1 | G2: 2
[2026-02-07T01:49:49.763Z] [INFO   ] [PASSO 468] ═══════════════════════════════════════════════════════════
[2026-02-07T01:49:49.764Z] [INFO   ] [PASSO 469]   Processando Card 67/75...
[2026-02-07T01:49:49.877Z] [SUCCESS] [PASSO 470]   ✓ Card 67 extraído:
[2026-02-07T01:49:49.878Z] [INFO   ] [PASSO 471]     Título: 3x4 FT (ft34)
[2026-02-07T01:49:49.879Z] [INFO   ] [PASSO 472]     Percentual: 0.00%
[2026-02-07T01:49:49.879Z] [INFO   ] [PASSO 473]     SG: 0 | G1: 1 | G2: 2
[2026-02-07T01:49:49.880Z] [INFO   ] [PASSO 474] ═══════════════════════════════════════════════════════════
[2026-02-07T01:49:49.880Z] [INFO   ] [PASSO 475]   Processando Card 68/75...
[2026-02-07T01:49:49.995Z] [SUCCESS] [PASSO 476]   ✓ Card 68 extraído:
[2026-02-07T01:49:49.996Z] [INFO   ] [PASSO 477]     Título: Handicap Casa (hac)
[2026-02-07T01:49:49.996Z] [INFO   ] [PASSO 478]     Percentual: 0.00%
[2026-02-07T01:49:49.996Z] [INFO   ] [PASSO 479]     SG: 0 | G1: 1 | G2: 2
[2026-02-07T01:49:49.997Z] [INFO   ] [PASSO 480] ═══════════════════════════════════════════════════════════
[2026-02-07T01:49:49.997Z] [INFO   ] [PASSO 481]   Processando Card 69/75...
[2026-02-07T01:49:50.112Z] [SUCCESS] [PASSO 482]   ✓ Card 69 extraído:
[2026-02-07T01:49:50.113Z] [INFO   ] [PASSO 483]     Título: Handicap Visitante (hav)
[2026-02-07T01:49:50.113Z] [INFO   ] [PASSO 484]     Percentual: 0.00%
[2026-02-07T01:49:50.114Z] [INFO   ] [PASSO 485]     SG: 0 | G1: 1 | G2: 2
[2026-02-07T01:49:50.114Z] [INFO   ] [PASSO 486] ═══════════════════════════════════════════════════════════
[2026-02-07T01:49:50.115Z] [INFO   ] [PASSO 487]   Processando Card 70/75...
[2026-02-07T01:49:50.230Z] [SUCCESS] [PASSO 488]   ✓ Card 70 extraído:
[2026-02-07T01:49:50.230Z] [INFO   ] [PASSO 489]     Título: Over 0.5 (o05)
[2026-02-07T01:49:50.231Z] [INFO   ] [PASSO 490]     Percentual: 100.00%
[2026-02-07T01:49:50.231Z] [INFO   ] [PASSO 491]     SG: 21 | G1: 1 | G2: 2
[2026-02-07T01:49:50.232Z] [INFO   ] [PASSO 492] ═══════════════════════════════════════════════════════════
[2026-02-07T01:49:50.232Z] [INFO   ] [PASSO 493]   Processando Card 71/75...
[2026-02-07T01:49:50.352Z] [SUCCESS] [PASSO 494]   ✓ Card 71 extraído:
[2026-02-07T01:49:50.353Z] [INFO   ] [PASSO 495]     Título: Over 1.5 (o15)
[2026-02-07T01:49:50.353Z] [INFO   ] [PASSO 496]     Percentual: 100.00%
[2026-02-07T01:49:50.354Z] [INFO   ] [PASSO 497]     SG: 16 | G1: 1 | G2: 2
[2026-02-07T01:49:50.354Z] [INFO   ] [PASSO 498] ═══════════════════════════════════════════════════════════
[2026-02-07T01:49:50.355Z] [INFO   ] [PASSO 499]   Processando Card 72/75...
[2026-02-07T01:49:50.467Z] [SUCCESS] [PASSO 500]   ✓ Card 72 extraído:
[2026-02-07T01:49:50.467Z] [INFO   ] [PASSO 501]     Título: Under 3.5 (u35)
[2026-02-07T01:49:50.468Z] [INFO   ] [PASSO 502]     Percentual: 100.00%
[2026-02-07T01:49:50.469Z] [INFO   ] [PASSO 503]     SG: 17 | G1: 1 | G2: 2
[2026-02-07T01:49:50.469Z] [INFO   ] [PASSO 504] ═══════════════════════════════════════════════════════════
[2026-02-07T01:49:50.469Z] [INFO   ] [PASSO 505]   Processando Card 73/75...
[2026-02-07T01:49:50.587Z] [SUCCESS] [PASSO 506]   ✓ Card 73 extraído:
[2026-02-07T01:49:50.587Z] [INFO   ] [PASSO 507]     Título: Under 2.5 (u25)
[2026-02-07T01:49:50.588Z] [INFO   ] [PASSO 508]     Percentual: 95.45%
[2026-02-07T01:49:50.588Z] [INFO   ] [PASSO 509]     SG: 11 | G1: 1 | G2: 2
[2026-02-07T01:49:50.589Z] [INFO   ] [PASSO 510] ═══════════════════════════════════════════════════════════
[2026-02-07T01:49:50.589Z] [INFO   ] [PASSO 511]   Processando Card 74/75...
[2026-02-07T01:49:50.707Z] [SUCCESS] [PASSO 512]   ✓ Card 74 extraído:
[2026-02-07T01:49:50.707Z] [INFO   ] [PASSO 513]     Título: Under 1.5 (u15)
[2026-02-07T01:49:50.708Z] [INFO   ] [PASSO 514]     Percentual: 68.18%
[2026-02-07T01:49:50.708Z] [INFO   ] [PASSO 515]     SG: 6 | G1: 1 | G2: 2
[2026-02-07T01:49:50.709Z] [INFO   ] [PASSO 516] ═══════════════════════════════════════════════════════════
[2026-02-07T01:49:50.709Z] [INFO   ] [PASSO 517]   Processando Card 75/75...
[2026-02-07T01:49:50.823Z] [SUCCESS] [PASSO 518]   ✓ Card 75 extraído:
[2026-02-07T01:49:50.824Z] [INFO   ] [PASSO 519]     Título: Under 0.5 (u05)
[2026-02-07T01:49:50.825Z] [INFO   ] [PASSO 520]     Percentual: 27.27%
[2026-02-07T01:49:50.825Z] [INFO   ] [PASSO 521]     SG: 1 | G1: 1 | G2: 2
[2026-02-07T01:49:50.825Z] [INFO   ] [PASSO 522] ═══════════════════════════════════════════════════════════
[2026-02-07T01:49:50.826Z] [INFO   ] [PASSO 523] SALVANDO CARDS NO BANCO DE DADOS...
[2026-02-07T01:49:50.826Z] [INFO   ] [PASSO 524]   Total de cards para inserir: 75
[2026-02-07T01:49:50.827Z] [INFO   ] [PASSO 525]   API URL: http://localhost:5000/api/resultados-cards/inserir-lote
[2026-02-07T01:49:50.827Z] [INFO   ] [PASSO 526]   Enviando 75 cards para API...
[2026-02-07T01:49:50.828Z] [DEBUG  ] [PASSO 527]   Dados: [{"titulo":"Ambas Marcam Sim (ambs)","padroes":"22/22","percentual":"100.00%","sg":12,"g1":1,"g2":2,"data_hora_busca":"2026-02-07T01:49:41.988Z"},{"titulo":"Casa Marca Sim (cms)","padroes":"22/22","percentual":"100.00%","sg":18,"g1":1,"g2":2,"data_hora_busca":"2026-02-07T01:49:42.112Z"},{"titulo":"V...
[2026-02-07T01:49:50.834Z] [BROWSER-ERROR] [PASSO 528] Console Error: Failed to load resource: the server responded with a status of 404 (Not Found)
[2026-02-07T01:49:50.836Z] [DEBUG  ] [PASSO 529]   Resposta da API: {"success":false,"error":"HTTP Error: 404"}
[2026-02-07T01:49:50.836Z] [ERROR  ] [PASSO 530] Erro ao salvar cards: HTTP Error: 404
[2026-02-07T01:49:50.837Z] [INFO   ] [PASSO 531] ═══════════════════════════════════════════════════════════
[2026-02-07T01:49:50.838Z] [INFO   ] [PASSO 532] RESUMO DA EXTRAÇÃO:
[2026-02-07T01:49:50.838Z] [INFO   ] [PASSO 533]   Total de cards processados: 75
[2026-02-07T01:49:50.839Z] [INFO   ] [PASSO 534]   Cards inseridos no banco: 0
[2026-02-07T01:49:50.839Z] [INFO   ] [PASSO 535]   Timestamp: 2026-02-07T01:49:41.870Z
[2026-02-07T01:50:00.036Z] [SUCCESS] [PASSO 536] Extraídos 75 cards com sucesso
[2026-02-07T01:50:03.814Z] [INFO   ] [PASSO 537] Card 1: Ambas Marcam Sim (ambs) | Percentual: 100.00% | SG: 12 | G1: 1 | G2: 2
[2026-02-07T01:50:03.815Z] [INFO   ] [PASSO 538] Card 2: Casa Marca Sim (cms) | Percentual: 100.00% | SG: 18 | G1: 1 | G2: 2
[2026-02-07T01:50:03.815Z] [INFO   ] [PASSO 539] Card 3: Visitante Marca Sim (vms) | Percentual: 100.00% | SG: 15 | G1: 1 | G2: 2
[2026-02-07T01:50:03.816Z] [INFO   ] [PASSO 540] Card 4: [HT] Empate (hte) | Percentual: 90.91% | SG: 12 | G1: 1 | G2: 2
[2026-02-07T01:50:03.816Z] [INFO   ] [PASSO 541] Card 5: Visitante (pmv) | Percentual: 90.91% | SG: 12 | G1: 1 | G2: 2
[2026-02-07T01:50:03.817Z] [INFO   ] [PASSO 542] Card 6: Over 2.5 (o25) | Percentual: 86.36% | SG: 11 | G1: 1 | G2: 2
[2026-02-07T01:50:03.817Z] [INFO   ] [PASSO 543] Card 7: Ambas Não Marcam (ambn) | Percentual: 81.82% | SG: 10 | G1: 1 | G2: 2
[2026-02-07T01:50:03.817Z] [INFO   ] [PASSO 544] Card 8: 0x0 HT (ht00) | Percentual: 81.82% | SG: 7 | G1: 1 | G2: 2
[2026-02-07T01:50:03.818Z] [INFO   ] [PASSO 545] Card 9: Visitante (umv) | Percentual: 77.27% | SG: 7 | G1: 1 | G2: 2
[2026-02-07T01:50:03.818Z] [INFO   ] [PASSO 546] Card 10: Vencedor Visitante (ftv) | Percentual: 72.73% | SG: 8 | G1: 1 | G2: 2
[2026-02-07T01:50:03.819Z] [INFO   ] [PASSO 547] Card 11: Casa Não Marca (cmn) | Percentual: 68.18% | SG: 4 | G1: 1 | G2: 2
[2026-02-07T01:50:03.819Z] [INFO   ] [PASSO 548] Card 12: Empate (fte) | Percentual: 68.18% | SG: 5 | G1: 1 | G2: 2
[2026-02-07T01:50:03.820Z] [INFO   ] [PASSO 549] Card 13: Casa (pmc) | Percentual: 68.18% | SG: 9 | G1: 1 | G2: 2
[2026-02-07T01:50:03.820Z] [INFO   ] [PASSO 550] Card 14: Casa (umc) | Percentual: 68.18% | SG: 14 | G1: 1 | G2: 2
[2026-02-07T01:50:03.821Z] [INFO   ] [PASSO 551] Card 15: 2 Gols (ge2) | Percentual: 63.64% | SG: 5 | G1: 1 | G2: 2
[2026-02-07T01:50:03.821Z] [INFO   ] [PASSO 552] Card 16: Visitante Não Marca (vmn) | Percentual: 59.09% | SG: 7 | G1: 1 | G2: 2
[2026-02-07T01:50:03.821Z] [INFO   ] [PASSO 553] Card 17: Vencedor Casa (ftc) | Percentual: 59.09% | SG: 9 | G1: 1 | G2: 2
[2026-02-07T01:50:03.822Z] [INFO   ] [PASSO 554] Card 18: Resultado Empate / Ambas Sim (reas) | Percentual: 59.09% | SG: 4 | G1: 1 | G2: 2
[2026-02-07T01:50:03.822Z] [INFO   ] [PASSO 555] Card 19: 3 Gols (ge3) | Percentual: 54.55% | SG: 6 | G1: 1 | G2: 2
[2026-02-07T01:50:03.823Z] [INFO   ] [PASSO 556] Card 20: 1x1 HT (ht11) | Percentual: 54.55% | SG: 5 | G1: 1 | G2: 2
[2026-02-07T01:50:03.823Z] [INFO   ] [PASSO 557] Card 21: Resultado Visitante / Ambas Não (rvan) | Percentual: 54.55% | SG: 3 | G1: 1 | G2: 2
[2026-02-07T01:50:03.824Z] [INFO   ] [PASSO 558] Card 22: Over 3.5 (o35) | Percentual: 50.00% | SG: 5 | G1: 1 | G2: 2
[2026-02-07T01:50:03.824Z] [INFO   ] [PASSO 559] Card 23: [HT] Vencedor Casa (htc) | Percentual: 50.00% | SG: 6 | G1: 1 | G2: 2
[2026-02-07T01:50:03.825Z] [INFO   ] [PASSO 560] Card 24: [HT] Vencedor Visitante (htv) | Percentual: 50.00% | SG: 4 | G1: 1 | G2: 2
[2026-02-07T01:50:03.825Z] [INFO   ] [PASSO 561] Card 25: 1 Gols (ge1) | Percentual: 50.00% | SG: 5 | G1: 1 | G2: 2
[2026-02-07T01:50:03.826Z] [INFO   ] [PASSO 562] Card 26: 1x1 FT (ft11) | Percentual: 45.45% | SG: 2 | G1: 1 | G2: 2
[2026-02-07T01:50:03.826Z] [INFO   ] [PASSO 563] Card 27: Resultado Visitante / Ambas Sim (rvas) | Percentual: 45.45% | SG: 5 | G1: 1 | G2: 2
[2026-02-07T01:50:03.826Z] [INFO   ] [PASSO 564] Card 28: 4 Gols (ge4) | Percentual: 40.91% | SG: 5 | G1: 1 | G2: 2
[2026-02-07T01:50:03.827Z] [INFO   ] [PASSO 565] Card 29: 1x0 HT (ht10) | Percentual: 40.91% | SG: 4 | G1: 1 | G2: 2
[2026-02-07T01:50:03.827Z] [INFO   ] [PASSO 566] Card 30: Resultado Casa / Ambas Não (rcan) | Percentual: 40.91% | SG: 6 | G1: 1 | G2: 2
[2026-02-07T01:50:03.828Z] [INFO   ] [PASSO 567] Card 31: 0x1 FT (ft01) | Percentual: 36.36% | SG: 2 | G1: 1 | G2: 2
[2026-02-07T01:50:03.828Z] [INFO   ] [PASSO 568] Card 32: Resultado Casa / Ambas Sim (rcas) | Percentual: 36.36% | SG: 3 | G1: 1 | G2: 2
[2026-02-07T01:50:03.829Z] [INFO   ] [PASSO 569] Card 33: 1x2 FT (ft12) | Percentual: 31.82% | SG: 4 | G1: 1 | G2: 2
[2026-02-07T01:50:03.829Z] [INFO   ] [PASSO 570] Card 34: 0x1 HT (ht01) | Percentual: 31.82% | SG: 3 | G1: 1 | G2: 2
[2026-02-07T01:50:03.829Z] [INFO   ] [PASSO 571] Card 35: 0 Gols (ge0) | Percentual: 27.27% | SG: 1 | G1: 1 | G2: 2
[2026-02-07T01:50:03.830Z] [INFO   ] [PASSO 572] Card 36: 0x0 FT (ft00) | Percentual: 27.27% | SG: 1 | G1: 1 | G2: 2
[2026-02-07T01:50:03.830Z] [INFO   ] [PASSO 573] Card 37: Resultado Empate / Ambas Não (rean) | Percentual: 27.27% | SG: 1 | G1: 1 | G2: 2
[2026-02-07T01:50:03.831Z] [INFO   ] [PASSO 574] Card 38: 2x0 FT (ft20) | Percentual: 22.73% | SG: 3 | G1: 1 | G2: 2
[2026-02-07T01:50:03.831Z] [INFO   ] [PASSO 575] Card 39: 1x0 FT (ft10) | Percentual: 18.18% | SG: 3 | G1: 1 | G2: 2
[2026-02-07T01:50:03.831Z] [INFO   ] [PASSO 576] Card 40: 2x1 FT (ft21) | Percentual: 18.18% | SG: 1 | G1: 1 | G2: 2
[2026-02-07T01:50:03.832Z] [INFO   ] [PASSO 577] Card 41: 3x1 FT (ft31) | Percentual: 18.18% | SG: 2 | G1: 1 | G2: 2
[2026-02-07T01:50:03.832Z] [INFO   ] [PASSO 578] Card 42: 0x3 FT (ft03) | Percentual: 18.18% | SG: 1 | G1: 1 | G2: 2
[2026-02-07T01:50:03.833Z] [INFO   ] [PASSO 579] Card 43: Over 5+ (o50) | Percentual: 13.64% | SG: 0 | G1: 1 | G2: 2
[2026-02-07T01:50:03.833Z] [INFO   ] [PASSO 580] Card 44: 2x2 FT (ft22) | Percentual: 13.64% | SG: 2 | G1: 1 | G2: 2
[2026-02-07T01:50:03.834Z] [INFO   ] [PASSO 581] Card 45: 0x2 HT (ht02) | Percentual: 13.64% | SG: 1 | G1: 1 | G2: 2
[2026-02-07T01:50:03.834Z] [INFO   ] [PASSO 582] Card 46: Outros HT (out) | Percentual: 13.64% | SG: 1 | G1: 1 | G2: 2
[2026-02-07T01:50:03.835Z] [INFO   ] [PASSO 583] Card 47: 5+ Gols (ge5) | Percentual: 9.09% | SG: 0 | G1: 1 | G2: 2
[2026-02-07T01:50:03.835Z] [INFO   ] [PASSO 584] Card 48: 0x2 FT (ft02) | Percentual: 9.09% | SG: 0 | G1: 1 | G2: 2
[2026-02-07T01:50:03.836Z] [INFO   ] [PASSO 585] Card 49: 1x3 FT (ft13) | Percentual: 9.09% | SG: 1 | G1: 1 | G2: 2
[2026-02-07T01:50:03.836Z] [INFO   ] [PASSO 586] Card 50: Viradinha (vira) | Percentual: 9.09% | SG: 0 | G1: 1 | G2: 2
[2026-02-07T01:50:03.837Z] [INFO   ] [PASSO 587] Card 51: 3x2 FT (ft32) | Percentual: 4.55% | SG: 0 | G1: 1 | G2: 2
[2026-02-07T01:50:03.837Z] [INFO   ] [PASSO 588] Card 52: 2x3 FT (ft23) | Percentual: 4.55% | SG: 0 | G1: 1 | G2: 2
[2026-02-07T01:50:03.838Z] [INFO   ] [PASSO 589] Card 53: 5+ Visitante (ft50_f) | Percentual: 4.55% | SG: 0 | G1: 1 | G2: 2
[2026-02-07T01:50:03.838Z] [INFO   ] [PASSO 590] Card 54: 2x0 HT (ht20) | Percentual: 4.55% | SG: 1 | G1: 1 | G2: 2
[2026-02-07T01:50:03.838Z] [INFO   ] [PASSO 591] Card 55: 3x0 FT (ft30) | Percentual: 0.00% | SG: 0 | G1: 1 | G2: 2
[2026-02-07T01:50:03.839Z] [INFO   ] [PASSO 592] Card 56: 4x0 FT (ft40) | Percentual: 0.00% | SG: 0 | G1: 1 | G2: 2
[2026-02-07T01:50:03.839Z] [INFO   ] [PASSO 593] Card 57: 4x1 FT (ft41) | Percentual: 0.00% | SG: 0 | G1: 1 | G2: 2
[2026-02-07T01:50:03.840Z] [INFO   ] [PASSO 594] Card 58: 4x2 FT (ft42) | Percentual: 0.00% | SG: 0 | G1: 1 | G2: 2
[2026-02-07T01:50:03.840Z] [INFO   ] [PASSO 595] Card 59: 4x3 FT (ft43) | Percentual: 0.00% | SG: 0 | G1: 1 | G2: 2
[2026-02-07T01:50:03.841Z] [INFO   ] [PASSO 596] Card 60: 5+ Casa (ft50_c) | Percentual: 0.00% | SG: 0 | G1: 1 | G2: 2
[2026-02-07T01:50:03.842Z] [INFO   ] [PASSO 597] Card 61: 3x3 FT (ft33) | Percentual: 0.00% | SG: 0 | G1: 1 | G2: 2
[2026-02-07T01:50:03.843Z] [INFO   ] [PASSO 598] Card 62: 4x4 FT (ft44) | Percentual: 0.00% | SG: 0 | G1: 1 | G2: 2
[2026-02-07T01:50:03.843Z] [INFO   ] [PASSO 599] Card 63: 5+ Empate (ft50_e) | Percentual: 0.00% | SG: 0 | G1: 1 | G2: 2
[2026-02-07T01:50:03.844Z] [INFO   ] [PASSO 600] Card 64: 0x4 FT (ft04) | Percentual: 0.00% | SG: 0 | G1: 1 | G2: 2
[2026-02-07T01:50:03.844Z] [INFO   ] [PASSO 601] Card 65: 1x4 FT (ft14) | Percentual: 0.00% | SG: 0 | G1: 1 | G2: 2
[2026-02-07T01:50:03.844Z] [INFO   ] [PASSO 602] Card 66: 2x4 FT (ft24) | Percentual: 0.00% | SG: 0 | G1: 1 | G2: 2
[2026-02-07T01:50:03.845Z] [INFO   ] [PASSO 603] Card 67: 3x4 FT (ft34) | Percentual: 0.00% | SG: 0 | G1: 1 | G2: 2
[2026-02-07T01:50:03.845Z] [INFO   ] [PASSO 604] Card 68: Handicap Casa (hac) | Percentual: 0.00% | SG: 0 | G1: 1 | G2: 2
[2026-02-07T01:50:03.846Z] [INFO   ] [PASSO 605] Card 69: Handicap Visitante (hav) | Percentual: 0.00% | SG: 0 | G1: 1 | G2: 2
[2026-02-07T01:50:03.847Z] [INFO   ] [PASSO 606] Card 70: Over 0.5 (o05) | Percentual: 100.00% | SG: 21 | G1: 1 | G2: 2
[2026-02-07T01:50:03.847Z] [INFO   ] [PASSO 607] Card 71: Over 1.5 (o15) | Percentual: 100.00% | SG: 16 | G1: 1 | G2: 2
[2026-02-07T01:50:03.848Z] [INFO   ] [PASSO 608] Card 72: Under 3.5 (u35) | Percentual: 100.00% | SG: 17 | G1: 1 | G2: 2
[2026-02-07T01:50:03.848Z] [INFO   ] [PASSO 609] Card 73: Under 2.5 (u25) | Percentual: 95.45% | SG: 11 | G1: 1 | G2: 2
[2026-02-07T01:50:03.849Z] [INFO   ] [PASSO 610] Card 74: Under 1.5 (u15) | Percentual: 68.18% | SG: 6 | G1: 1 | G2: 2
[2026-02-07T01:50:03.849Z] [INFO   ] [PASSO 611] Card 75: Under 0.5 (u05) | Percentual: 27.27% | SG: 1 | G1: 1 | G2: 2
[2026-02-07T01:50:05.022Z] [SUCCESS] [PASSO 612] ========================================
[2026-02-07T01:50:05.556Z] [SUCCESS] [PASSO 613] BUSCADOR DE PADRÕES CONCLUÍDO COM SUCESSO!
[2026-02-07T01:50:05.798Z] [SUCCESS] [PASSO 614] ========================================
[2026-02-07T01:50:08.996Z] [INFO   ] [PASSO 615] Browser fechado
[2026-02-07T01:50:08.997Z] [INFO   ] [PASSO 616] ========================================
[2026-02-07T01:50:08.998Z] [INFO   ] [PASSO 617] ROBÔ FINALIZADO
[2026-02-07T01:50:08.998Z] [INFO   ] [PASSO 618] Total de passos: 617
[2026-02-07T01:50:08.999Z] [INFO   ] [PASSO 619] ========================================
[2026-02-07T01:56:15.520Z] [INFO   ] [PASSO 1] ========================================
[2026-02-07T01:56:15.521Z] [INFO   ] [PASSO 2] INICIANDO BB TIPS ROBOT
[2026-02-07T01:56:15.522Z] [INFO   ] [PASSO 3] ========================================
[2026-02-07T01:56:15.522Z] [INFO   ] [PASSO 4] URL Base (BB Tips): https://app.bbtips.com.br
[2026-02-07T01:56:15.523Z] [INFO   ] [PASSO 5] API URL (Banco): http://localhost:5000
[2026-02-07T01:56:15.524Z] [INFO   ] [PASSO 6] Email: ****@***.***
[2026-02-07T01:56:15.524Z] [INFO   ] [PASSO 7] Inicializando browser...
[2026-02-07T01:56:16.503Z] [SUCCESS] [PASSO 8] Browser iniciado com sucesso
[2026-02-07T01:56:16.504Z] [INFO   ] [PASSO 9] ---------------------------------------
[2026-02-07T01:56:16.505Z] [INFO   ] [PASSO 10] INICIANDO LOGIN
[2026-02-07T01:56:16.506Z] [INFO   ] [PASSO 11] ---------------------------------------
[2026-02-07T01:56:16.507Z] [INFO   ] [PASSO 12] Navegando para: https://app.bbtips.com.br/login
[2026-02-07T01:56:21.469Z] [DEBUG  ] [PASSO 13] Título da página: BB Tips
[2026-02-07T01:56:21.469Z] [INFO   ] [PASSO 14] Procurando campo de email...
[2026-02-07T01:56:21.487Z] [SUCCESS] [PASSO 15] Campo de email encontrado
[2026-02-07T01:56:21.582Z] [INFO   ] [PASSO 16] Email preenchido
[2026-02-07T01:56:21.583Z] [INFO   ] [PASSO 17] Procurando campo de senha...
[2026-02-07T01:56:21.589Z] [SUCCESS] [PASSO 18] Campo de senha encontrado
[2026-02-07T01:56:21.626Z] [INFO   ] [PASSO 19] Senha preenchida
[2026-02-07T01:56:21.627Z] [INFO   ] [PASSO 20] Procurando botão de login...
[2026-02-07T01:56:21.635Z] [SUCCESS] [PASSO 21] Botão de login encontrado: "Entrar"
[2026-02-07T01:56:21.663Z] [INFO   ] [PASSO 22] Clicou no botão de login, aguardando...
[2026-02-07T01:56:26.670Z] [INFO   ] [PASSO 23] URL atual: https://app.bbtips.com.br/inicio
[2026-02-07T01:56:26.670Z] [SUCCESS] [PASSO 24] Login realizado com sucesso!
[2026-02-07T01:56:26.671Z] [INFO   ] [PASSO 25] URL após login: https://app.bbtips.com.br/inicio
[2026-02-07T01:56:26.671Z] [INFO   ] [PASSO 26] ---------------------------------------
[2026-02-07T01:56:26.672Z] [INFO   ] [PASSO 27] EXECUTANDO BUSCADOR DE PADRÕES
[2026-02-07T01:56:26.672Z] [INFO   ] [PASSO 28] ---------------------------------------
[2026-02-07T01:56:26.673Z] [INFO   ] [PASSO 29] URL Base do robô: https://app.bbtips.com.br
[2026-02-07T01:56:26.673Z] [INFO   ] [PASSO 30] Navegando para: https://app.bbtips.com.br/bots/novo
[2026-02-07T01:56:26.674Z] [DEBUG  ] [PASSO 31] URL atual antes de navegar: https://app.bbtips.com.br/inicio
[2026-02-07T01:56:28.297Z] [DEBUG  ] [PASSO 32] URL após navegar: https://app.bbtips.com.br/bots/novo
[2026-02-07T01:56:31.323Z] [DEBUG  ] [PASSO 33] Conteúdo da página: 23/02/2026
 Bet365 
 Betano 
 Kiron
 SportingBet
 Aviator 
 Blaze 
 Roletas
 Luiz Silva 
Criar Novo Robô
Layout Antigo
Público
Selecione a Liga que deseja atuar
TodasCopaEuroSuperPremier
Nome
Chat
×[B...
[2026-02-07T01:56:31.323Z] [INFO   ] [PASSO 34] Procurando botão Buscar Padrões...
[2026-02-07T01:56:31.330Z] [SUCCESS] [PASSO 35] Botão Buscar Padrões encontrado: "Buscador de Padrões 🤖"
[2026-02-07T01:56:33.370Z] [INFO   ] [PASSO 36] Procurando campo Máximo Pulos...
[2026-02-07T01:56:33.375Z] [WARN   ] [PASSO 37] Campo Máximo Pulos não encontrado via ng-select
[2026-02-07T01:56:33.379Z] [WARN   ] [PASSO 38] Campo Máximo Pulos não encontrado
[2026-02-07T01:56:33.380Z] [INFO   ] [PASSO 39] Procurando botão Buscar no modal...
[2026-02-07T01:56:33.386Z] [SUCCESS] [PASSO 40] Botão Buscar encontrado: "Buscar"
[2026-02-07T01:56:33.412Z] [INFO   ] [PASSO 41] Clicou em Buscar, aguardando resultados...
[2026-02-07T01:56:38.420Z] [INFO   ] [PASSO 42] Procurando resultados da busca...
[2026-02-07T01:56:40.434Z] [SUCCESS] [PASSO 43] Quinta tabela encontrada
[2026-02-07T01:56:40.439Z] [INFO   ] [PASSO 44] Clicando na primeira linha da quinta tabela...
[2026-02-07T01:56:41.490Z] [INFO   ] [PASSO 45] Procurando dialog SweetAlert2...
[2026-02-07T01:56:43.012Z] [SUCCESS] [PASSO 46] Modal SweetAlert2 encontrado
[2026-02-07T01:56:43.018Z] [SUCCESS] [PASSO 47] Botão encontrado: "Sim"
[2026-02-07T01:56:43.021Z] [SUCCESS] [PASSO 48] Clicando em "Sim"
[2026-02-07T01:56:43.112Z] [INFO   ] [PASSO 49] Clicou no botão Sim
[2026-02-07T01:56:44.622Z] [INFO   ] [PASSO 50] Procurando elemento para clicar...
[2026-02-07T01:56:45.643Z] [SUCCESS] [PASSO 51] Elemento encontrado
[2026-02-07T01:56:45.666Z] [INFO   ] [PASSO 52] Clicou no elemento div[2]
[2026-02-07T01:56:46.680Z] [INFO   ] [PASSO 53] Procurando span para clicar...
[2026-02-07T01:56:47.697Z] [SUCCESS] [PASSO 54] Span encontrado: "VER MAIS"
[2026-02-07T01:56:47.789Z] [INFO   ] [PASSO 55] Clicou no span
[2026-02-07T01:57:01.529Z] [INFO   ] [PASSO 56] ========================================
[2026-02-07T01:57:01.530Z] [INFO   ] [PASSO 57] EXTRAINDO DADOS DOS CARDS
[2026-02-07T01:57:01.530Z] [INFO   ] [PASSO 58] ========================================
[2026-02-07T01:57:01.531Z] [INFO   ] [PASSO 59] ╔══════════════════════════════════════════════════════════╗
[2026-02-07T01:57:01.532Z] [INFO   ] [PASSO 60] ║          EXTRAÇÃO DE DADOS DOS CARDS (XPath)         ║
[2026-02-07T01:57:01.532Z] [INFO   ] [PASSO 61] ╚══════════════════════════════════════════════════════════╝
[2026-02-07T01:57:01.533Z] [INFO   ] [PASSO 62] Timestamp: 2026-02-07T01:57:01.533Z
[2026-02-07T01:57:03.535Z] [INFO   ] [PASSO 63] ══════════════════════════════════════════════════════════
[2026-02-07T01:57:03.537Z] [INFO   ] [PASSO 64] BUSCA POR CONTAINER DE CARDS:
[2026-02-07T01:57:03.537Z] [INFO   ] [PASSO 65]   XPath Container: /html/body/app-root/div/app-robos-novo/div/div/div[5]/div[1]/div[1]/div[3]/div[3]/div[2]/div[2]/div[1]
[2026-02-07T01:57:06.973Z] [SUCCESS] [PASSO 66] Container encontrado
[2026-02-07T01:57:08.630Z] [INFO   ] [PASSO 67] ══════════════════════════════════════════════════════════
[2026-02-07T01:57:08.631Z] [INFO   ] [PASSO 68] BUSCA POR CARDS DENTRO DO CONTAINER:
[2026-02-07T01:57:08.631Z] [INFO   ] [PASSO 69]   XPath Cards: ./div[not(contains(@class, 'row'))]
[2026-02-07T01:57:08.773Z] [INFO   ] [PASSO 70]   Cards encontrados via XPath: 75
[2026-02-07T01:57:08.774Z] [SUCCESS] [PASSO 71] Total de cards encontrados: 75
[2026-02-07T01:57:08.774Z] [INFO   ] [PASSO 72] ═══════════════════════════════════════════════════════════
[2026-02-07T01:57:08.775Z] [INFO   ] [PASSO 73]   Processando Card 1/75...
[2026-02-07T01:57:08.896Z] [SUCCESS] [PASSO 74]   ✓ Card 1 extraído:
[2026-02-07T01:57:08.897Z] [INFO   ] [PASSO 75]     Título: Ambas Marcam Sim (ambs)
[2026-02-07T01:57:08.897Z] [INFO   ] [PASSO 76]     Percentual: 100.00%
[2026-02-07T01:57:08.898Z] [INFO   ] [PASSO 77]     SG: 12 | G1: 1 | G2: 2
[2026-02-07T01:57:08.898Z] [INFO   ] [PASSO 78] ═══════════════════════════════════════════════════════════
[2026-02-07T01:57:08.899Z] [INFO   ] [PASSO 79]   Processando Card 2/75...
[2026-02-07T01:57:09.014Z] [SUCCESS] [PASSO 80]   ✓ Card 2 extraído:
[2026-02-07T01:57:09.015Z] [INFO   ] [PASSO 81]     Título: Casa Marca Sim (cms)
[2026-02-07T01:57:09.015Z] [INFO   ] [PASSO 82]     Percentual: 100.00%
[2026-02-07T01:57:09.016Z] [INFO   ] [PASSO 83]     SG: 18 | G1: 1 | G2: 2
[2026-02-07T01:57:09.016Z] [INFO   ] [PASSO 84] ═══════════════════════════════════════════════════════════
[2026-02-07T01:57:09.017Z] [INFO   ] [PASSO 85]   Processando Card 3/75...
[2026-02-07T01:57:09.132Z] [SUCCESS] [PASSO 86]   ✓ Card 3 extraído:
[2026-02-07T01:57:09.133Z] [INFO   ] [PASSO 87]     Título: Visitante Marca Sim (vms)
[2026-02-07T01:57:09.133Z] [INFO   ] [PASSO 88]     Percentual: 100.00%
[2026-02-07T01:57:09.134Z] [INFO   ] [PASSO 89]     SG: 15 | G1: 1 | G2: 2
[2026-02-07T01:57:09.134Z] [INFO   ] [PASSO 90] ═══════════════════════════════════════════════════════════
[2026-02-07T01:57:09.135Z] [INFO   ] [PASSO 91]   Processando Card 4/75...
[2026-02-07T01:57:09.261Z] [SUCCESS] [PASSO 92]   ✓ Card 4 extraído:
[2026-02-07T01:57:09.262Z] [INFO   ] [PASSO 93]     Título: [HT] Empate (hte)
[2026-02-07T01:57:09.263Z] [INFO   ] [PASSO 94]     Percentual: 90.91%
[2026-02-07T01:57:09.263Z] [INFO   ] [PASSO 95]     SG: 12 | G1: 1 | G2: 2
[2026-02-07T01:57:09.264Z] [INFO   ] [PASSO 96] ═══════════════════════════════════════════════════════════
[2026-02-07T01:57:09.264Z] [INFO   ] [PASSO 97]   Processando Card 5/75...
[2026-02-07T01:57:09.376Z] [SUCCESS] [PASSO 98]   ✓ Card 5 extraído:
[2026-02-07T01:57:09.377Z] [INFO   ] [PASSO 99]     Título: Visitante (pmv)
[2026-02-07T01:57:09.377Z] [INFO   ] [PASSO 100]     Percentual: 90.91%
[2026-02-07T01:57:09.378Z] [INFO   ] [PASSO 101]     SG: 12 | G1: 1 | G2: 2
[2026-02-07T01:57:09.378Z] [INFO   ] [PASSO 102] ═══════════════════════════════════════════════════════════
[2026-02-07T01:57:09.379Z] [INFO   ] [PASSO 103]   Processando Card 6/75...
[2026-02-07T01:57:09.492Z] [SUCCESS] [PASSO 104]   ✓ Card 6 extraído:
[2026-02-07T01:57:09.493Z] [INFO   ] [PASSO 105]     Título: Over 2.5 (o25)
[2026-02-07T01:57:09.493Z] [INFO   ] [PASSO 106]     Percentual: 86.36%
[2026-02-07T01:57:09.494Z] [INFO   ] [PASSO 107]     SG: 11 | G1: 1 | G2: 2
[2026-02-07T01:57:09.495Z] [INFO   ] [PASSO 108] ═══════════════════════════════════════════════════════════
[2026-02-07T01:57:09.495Z] [INFO   ] [PASSO 109]   Processando Card 7/75...
[2026-02-07T01:57:09.601Z] [SUCCESS] [PASSO 110]   ✓ Card 7 extraído:
[2026-02-07T01:57:09.601Z] [INFO   ] [PASSO 111]     Título: Ambas Não Marcam (ambn)
[2026-02-07T01:57:09.602Z] [INFO   ] [PASSO 112]     Percentual: 81.82%
[2026-02-07T01:57:09.602Z] [INFO   ] [PASSO 113]     SG: 10 | G1: 1 | G2: 2
[2026-02-07T01:57:09.603Z] [INFO   ] [PASSO 114] ═══════════════════════════════════════════════════════════
[2026-02-07T01:57:09.603Z] [INFO   ] [PASSO 115]   Processando Card 8/75...
[2026-02-07T01:57:09.710Z] [SUCCESS] [PASSO 116]   ✓ Card 8 extraído:
[2026-02-07T01:57:09.710Z] [INFO   ] [PASSO 117]     Título: 0x0 HT (ht00)
[2026-02-07T01:57:09.711Z] [INFO   ] [PASSO 118]     Percentual: 81.82%
[2026-02-07T01:57:09.711Z] [INFO   ] [PASSO 119]     SG: 7 | G1: 1 | G2: 2
[2026-02-07T01:57:09.712Z] [INFO   ] [PASSO 120] ═══════════════════════════════════════════════════════════
[2026-02-07T01:57:09.712Z] [INFO   ] [PASSO 121]   Processando Card 9/75...
[2026-02-07T01:57:09.819Z] [SUCCESS] [PASSO 122]   ✓ Card 9 extraído:
[2026-02-07T01:57:09.819Z] [INFO   ] [PASSO 123]     Título: Visitante (umv)
[2026-02-07T01:57:09.820Z] [INFO   ] [PASSO 124]     Percentual: 77.27%
[2026-02-07T01:57:09.820Z] [INFO   ] [PASSO 125]     SG: 7 | G1: 1 | G2: 2
[2026-02-07T01:57:09.821Z] [INFO   ] [PASSO 126] ═══════════════════════════════════════════════════════════
[2026-02-07T01:57:09.821Z] [INFO   ] [PASSO 127]   Processando Card 10/75...
[2026-02-07T01:57:09.935Z] [SUCCESS] [PASSO 128]   ✓ Card 10 extraído:
[2026-02-07T01:57:09.935Z] [INFO   ] [PASSO 129]     Título: Vencedor Visitante (ftv)
[2026-02-07T01:57:09.936Z] [INFO   ] [PASSO 130]     Percentual: 72.73%
[2026-02-07T01:57:09.936Z] [INFO   ] [PASSO 131]     SG: 8 | G1: 1 | G2: 2
[2026-02-07T01:57:09.937Z] [INFO   ] [PASSO 132] ═══════════════════════════════════════════════════════════
[2026-02-07T01:57:09.937Z] [INFO   ] [PASSO 133]   Processando Card 11/75...
[2026-02-07T01:57:10.054Z] [SUCCESS] [PASSO 134]   ✓ Card 11 extraído:
[2026-02-07T01:57:10.055Z] [INFO   ] [PASSO 135]     Título: Casa Não Marca (cmn)
[2026-02-07T01:57:10.056Z] [INFO   ] [PASSO 136]     Percentual: 68.18%
[2026-02-07T01:57:10.056Z] [INFO   ] [PASSO 137]     SG: 4 | G1: 1 | G2: 2
[2026-02-07T01:57:10.056Z] [INFO   ] [PASSO 138] ═══════════════════════════════════════════════════════════
[2026-02-07T01:57:10.057Z] [INFO   ] [PASSO 139]   Processando Card 12/75...
[2026-02-07T01:57:10.172Z] [SUCCESS] [PASSO 140]   ✓ Card 12 extraído:
[2026-02-07T01:57:10.173Z] [INFO   ] [PASSO 141]     Título: Empate (fte)
[2026-02-07T01:57:10.174Z] [INFO   ] [PASSO 142]     Percentual: 68.18%
[2026-02-07T01:57:10.174Z] [INFO   ] [PASSO 143]     SG: 5 | G1: 1 | G2: 2
[2026-02-07T01:57:10.175Z] [INFO   ] [PASSO 144] ═══════════════════════════════════════════════════════════
[2026-02-07T01:57:10.175Z] [INFO   ] [PASSO 145]   Processando Card 13/75...
[2026-02-07T01:57:10.289Z] [SUCCESS] [PASSO 146]   ✓ Card 13 extraído:
[2026-02-07T01:57:10.289Z] [INFO   ] [PASSO 147]     Título: Casa (pmc)
[2026-02-07T01:57:10.290Z] [INFO   ] [PASSO 148]     Percentual: 68.18%
[2026-02-07T01:57:10.290Z] [INFO   ] [PASSO 149]     SG: 9 | G1: 1 | G2: 2
[2026-02-07T01:57:10.291Z] [INFO   ] [PASSO 150] ═══════════════════════════════════════════════════════════
[2026-02-07T01:57:10.291Z] [INFO   ] [PASSO 151]   Processando Card 14/75...
[2026-02-07T01:57:10.405Z] [SUCCESS] [PASSO 152]   ✓ Card 14 extraído:
[2026-02-07T01:57:10.406Z] [INFO   ] [PASSO 153]     Título: Casa (umc)
[2026-02-07T01:57:10.406Z] [INFO   ] [PASSO 154]     Percentual: 68.18%
[2026-02-07T01:57:10.407Z] [INFO   ] [PASSO 155]     SG: 14 | G1: 1 | G2: 2
[2026-02-07T01:57:10.407Z] [INFO   ] [PASSO 156] ═══════════════════════════════════════════════════════════
[2026-02-07T01:57:10.408Z] [INFO   ] [PASSO 157]   Processando Card 15/75...
[2026-02-07T01:57:10.514Z] [SUCCESS] [PASSO 158]   ✓ Card 15 extraído:
[2026-02-07T01:57:10.515Z] [INFO   ] [PASSO 159]     Título: 2 Gols (ge2)
[2026-02-07T01:57:10.516Z] [INFO   ] [PASSO 160]     Percentual: 63.64%
[2026-02-07T01:57:10.516Z] [INFO   ] [PASSO 161]     SG: 5 | G1: 1 | G2: 2
[2026-02-07T01:57:10.517Z] [INFO   ] [PASSO 162] ═══════════════════════════════════════════════════════════
[2026-02-07T01:57:10.517Z] [INFO   ] [PASSO 163]   Processando Card 16/75...
[2026-02-07T01:57:10.628Z] [SUCCESS] [PASSO 164]   ✓ Card 16 extraído:
[2026-02-07T01:57:10.629Z] [INFO   ] [PASSO 165]     Título: Visitante Não Marca (vmn)
[2026-02-07T01:57:10.629Z] [INFO   ] [PASSO 166]     Percentual: 59.09%
[2026-02-07T01:57:10.630Z] [INFO   ] [PASSO 167]     SG: 7 | G1: 1 | G2: 2
[2026-02-07T01:57:10.630Z] [INFO   ] [PASSO 168] ═══════════════════════════════════════════════════════════
[2026-02-07T01:57:10.630Z] [INFO   ] [PASSO 169]   Processando Card 17/75...
[2026-02-07T01:57:10.741Z] [SUCCESS] [PASSO 170]   ✓ Card 17 extraído:
[2026-02-07T01:57:10.741Z] [INFO   ] [PASSO 171]     Título: Vencedor Casa (ftc)
[2026-02-07T01:57:10.742Z] [INFO   ] [PASSO 172]     Percentual: 59.09%
[2026-02-07T01:57:10.742Z] [INFO   ] [PASSO 173]     SG: 9 | G1: 1 | G2: 2
[2026-02-07T01:57:10.743Z] [INFO   ] [PASSO 174] ═══════════════════════════════════════════════════════════
[2026-02-07T01:57:10.743Z] [INFO   ] [PASSO 175]   Processando Card 18/75...
[2026-02-07T01:57:10.853Z] [SUCCESS] [PASSO 176]   ✓ Card 18 extraído:
[2026-02-07T01:57:10.854Z] [INFO   ] [PASSO 177]     Título: Resultado Empate / Ambas Sim (reas)
[2026-02-07T01:57:10.854Z] [INFO   ] [PASSO 178]     Percentual: 59.09%
[2026-02-07T01:57:10.855Z] [INFO   ] [PASSO 179]     SG: 4 | G1: 1 | G2: 2
[2026-02-07T01:57:10.855Z] [INFO   ] [PASSO 180] ═══════════════════════════════════════════════════════════
[2026-02-07T01:57:10.856Z] [INFO   ] [PASSO 181]   Processando Card 19/75...
[2026-02-07T01:57:10.967Z] [SUCCESS] [PASSO 182]   ✓ Card 19 extraído:
[2026-02-07T01:57:10.968Z] [INFO   ] [PASSO 183]     Título: 3 Gols (ge3)
[2026-02-07T01:57:10.968Z] [INFO   ] [PASSO 184]     Percentual: 54.55%
[2026-02-07T01:57:10.969Z] [INFO   ] [PASSO 185]     SG: 6 | G1: 1 | G2: 2
[2026-02-07T01:57:10.969Z] [INFO   ] [PASSO 186] ═══════════════════════════════════════════════════════════
[2026-02-07T01:57:10.970Z] [INFO   ] [PASSO 187]   Processando Card 20/75...
[2026-02-07T01:57:11.084Z] [SUCCESS] [PASSO 188]   ✓ Card 20 extraído:
[2026-02-07T01:57:11.085Z] [INFO   ] [PASSO 189]     Título: 1x1 HT (ht11)
[2026-02-07T01:57:11.085Z] [INFO   ] [PASSO 190]     Percentual: 54.55%
[2026-02-07T01:57:11.086Z] [INFO   ] [PASSO 191]     SG: 5 | G1: 1 | G2: 2
[2026-02-07T01:57:11.086Z] [INFO   ] [PASSO 192] ═══════════════════════════════════════════════════════════
[2026-02-07T01:57:11.086Z] [INFO   ] [PASSO 193]   Processando Card 21/75...
[2026-02-07T01:57:11.200Z] [SUCCESS] [PASSO 194]   ✓ Card 21 extraído:
[2026-02-07T01:57:11.201Z] [INFO   ] [PASSO 195]     Título: Resultado Visitante / Ambas Não (rvan)
[2026-02-07T01:57:11.202Z] [INFO   ] [PASSO 196]     Percentual: 54.55%
[2026-02-07T01:57:11.202Z] [INFO   ] [PASSO 197]     SG: 3 | G1: 1 | G2: 2
[2026-02-07T01:57:11.203Z] [INFO   ] [PASSO 198] ═══════════════════════════════════════════════════════════
[2026-02-07T01:57:11.203Z] [INFO   ] [PASSO 199]   Processando Card 22/75...
[2026-02-07T01:57:11.317Z] [SUCCESS] [PASSO 200]   ✓ Card 22 extraído:
[2026-02-07T01:57:11.317Z] [INFO   ] [PASSO 201]     Título: Over 3.5 (o35)
[2026-02-07T01:57:11.318Z] [INFO   ] [PASSO 202]     Percentual: 50.00%
[2026-02-07T01:57:11.318Z] [INFO   ] [PASSO 203]     SG: 5 | G1: 1 | G2: 2
[2026-02-07T01:57:11.319Z] [INFO   ] [PASSO 204] ═══════════════════════════════════════════════════════════
[2026-02-07T01:57:11.319Z] [INFO   ] [PASSO 205]   Processando Card 23/75...
[2026-02-07T01:57:11.428Z] [SUCCESS] [PASSO 206]   ✓ Card 23 extraído:
[2026-02-07T01:57:11.429Z] [INFO   ] [PASSO 207]     Título: [HT] Vencedor Casa (htc)
[2026-02-07T01:57:11.429Z] [INFO   ] [PASSO 208]     Percentual: 50.00%
[2026-02-07T01:57:11.430Z] [INFO   ] [PASSO 209]     SG: 6 | G1: 1 | G2: 2
[2026-02-07T01:57:11.430Z] [INFO   ] [PASSO 210] ═══════════════════════════════════════════════════════════
[2026-02-07T01:57:11.431Z] [INFO   ] [PASSO 211]   Processando Card 24/75...
[2026-02-07T01:57:11.546Z] [SUCCESS] [PASSO 212]   ✓ Card 24 extraído:
[2026-02-07T01:57:11.547Z] [INFO   ] [PASSO 213]     Título: [HT] Vencedor Visitante (htv)
[2026-02-07T01:57:11.547Z] [INFO   ] [PASSO 214]     Percentual: 50.00%
[2026-02-07T01:57:11.548Z] [INFO   ] [PASSO 215]     SG: 4 | G1: 1 | G2: 2
[2026-02-07T01:57:11.548Z] [INFO   ] [PASSO 216] ═══════════════════════════════════════════════════════════
[2026-02-07T01:57:11.549Z] [INFO   ] [PASSO 217]   Processando Card 25/75...
[2026-02-07T01:57:11.661Z] [SUCCESS] [PASSO 218]   ✓ Card 25 extraído:
[2026-02-07T01:57:11.662Z] [INFO   ] [PASSO 219]     Título: 1 Gols (ge1)
[2026-02-07T01:57:11.663Z] [INFO   ] [PASSO 220]     Percentual: 50.00%
[2026-02-07T01:57:11.663Z] [INFO   ] [PASSO 221]     SG: 5 | G1: 1 | G2: 2
[2026-02-07T01:57:11.664Z] [INFO   ] [PASSO 222] ═══════════════════════════════════════════════════════════
[2026-02-07T01:57:11.664Z] [INFO   ] [PASSO 223]   Processando Card 26/75...
[2026-02-07T01:57:11.774Z] [SUCCESS] [PASSO 224]   ✓ Card 26 extraído:
[2026-02-07T01:57:11.775Z] [INFO   ] [PASSO 225]     Título: 1x1 FT (ft11)
[2026-02-07T01:57:11.775Z] [INFO   ] [PASSO 226]     Percentual: 45.45%
[2026-02-07T01:57:11.776Z] [INFO   ] [PASSO 227]     SG: 2 | G1: 1 | G2: 2
[2026-02-07T01:57:11.776Z] [INFO   ] [PASSO 228] ═══════════════════════════════════════════════════════════
[2026-02-07T01:57:11.777Z] [INFO   ] [PASSO 229]   Processando Card 27/75...
[2026-02-07T01:57:11.890Z] [SUCCESS] [PASSO 230]   ✓ Card 27 extraído:
[2026-02-07T01:57:11.891Z] [INFO   ] [PASSO 231]     Título: Resultado Visitante / Ambas Sim (rvas)
[2026-02-07T01:57:11.892Z] [INFO   ] [PASSO 232]     Percentual: 45.45%
[2026-02-07T01:57:11.892Z] [INFO   ] [PASSO 233]     SG: 5 | G1: 1 | G2: 2
[2026-02-07T01:57:11.892Z] [INFO   ] [PASSO 234] ═══════════════════════════════════════════════════════════
[2026-02-07T01:57:11.893Z] [INFO   ] [PASSO 235]   Processando Card 28/75...
[2026-02-07T01:57:12.022Z] [SUCCESS] [PASSO 236]   ✓ Card 28 extraído:
[2026-02-07T01:57:12.023Z] [INFO   ] [PASSO 237]     Título: 4 Gols (ge4)
[2026-02-07T01:57:12.023Z] [INFO   ] [PASSO 238]     Percentual: 40.91%
[2026-02-07T01:57:12.024Z] [INFO   ] [PASSO 239]     SG: 5 | G1: 1 | G2: 2
[2026-02-07T01:57:12.024Z] [INFO   ] [PASSO 240] ═══════════════════════════════════════════════════════════
[2026-02-07T01:57:12.025Z] [INFO   ] [PASSO 241]   Processando Card 29/75...
[2026-02-07T01:57:12.136Z] [SUCCESS] [PASSO 242]   ✓ Card 29 extraído:
[2026-02-07T01:57:12.137Z] [INFO   ] [PASSO 243]     Título: 1x0 HT (ht10)
[2026-02-07T01:57:12.137Z] [INFO   ] [PASSO 244]     Percentual: 40.91%
[2026-02-07T01:57:12.138Z] [INFO   ] [PASSO 245]     SG: 4 | G1: 1 | G2: 2
[2026-02-07T01:57:12.138Z] [INFO   ] [PASSO 246] ═══════════════════════════════════════════════════════════
[2026-02-07T01:57:12.139Z] [INFO   ] [PASSO 247]   Processando Card 30/75...
[2026-02-07T01:57:12.256Z] [SUCCESS] [PASSO 248]   ✓ Card 30 extraído:
[2026-02-07T01:57:12.257Z] [INFO   ] [PASSO 249]     Título: Resultado Casa / Ambas Não (rcan)
[2026-02-07T01:57:12.257Z] [INFO   ] [PASSO 250]     Percentual: 40.91%
[2026-02-07T01:57:12.258Z] [INFO   ] [PASSO 251]     SG: 6 | G1: 1 | G2: 2
[2026-02-07T01:57:12.258Z] [INFO   ] [PASSO 252] ═══════════════════════════════════════════════════════════
[2026-02-07T01:57:12.258Z] [INFO   ] [PASSO 253]   Processando Card 31/75...
[2026-02-07T01:57:12.383Z] [SUCCESS] [PASSO 254]   ✓ Card 31 extraído:
[2026-02-07T01:57:12.383Z] [INFO   ] [PASSO 255]     Título: 0x1 FT (ft01)
[2026-02-07T01:57:12.384Z] [INFO   ] [PASSO 256]     Percentual: 36.36%
[2026-02-07T01:57:12.384Z] [INFO   ] [PASSO 257]     SG: 2 | G1: 1 | G2: 2
[2026-02-07T01:57:12.385Z] [INFO   ] [PASSO 258] ═══════════════════════════════════════════════════════════
[2026-02-07T01:57:12.385Z] [INFO   ] [PASSO 259]   Processando Card 32/75...
[2026-02-07T01:57:12.509Z] [SUCCESS] [PASSO 260]   ✓ Card 32 extraído:
[2026-02-07T01:57:12.509Z] [INFO   ] [PASSO 261]     Título: Resultado Casa / Ambas Sim (rcas)
[2026-02-07T01:57:12.510Z] [INFO   ] [PASSO 262]     Percentual: 36.36%
[2026-02-07T01:57:12.510Z] [INFO   ] [PASSO 263]     SG: 3 | G1: 1 | G2: 2
[2026-02-07T01:57:12.510Z] [INFO   ] [PASSO 264] ═══════════════════════════════════════════════════════════
[2026-02-07T01:57:12.511Z] [INFO   ] [PASSO 265]   Processando Card 33/75...
[2026-02-07T01:57:12.654Z] [SUCCESS] [PASSO 266]   ✓ Card 33 extraído:
[2026-02-07T01:57:12.655Z] [INFO   ] [PASSO 267]     Título: 1x2 FT (ft12)
[2026-02-07T01:57:12.656Z] [INFO   ] [PASSO 268]     Percentual: 31.82%
[2026-02-07T01:57:12.656Z] [INFO   ] [PASSO 269]     SG: 4 | G1: 1 | G2: 2
[2026-02-07T01:57:12.657Z] [INFO   ] [PASSO 270] ═══════════════════════════════════════════════════════════
[2026-02-07T01:57:12.657Z] [INFO   ] [PASSO 271]   Processando Card 34/75...
[2026-02-07T01:57:12.780Z] [SUCCESS] [PASSO 272]   ✓ Card 34 extraído:
[2026-02-07T01:57:12.780Z] [INFO   ] [PASSO 273]     Título: 0x1 HT (ht01)
[2026-02-07T01:57:12.781Z] [INFO   ] [PASSO 274]     Percentual: 31.82%
[2026-02-07T01:57:12.781Z] [INFO   ] [PASSO 275]     SG: 3 | G1: 1 | G2: 2
[2026-02-07T01:57:12.782Z] [INFO   ] [PASSO 276] ═══════════════════════════════════════════════════════════
[2026-02-07T01:57:12.782Z] [INFO   ] [PASSO 277]   Processando Card 35/75...
[2026-02-07T01:57:12.893Z] [SUCCESS] [PASSO 278]   ✓ Card 35 extraído:
[2026-02-07T01:57:12.894Z] [INFO   ] [PASSO 279]     Título: 0 Gols (ge0)
[2026-02-07T01:57:12.894Z] [INFO   ] [PASSO 280]     Percentual: 27.27%
[2026-02-07T01:57:12.895Z] [INFO   ] [PASSO 281]     SG: 1 | G1: 1 | G2: 2
[2026-02-07T01:57:12.895Z] [INFO   ] [PASSO 282] ═══════════════════════════════════════════════════════════
[2026-02-07T01:57:12.896Z] [INFO   ] [PASSO 283]   Processando Card 36/75...
[2026-02-07T01:57:13.006Z] [SUCCESS] [PASSO 284]   ✓ Card 36 extraído:
[2026-02-07T01:57:13.007Z] [INFO   ] [PASSO 285]     Título: 0x0 FT (ft00)
[2026-02-07T01:57:13.007Z] [INFO   ] [PASSO 286]     Percentual: 27.27%
[2026-02-07T01:57:13.008Z] [INFO   ] [PASSO 287]     SG: 1 | G1: 1 | G2: 2
[2026-02-07T01:57:13.008Z] [INFO   ] [PASSO 288] ═══════════════════════════════════════════════════════════
[2026-02-07T01:57:13.009Z] [INFO   ] [PASSO 289]   Processando Card 37/75...
[2026-02-07T01:57:13.121Z] [SUCCESS] [PASSO 290]   ✓ Card 37 extraído:
[2026-02-07T01:57:13.122Z] [INFO   ] [PASSO 291]     Título: Resultado Empate / Ambas Não (rean)
[2026-02-07T01:57:13.122Z] [INFO   ] [PASSO 292]     Percentual: 27.27%
[2026-02-07T01:57:13.122Z] [INFO   ] [PASSO 293]     SG: 1 | G1: 1 | G2: 2
[2026-02-07T01:57:13.123Z] [INFO   ] [PASSO 294] ═══════════════════════════════════════════════════════════
[2026-02-07T01:57:13.123Z] [INFO   ] [PASSO 295]   Processando Card 38/75...
[2026-02-07T01:57:13.240Z] [SUCCESS] [PASSO 296]   ✓ Card 38 extraído:
[2026-02-07T01:57:13.241Z] [INFO   ] [PASSO 297]     Título: 2x0 FT (ft20)
[2026-02-07T01:57:13.241Z] [INFO   ] [PASSO 298]     Percentual: 22.73%
[2026-02-07T01:57:13.242Z] [INFO   ] [PASSO 299]     SG: 3 | G1: 1 | G2: 2
[2026-02-07T01:57:13.242Z] [INFO   ] [PASSO 300] ═══════════════════════════════════════════════════════════
[2026-02-07T01:57:13.243Z] [INFO   ] [PASSO 301]   Processando Card 39/75...
[2026-02-07T01:57:13.354Z] [SUCCESS] [PASSO 302]   ✓ Card 39 extraído:
[2026-02-07T01:57:13.355Z] [INFO   ] [PASSO 303]     Título: 1x0 FT (ft10)
[2026-02-07T01:57:13.355Z] [INFO   ] [PASSO 304]     Percentual: 18.18%
[2026-02-07T01:57:13.356Z] [INFO   ] [PASSO 305]     SG: 3 | G1: 1 | G2: 2
[2026-02-07T01:57:13.356Z] [INFO   ] [PASSO 306] ═══════════════════════════════════════════════════════════
[2026-02-07T01:57:13.356Z] [INFO   ] [PASSO 307]   Processando Card 40/75...
[2026-02-07T01:57:13.471Z] [SUCCESS] [PASSO 308]   ✓ Card 40 extraído:
[2026-02-07T01:57:13.471Z] [INFO   ] [PASSO 309]     Título: 2x1 FT (ft21)
[2026-02-07T01:57:13.472Z] [INFO   ] [PASSO 310]     Percentual: 18.18%
[2026-02-07T01:57:13.472Z] [INFO   ] [PASSO 311]     SG: 1 | G1: 1 | G2: 2
[2026-02-07T01:57:13.473Z] [INFO   ] [PASSO 312] ═══════════════════════════════════════════════════════════
[2026-02-07T01:57:13.473Z] [INFO   ] [PASSO 313]   Processando Card 41/75...
[2026-02-07T01:57:13.617Z] [SUCCESS] [PASSO 314]   ✓ Card 41 extraído:
[2026-02-07T01:57:13.618Z] [INFO   ] [PASSO 315]     Título: 3x1 FT (ft31)
[2026-02-07T01:57:13.619Z] [INFO   ] [PASSO 316]     Percentual: 18.18%
[2026-02-07T01:57:13.619Z] [INFO   ] [PASSO 317]     SG: 2 | G1: 1 | G2: 2
[2026-02-07T01:57:13.620Z] [INFO   ] [PASSO 318] ═══════════════════════════════════════════════════════════
[2026-02-07T01:57:13.620Z] [INFO   ] [PASSO 319]   Processando Card 42/75...
[2026-02-07T01:57:13.741Z] [SUCCESS] [PASSO 320]   ✓ Card 42 extraído:
[2026-02-07T01:57:13.741Z] [INFO   ] [PASSO 321]     Título: 0x3 FT (ft03)
[2026-02-07T01:57:13.742Z] [INFO   ] [PASSO 322]     Percentual: 18.18%
[2026-02-07T01:57:13.742Z] [INFO   ] [PASSO 323]     SG: 1 | G1: 1 | G2: 2
[2026-02-07T01:57:13.743Z] [INFO   ] [PASSO 324] ═══════════════════════════════════════════════════════════
[2026-02-07T01:57:13.743Z] [INFO   ] [PASSO 325]   Processando Card 43/75...
[2026-02-07T01:57:13.874Z] [SUCCESS] [PASSO 326]   ✓ Card 43 extraído:
[2026-02-07T01:57:13.874Z] [INFO   ] [PASSO 327]     Título: Over 5+ (o50)
[2026-02-07T01:57:13.875Z] [INFO   ] [PASSO 328]     Percentual: 13.64%
[2026-02-07T01:57:13.876Z] [INFO   ] [PASSO 329]     SG: 0 | G1: 1 | G2: 2
[2026-02-07T01:57:13.876Z] [INFO   ] [PASSO 330] ═══════════════════════════════════════════════════════════
[2026-02-07T01:57:13.877Z] [INFO   ] [PASSO 331]   Processando Card 44/75...
[2026-02-07T01:57:14.002Z] [SUCCESS] [PASSO 332]   ✓ Card 44 extraído:
[2026-02-07T01:57:14.002Z] [INFO   ] [PASSO 333]     Título: 2x2 FT (ft22)
[2026-02-07T01:57:14.003Z] [INFO   ] [PASSO 334]     Percentual: 13.64%
[2026-02-07T01:57:14.003Z] [INFO   ] [PASSO 335]     SG: 2 | G1: 1 | G2: 2
[2026-02-07T01:57:14.004Z] [INFO   ] [PASSO 336] ═══════════════════════════════════════════════════════════
[2026-02-07T01:57:14.004Z] [INFO   ] [PASSO 337]   Processando Card 45/75...
[2026-02-07T01:57:14.122Z] [SUCCESS] [PASSO 338]   ✓ Card 45 extraído:
[2026-02-07T01:57:14.122Z] [INFO   ] [PASSO 339]     Título: 0x2 HT (ht02)
[2026-02-07T01:57:14.123Z] [INFO   ] [PASSO 340]     Percentual: 13.64%
[2026-02-07T01:57:14.123Z] [INFO   ] [PASSO 341]     SG: 1 | G1: 1 | G2: 2
[2026-02-07T01:57:14.124Z] [INFO   ] [PASSO 342] ═══════════════════════════════════════════════════════════
[2026-02-07T01:57:14.124Z] [INFO   ] [PASSO 343]   Processando Card 46/75...
[2026-02-07T01:57:14.239Z] [SUCCESS] [PASSO 344]   ✓ Card 46 extraído:
[2026-02-07T01:57:14.239Z] [INFO   ] [PASSO 345]     Título: Outros HT (out)
[2026-02-07T01:57:14.240Z] [INFO   ] [PASSO 346]     Percentual: 13.64%
[2026-02-07T01:57:14.240Z] [INFO   ] [PASSO 347]     SG: 1 | G1: 1 | G2: 2
[2026-02-07T01:57:14.241Z] [INFO   ] [PASSO 348] ═══════════════════════════════════════════════════════════
[2026-02-07T01:57:14.241Z] [INFO   ] [PASSO 349]   Processando Card 47/75...
[2026-02-07T01:57:14.367Z] [SUCCESS] [PASSO 350]   ✓ Card 47 extraído:
[2026-02-07T01:57:14.368Z] [INFO   ] [PASSO 351]     Título: 5+ Gols (ge5)
[2026-02-07T01:57:14.368Z] [INFO   ] [PASSO 352]     Percentual: 9.09%
[2026-02-07T01:57:14.369Z] [INFO   ] [PASSO 353]     SG: 0 | G1: 1 | G2: 2
[2026-02-07T01:57:14.369Z] [INFO   ] [PASSO 354] ═══════════════════════════════════════════════════════════
[2026-02-07T01:57:14.370Z] [INFO   ] [PASSO 355]   Processando Card 48/75...
[2026-02-07T01:57:14.491Z] [SUCCESS] [PASSO 356]   ✓ Card 48 extraído:
[2026-02-07T01:57:14.491Z] [INFO   ] [PASSO 357]     Título: 0x2 FT (ft02)
[2026-02-07T01:57:14.492Z] [INFO   ] [PASSO 358]     Percentual: 9.09%
[2026-02-07T01:57:14.492Z] [INFO   ] [PASSO 359]     SG: 0 | G1: 1 | G2: 2
[2026-02-07T01:57:14.493Z] [INFO   ] [PASSO 360] ═══════════════════════════════════════════════════════════
[2026-02-07T01:57:14.493Z] [INFO   ] [PASSO 361]   Processando Card 49/75...
[2026-02-07T01:57:14.612Z] [SUCCESS] [PASSO 362]   ✓ Card 49 extraído:
[2026-02-07T01:57:14.613Z] [INFO   ] [PASSO 363]     Título: 1x3 FT (ft13)
[2026-02-07T01:57:14.614Z] [INFO   ] [PASSO 364]     Percentual: 9.09%
[2026-02-07T01:57:14.614Z] [INFO   ] [PASSO 365]     SG: 1 | G1: 1 | G2: 2
[2026-02-07T01:57:14.614Z] [INFO   ] [PASSO 366] ═══════════════════════════════════════════════════════════
[2026-02-07T01:57:14.615Z] [INFO   ] [PASSO 367]   Processando Card 50/75...
[2026-02-07T01:57:14.731Z] [SUCCESS] [PASSO 368]   ✓ Card 50 extraído:
[2026-02-07T01:57:14.732Z] [INFO   ] [PASSO 369]     Título: Viradinha (vira)
[2026-02-07T01:57:14.733Z] [INFO   ] [PASSO 370]     Percentual: 9.09%
[2026-02-07T01:57:14.733Z] [INFO   ] [PASSO 371]     SG: 0 | G1: 1 | G2: 2
[2026-02-07T01:57:14.734Z] [INFO   ] [PASSO 372] ═══════════════════════════════════════════════════════════
[2026-02-07T01:57:14.734Z] [INFO   ] [PASSO 373]   Processando Card 51/75...
[2026-02-07T01:57:14.851Z] [SUCCESS] [PASSO 374]   ✓ Card 51 extraído:
[2026-02-07T01:57:14.852Z] [INFO   ] [PASSO 375]     Título: 3x2 FT (ft32)
[2026-02-07T01:57:14.853Z] [INFO   ] [PASSO 376]     Percentual: 4.55%
[2026-02-07T01:57:14.853Z] [INFO   ] [PASSO 377]     SG: 0 | G1: 1 | G2: 2
[2026-02-07T01:57:14.854Z] [INFO   ] [PASSO 378] ═══════════════════════════════════════════════════════════
[2026-02-07T01:57:14.854Z] [INFO   ] [PASSO 379]   Processando Card 52/75...
[2026-02-07T01:57:14.971Z] [SUCCESS] [PASSO 380]   ✓ Card 52 extraído:
[2026-02-07T01:57:14.971Z] [INFO   ] [PASSO 381]     Título: 2x3 FT (ft23)
[2026-02-07T01:57:14.972Z] [INFO   ] [PASSO 382]     Percentual: 4.55%
[2026-02-07T01:57:14.972Z] [INFO   ] [PASSO 383]     SG: 0 | G1: 1 | G2: 2
[2026-02-07T01:57:14.972Z] [INFO   ] [PASSO 384] ═══════════════════════════════════════════════════════════
[2026-02-07T01:57:14.973Z] [INFO   ] [PASSO 385]   Processando Card 53/75...
[2026-02-07T01:57:15.107Z] [SUCCESS] [PASSO 386]   ✓ Card 53 extraído:
[2026-02-07T01:57:15.107Z] [INFO   ] [PASSO 387]     Título: 5+ Visitante (ft50_f)
[2026-02-07T01:57:15.108Z] [INFO   ] [PASSO 388]     Percentual: 4.55%
[2026-02-07T01:57:15.108Z] [INFO   ] [PASSO 389]     SG: 0 | G1: 1 | G2: 2
[2026-02-07T01:57:15.109Z] [INFO   ] [PASSO 390] ═══════════════════════════════════════════════════════════
[2026-02-07T01:57:15.109Z] [INFO   ] [PASSO 391]   Processando Card 54/75...
[2026-02-07T01:57:15.224Z] [SUCCESS] [PASSO 392]   ✓ Card 54 extraído:
[2026-02-07T01:57:15.225Z] [INFO   ] [PASSO 393]     Título: 2x0 HT (ht20)
[2026-02-07T01:57:15.225Z] [INFO   ] [PASSO 394]     Percentual: 4.55%
[2026-02-07T01:57:15.226Z] [INFO   ] [PASSO 395]     SG: 1 | G1: 1 | G2: 2
[2026-02-07T01:57:15.226Z] [INFO   ] [PASSO 396] ═══════════════════════════════════════════════════════════
[2026-02-07T01:57:15.227Z] [INFO   ] [PASSO 397]   Processando Card 55/75...
[2026-02-07T01:57:15.344Z] [SUCCESS] [PASSO 398]   ✓ Card 55 extraído:
[2026-02-07T01:57:15.344Z] [INFO   ] [PASSO 399]     Título: 3x0 FT (ft30)
[2026-02-07T01:57:15.345Z] [INFO   ] [PASSO 400]     Percentual: 0.00%
[2026-02-07T01:57:15.345Z] [INFO   ] [PASSO 401]     SG: 0 | G1: 1 | G2: 2
[2026-02-07T01:57:15.346Z] [INFO   ] [PASSO 402] ═══════════════════════════════════════════════════════════
[2026-02-07T01:57:15.346Z] [INFO   ] [PASSO 403]   Processando Card 56/75...
[2026-02-07T01:57:15.460Z] [SUCCESS] [PASSO 404]   ✓ Card 56 extraído:
[2026-02-07T01:57:15.460Z] [INFO   ] [PASSO 405]     Título: 4x0 FT (ft40)
[2026-02-07T01:57:15.461Z] [INFO   ] [PASSO 406]     Percentual: 0.00%
[2026-02-07T01:57:15.461Z] [INFO   ] [PASSO 407]     SG: 0 | G1: 1 | G2: 2
[2026-02-07T01:57:15.462Z] [INFO   ] [PASSO 408] ═══════════════════════════════════════════════════════════
[2026-02-07T01:57:15.462Z] [INFO   ] [PASSO 409]   Processando Card 57/75...
[2026-02-07T01:57:15.579Z] [SUCCESS] [PASSO 410]   ✓ Card 57 extraído:
[2026-02-07T01:57:15.580Z] [INFO   ] [PASSO 411]     Título: 4x1 FT (ft41)
[2026-02-07T01:57:15.581Z] [INFO   ] [PASSO 412]     Percentual: 0.00%
[2026-02-07T01:57:15.581Z] [INFO   ] [PASSO 413]     SG: 0 | G1: 1 | G2: 2
[2026-02-07T01:57:15.581Z] [INFO   ] [PASSO 414] ═══════════════════════════════════════════════════════════
[2026-02-07T01:57:15.582Z] [INFO   ] [PASSO 415]   Processando Card 58/75...
[2026-02-07T01:57:15.698Z] [SUCCESS] [PASSO 416]   ✓ Card 58 extraído:
[2026-02-07T01:57:15.698Z] [INFO   ] [PASSO 417]     Título: 4x2 FT (ft42)
[2026-02-07T01:57:15.699Z] [INFO   ] [PASSO 418]     Percentual: 0.00%
[2026-02-07T01:57:15.699Z] [INFO   ] [PASSO 419]     SG: 0 | G1: 1 | G2: 2
[2026-02-07T01:57:15.700Z] [INFO   ] [PASSO 420] ═══════════════════════════════════════════════════════════
[2026-02-07T01:57:15.700Z] [INFO   ] [PASSO 421]   Processando Card 59/75...
[2026-02-07T01:57:15.816Z] [SUCCESS] [PASSO 422]   ✓ Card 59 extraído:
[2026-02-07T01:57:15.817Z] [INFO   ] [PASSO 423]     Título: 4x3 FT (ft43)
[2026-02-07T01:57:15.818Z] [INFO   ] [PASSO 424]     Percentual: 0.00%
[2026-02-07T01:57:15.818Z] [INFO   ] [PASSO 425]     SG: 0 | G1: 1 | G2: 2
[2026-02-07T01:57:15.818Z] [INFO   ] [PASSO 426] ═══════════════════════════════════════════════════════════
[2026-02-07T01:57:15.819Z] [INFO   ] [PASSO 427]   Processando Card 60/75...
[2026-02-07T01:57:15.937Z] [SUCCESS] [PASSO 428]   ✓ Card 60 extraído:
[2026-02-07T01:57:15.937Z] [INFO   ] [PASSO 429]     Título: 5+ Casa (ft50_c)
[2026-02-07T01:57:15.938Z] [INFO   ] [PASSO 430]     Percentual: 0.00%
[2026-02-07T01:57:15.938Z] [INFO   ] [PASSO 431]     SG: 0 | G1: 1 | G2: 2
[2026-02-07T01:57:15.939Z] [INFO   ] [PASSO 432] ═══════════════════════════════════════════════════════════
[2026-02-07T01:57:15.940Z] [INFO   ] [PASSO 433]   Processando Card 61/75...
[2026-02-07T01:57:16.053Z] [SUCCESS] [PASSO 434]   ✓ Card 61 extraído:
[2026-02-07T01:57:16.054Z] [INFO   ] [PASSO 435]     Título: 3x3 FT (ft33)
[2026-02-07T01:57:16.054Z] [INFO   ] [PASSO 436]     Percentual: 0.00%
[2026-02-07T01:57:16.055Z] [INFO   ] [PASSO 437]     SG: 0 | G1: 1 | G2: 2
[2026-02-07T01:57:16.055Z] [INFO   ] [PASSO 438] ═══════════════════════════════════════════════════════════
[2026-02-07T01:57:16.056Z] [INFO   ] [PASSO 439]   Processando Card 62/75...
[2026-02-07T01:57:16.172Z] [SUCCESS] [PASSO 440]   ✓ Card 62 extraído:
[2026-02-07T01:57:16.173Z] [INFO   ] [PASSO 441]     Título: 4x4 FT (ft44)
[2026-02-07T01:57:16.173Z] [INFO   ] [PASSO 442]     Percentual: 0.00%
[2026-02-07T01:57:16.173Z] [INFO   ] [PASSO 443]     SG: 0 | G1: 1 | G2: 2
[2026-02-07T01:57:16.174Z] [INFO   ] [PASSO 444] ═══════════════════════════════════════════════════════════
[2026-02-07T01:57:16.174Z] [INFO   ] [PASSO 445]   Processando Card 63/75...
[2026-02-07T01:57:16.290Z] [SUCCESS] [PASSO 446]   ✓ Card 63 extraído:
[2026-02-07T01:57:16.290Z] [INFO   ] [PASSO 447]     Título: 5+ Empate (ft50_e)
[2026-02-07T01:57:16.291Z] [INFO   ] [PASSO 448]     Percentual: 0.00%
[2026-02-07T01:57:16.291Z] [INFO   ] [PASSO 449]     SG: 0 | G1: 1 | G2: 2
[2026-02-07T01:57:16.292Z] [INFO   ] [PASSO 450] ═══════════════════════════════════════════════════════════
[2026-02-07T01:57:16.292Z] [INFO   ] [PASSO 451]   Processando Card 64/75...
[2026-02-07T01:57:16.404Z] [SUCCESS] [PASSO 452]   ✓ Card 64 extraído:
[2026-02-07T01:57:16.405Z] [INFO   ] [PASSO 453]     Título: 0x4 FT (ft04)
[2026-02-07T01:57:16.405Z] [INFO   ] [PASSO 454]     Percentual: 0.00%
[2026-02-07T01:57:16.406Z] [INFO   ] [PASSO 455]     SG: 0 | G1: 1 | G2: 2
[2026-02-07T01:57:16.406Z] [INFO   ] [PASSO 456] ═══════════════════════════════════════════════════════════
[2026-02-07T01:57:16.407Z] [INFO   ] [PASSO 457]   Processando Card 65/75...
[2026-02-07T01:57:16.521Z] [SUCCESS] [PASSO 458]   ✓ Card 65 extraído:
[2026-02-07T01:57:16.522Z] [INFO   ] [PASSO 459]     Título: 1x4 FT (ft14)
[2026-02-07T01:57:16.522Z] [INFO   ] [PASSO 460]     Percentual: 0.00%
[2026-02-07T01:57:16.523Z] [INFO   ] [PASSO 461]     SG: 0 | G1: 1 | G2: 2
[2026-02-07T01:57:16.523Z] [INFO   ] [PASSO 462] ═══════════════════════════════════════════════════════════
[2026-02-07T01:57:16.523Z] [INFO   ] [PASSO 463]   Processando Card 66/75...
[2026-02-07T01:57:16.642Z] [SUCCESS] [PASSO 464]   ✓ Card 66 extraído:
[2026-02-07T01:57:16.642Z] [INFO   ] [PASSO 465]     Título: 2x4 FT (ft24)
[2026-02-07T01:57:16.643Z] [INFO   ] [PASSO 466]     Percentual: 0.00%
[2026-02-07T01:57:16.643Z] [INFO   ] [PASSO 467]     SG: 0 | G1: 1 | G2: 2
[2026-02-07T01:57:16.644Z] [INFO   ] [PASSO 468] ═══════════════════════════════════════════════════════════
[2026-02-07T01:57:16.644Z] [INFO   ] [PASSO 469]   Processando Card 67/75...
[2026-02-07T01:57:16.759Z] [SUCCESS] [PASSO 470]   ✓ Card 67 extraído:
[2026-02-07T01:57:16.759Z] [INFO   ] [PASSO 471]     Título: 3x4 FT (ft34)
[2026-02-07T01:57:16.760Z] [INFO   ] [PASSO 472]     Percentual: 0.00%
[2026-02-07T01:57:16.760Z] [INFO   ] [PASSO 473]     SG: 0 | G1: 1 | G2: 2
[2026-02-07T01:57:16.761Z] [INFO   ] [PASSO 474] ═══════════════════════════════════════════════════════════
[2026-02-07T01:57:16.761Z] [INFO   ] [PASSO 475]   Processando Card 68/75...
[2026-02-07T01:57:16.875Z] [SUCCESS] [PASSO 476]   ✓ Card 68 extraído:
[2026-02-07T01:57:16.876Z] [INFO   ] [PASSO 477]     Título: Handicap Casa (hac)
[2026-02-07T01:57:16.876Z] [INFO   ] [PASSO 478]     Percentual: 0.00%
[2026-02-07T01:57:16.877Z] [INFO   ] [PASSO 479]     SG: 0 | G1: 1 | G2: 2
[2026-02-07T01:57:16.877Z] [INFO   ] [PASSO 480] ═══════════════════════════════════════════════════════════
[2026-02-07T01:57:16.877Z] [INFO   ] [PASSO 481]   Processando Card 69/75...
[2026-02-07T01:57:17.003Z] [SUCCESS] [PASSO 482]   ✓ Card 69 extraído:
[2026-02-07T01:57:17.004Z] [INFO   ] [PASSO 483]     Título: Handicap Visitante (hav)
[2026-02-07T01:57:17.005Z] [INFO   ] [PASSO 484]     Percentual: 0.00%
[2026-02-07T01:57:17.005Z] [INFO   ] [PASSO 485]     SG: 0 | G1: 1 | G2: 2
[2026-02-07T01:57:17.006Z] [INFO   ] [PASSO 486] ═══════════════════════════════════════════════════════════
[2026-02-07T01:57:17.006Z] [INFO   ] [PASSO 487]   Processando Card 70/75...
[2026-02-07T01:57:17.123Z] [SUCCESS] [PASSO 488]   ✓ Card 70 extraído:
[2026-02-07T01:57:17.123Z] [INFO   ] [PASSO 489]     Título: Over 0.5 (o05)
[2026-02-07T01:57:17.124Z] [INFO   ] [PASSO 490]     Percentual: 100.00%
[2026-02-07T01:57:17.124Z] [INFO   ] [PASSO 491]     SG: 21 | G1: 1 | G2: 2
[2026-02-07T01:57:17.125Z] [INFO   ] [PASSO 492] ═══════════════════════════════════════════════════════════
[2026-02-07T01:57:17.125Z] [INFO   ] [PASSO 493]   Processando Card 71/75...
[2026-02-07T01:57:17.252Z] [SUCCESS] [PASSO 494]   ✓ Card 71 extraído:
[2026-02-07T01:57:17.253Z] [INFO   ] [PASSO 495]     Título: Over 1.5 (o15)
[2026-02-07T01:57:17.253Z] [INFO   ] [PASSO 496]     Percentual: 100.00%
[2026-02-07T01:57:17.254Z] [INFO   ] [PASSO 497]     SG: 16 | G1: 1 | G2: 2
[2026-02-07T01:57:17.254Z] [INFO   ] [PASSO 498] ═══════════════════════════════════════════════════════════
[2026-02-07T01:57:17.255Z] [INFO   ] [PASSO 499]   Processando Card 72/75...
[2026-02-07T01:57:17.372Z] [SUCCESS] [PASSO 500]   ✓ Card 72 extraído:
[2026-02-07T01:57:17.373Z] [INFO   ] [PASSO 501]     Título: Under 3.5 (u35)
[2026-02-07T01:57:17.373Z] [INFO   ] [PASSO 502]     Percentual: 100.00%
[2026-02-07T01:57:17.374Z] [INFO   ] [PASSO 503]     SG: 17 | G1: 1 | G2: 2
[2026-02-07T01:57:17.375Z] [INFO   ] [PASSO 504] ═══════════════════════════════════════════════════════════
[2026-02-07T01:57:17.375Z] [INFO   ] [PASSO 505]   Processando Card 73/75...
[2026-02-07T01:57:17.491Z] [SUCCESS] [PASSO 506]   ✓ Card 73 extraído:
[2026-02-07T01:57:17.491Z] [INFO   ] [PASSO 507]     Título: Under 2.5 (u25)
[2026-02-07T01:57:17.492Z] [INFO   ] [PASSO 508]     Percentual: 95.45%
[2026-02-07T01:57:17.492Z] [INFO   ] [PASSO 509]     SG: 11 | G1: 1 | G2: 2
[2026-02-07T01:57:17.493Z] [INFO   ] [PASSO 510] ═══════════════════════════════════════════════════════════
[2026-02-07T01:57:17.493Z] [INFO   ] [PASSO 511]   Processando Card 74/75...
[2026-02-07T01:57:17.611Z] [SUCCESS] [PASSO 512]   ✓ Card 74 extraído:
[2026-02-07T01:57:17.611Z] [INFO   ] [PASSO 513]     Título: Under 1.5 (u15)
[2026-02-07T01:57:17.612Z] [INFO   ] [PASSO 514]     Percentual: 68.18%
[2026-02-07T01:57:17.612Z] [INFO   ] [PASSO 515]     SG: 6 | G1: 1 | G2: 2
[2026-02-07T01:57:17.613Z] [INFO   ] [PASSO 516] ═══════════════════════════════════════════════════════════
[2026-02-07T01:57:17.614Z] [INFO   ] [PASSO 517]   Processando Card 75/75...
[2026-02-07T01:57:17.728Z] [SUCCESS] [PASSO 518]   ✓ Card 75 extraído:
[2026-02-07T01:57:17.728Z] [INFO   ] [PASSO 519]     Título: Under 0.5 (u05)
[2026-02-07T01:57:17.729Z] [INFO   ] [PASSO 520]     Percentual: 27.27%
[2026-02-07T01:57:17.729Z] [INFO   ] [PASSO 521]     SG: 1 | G1: 1 | G2: 2
[2026-02-07T01:57:17.730Z] [INFO   ] [PASSO 522] ═══════════════════════════════════════════════════════════
[2026-02-07T01:57:17.730Z] [INFO   ] [PASSO 523] SALVANDO CARDS NO BANCO DE DADOS...
[2026-02-07T01:57:17.731Z] [INFO   ] [PASSO 524]   Total de cards para inserir: 75
[2026-02-07T01:57:17.731Z] [INFO   ] [PASSO 525]   API URL: http://localhost:5000/api/resultados-cards/inserir-lote
[2026-02-07T01:57:17.731Z] [INFO   ] [PASSO 526]   Enviando 75 cards para API...
[2026-02-07T01:57:17.732Z] [DEBUG  ] [PASSO 527]   Dados: [{"titulo":"Ambas Marcam Sim (ambs)","padroes":"22/22","percentual":"100.00%","sg":12,"g1":1,"g2":2,"data_hora_busca":"2026-02-07T01:57:08.896Z"},{"titulo":"Casa Marca Sim (cms)","padroes":"22/22","percentual":"100.00%","sg":18,"g1":1,"g2":2,"data_hora_busca":"2026-02-07T01:57:09.014Z"},{"titulo":"V...
[2026-02-07T01:57:35.991Z] [BROWSER-ERROR] [PASSO 528] Console Error: Failed to load resource: the server responded with a status of 404 (Not Found)
[2026-02-07T01:57:38.522Z] [DEBUG  ] [PASSO 529]   Resposta da API: {"success":false,"error":"HTTP Error: 404"}
[2026-02-07T01:58:01.451Z] [ERROR  ] [PASSO 530] Erro ao salvar cards: HTTP Error: 404
[2026-02-07T02:02:07.628Z] [INFO   ] [PASSO 531] ═══════════════════════════════════════════════════════════
[2026-02-07T02:02:07.629Z] [INFO   ] [PASSO 532] RESUMO DA EXTRAÇÃO:
[2026-02-07T02:02:07.629Z] [INFO   ] [PASSO 533]   Total de cards processados: 75
[2026-02-07T02:02:07.630Z] [INFO   ] [PASSO 534]   Cards inseridos no banco: 0
[2026-02-07T02:02:07.630Z] [INFO   ] [PASSO 535]   Timestamp: 2026-02-07T01:57:08.774Z
[2026-02-07T02:02:07.631Z] [SUCCESS] [PASSO 536] Extraídos 75 cards com sucesso
[2026-02-07T02:02:07.631Z] [INFO   ] [PASSO 537] Card 1: Ambas Marcam Sim (ambs) | Percentual: 100.00% | SG: 12 | G1: 1 | G2: 2
[2026-02-07T02:02:07.631Z] [INFO   ] [PASSO 538] Card 2: Casa Marca Sim (cms) | Percentual: 100.00% | SG: 18 | G1: 1 | G2: 2
[2026-02-07T02:02:07.632Z] [INFO   ] [PASSO 539] Card 3: Visitante Marca Sim (vms) | Percentual: 100.00% | SG: 15 | G1: 1 | G2: 2
[2026-02-07T02:02:07.632Z] [INFO   ] [PASSO 540] Card 4: [HT] Empate (hte) | Percentual: 90.91% | SG: 12 | G1: 1 | G2: 2
[2026-02-07T02:02:07.632Z] [INFO   ] [PASSO 541] Card 5: Visitante (pmv) | Percentual: 90.91% | SG: 12 | G1: 1 | G2: 2
[2026-02-07T02:02:07.633Z] [INFO   ] [PASSO 542] Card 6: Over 2.5 (o25) | Percentual: 86.36% | SG: 11 | G1: 1 | G2: 2
[2026-02-07T02:02:07.633Z] [INFO   ] [PASSO 543] Card 7: Ambas Não Marcam (ambn) | Percentual: 81.82% | SG: 10 | G1: 1 | G2: 2
[2026-02-07T02:02:07.634Z] [INFO   ] [PASSO 544] Card 8: 0x0 HT (ht00) | Percentual: 81.82% | SG: 7 | G1: 1 | G2: 2
[2026-02-07T02:02:07.634Z] [INFO   ] [PASSO 545] Card 9: Visitante (umv) | Percentual: 77.27% | SG: 7 | G1: 1 | G2: 2
[2026-02-07T02:02:07.634Z] [INFO   ] [PASSO 546] Card 10: Vencedor Visitante (ftv) | Percentual: 72.73% | SG: 8 | G1: 1 | G2: 2
[2026-02-07T02:02:07.635Z] [INFO   ] [PASSO 547] Card 11: Casa Não Marca (cmn) | Percentual: 68.18% | SG: 4 | G1: 1 | G2: 2
[2026-02-07T02:02:07.635Z] [INFO   ] [PASSO 548] Card 12: Empate (fte) | Percentual: 68.18% | SG: 5 | G1: 1 | G2: 2
[2026-02-07T02:02:07.636Z] [INFO   ] [PASSO 549] Card 13: Casa (pmc) | Percentual: 68.18% | SG: 9 | G1: 1 | G2: 2
[2026-02-07T02:02:07.636Z] [INFO   ] [PASSO 550] Card 14: Casa (umc) | Percentual: 68.18% | SG: 14 | G1: 1 | G2: 2
[2026-02-07T02:02:07.636Z] [INFO   ] [PASSO 551] Card 15: 2 Gols (ge2) | Percentual: 63.64% | SG: 5 | G1: 1 | G2: 2
[2026-02-07T02:02:07.637Z] [INFO   ] [PASSO 552] Card 16: Visitante Não Marca (vmn) | Percentual: 59.09% | SG: 7 | G1: 1 | G2: 2
[2026-02-07T02:02:07.637Z] [INFO   ] [PASSO 553] Card 17: Vencedor Casa (ftc) | Percentual: 59.09% | SG: 9 | G1: 1 | G2: 2
[2026-02-07T02:02:07.637Z] [INFO   ] [PASSO 554] Card 18: Resultado Empate / Ambas Sim (reas) | Percentual: 59.09% | SG: 4 | G1: 1 | G2: 2
[2026-02-07T02:02:07.638Z] [INFO   ] [PASSO 555] Card 19: 3 Gols (ge3) | Percentual: 54.55% | SG: 6 | G1: 1 | G2: 2
[2026-02-07T02:02:07.638Z] [INFO   ] [PASSO 556] Card 20: 1x1 HT (ht11) | Percentual: 54.55% | SG: 5 | G1: 1 | G2: 2
[2026-02-07T02:02:07.639Z] [INFO   ] [PASSO 557] Card 21: Resultado Visitante / Ambas Não (rvan) | Percentual: 54.55% | SG: 3 | G1: 1 | G2: 2
[2026-02-07T02:02:07.639Z] [INFO   ] [PASSO 558] Card 22: Over 3.5 (o35) | Percentual: 50.00% | SG: 5 | G1: 1 | G2: 2
[2026-02-07T02:02:07.639Z] [INFO   ] [PASSO 559] Card 23: [HT] Vencedor Casa (htc) | Percentual: 50.00% | SG: 6 | G1: 1 | G2: 2
[2026-02-07T02:02:07.640Z] [INFO   ] [PASSO 560] Card 24: [HT] Vencedor Visitante (htv) | Percentual: 50.00% | SG: 4 | G1: 1 | G2: 2
[2026-02-07T02:02:07.640Z] [INFO   ] [PASSO 561] Card 25: 1 Gols (ge1) | Percentual: 50.00% | SG: 5 | G1: 1 | G2: 2
[2026-02-07T02:02:07.640Z] [INFO   ] [PASSO 562] Card 26: 1x1 FT (ft11) | Percentual: 45.45% | SG: 2 | G1: 1 | G2: 2
[2026-02-07T02:02:07.641Z] [INFO   ] [PASSO 563] Card 27: Resultado Visitante / Ambas Sim (rvas) | Percentual: 45.45% | SG: 5 | G1: 1 | G2: 2
[2026-02-07T02:02:07.641Z] [INFO   ] [PASSO 564] Card 28: 4 Gols (ge4) | Percentual: 40.91% | SG: 5 | G1: 1 | G2: 2
[2026-02-07T02:02:07.641Z] [INFO   ] [PASSO 565] Card 29: 1x0 HT (ht10) | Percentual: 40.91% | SG: 4 | G1: 1 | G2: 2
[2026-02-07T02:02:07.642Z] [INFO   ] [PASSO 566] Card 30: Resultado Casa / Ambas Não (rcan) | Percentual: 40.91% | SG: 6 | G1: 1 | G2: 2
[2026-02-07T02:02:07.642Z] [INFO   ] [PASSO 567] Card 31: 0x1 FT (ft01) | Percentual: 36.36% | SG: 2 | G1: 1 | G2: 2
[2026-02-07T02:02:07.642Z] [INFO   ] [PASSO 568] Card 32: Resultado Casa / Ambas Sim (rcas) | Percentual: 36.36% | SG: 3 | G1: 1 | G2: 2
[2026-02-07T02:02:07.643Z] [INFO   ] [PASSO 569] Card 33: 1x2 FT (ft12) | Percentual: 31.82% | SG: 4 | G1: 1 | G2: 2
[2026-02-07T02:02:07.643Z] [INFO   ] [PASSO 570] Card 34: 0x1 HT (ht01) | Percentual: 31.82% | SG: 3 | G1: 1 | G2: 2
[2026-02-07T02:02:07.643Z] [INFO   ] [PASSO 571] Card 35: 0 Gols (ge0) | Percentual: 27.27% | SG: 1 | G1: 1 | G2: 2
[2026-02-07T02:02:07.644Z] [INFO   ] [PASSO 572] Card 36: 0x0 FT (ft00) | Percentual: 27.27% | SG: 1 | G1: 1 | G2: 2
[2026-02-07T02:02:07.644Z] [INFO   ] [PASSO 573] Card 37: Resultado Empate / Ambas Não (rean) | Percentual: 27.27% | SG: 1 | G1: 1 | G2: 2
[2026-02-07T02:02:07.645Z] [INFO   ] [PASSO 574] Card 38: 2x0 FT (ft20) | Percentual: 22.73% | SG: 3 | G1: 1 | G2: 2
[2026-02-07T02:02:07.645Z] [INFO   ] [PASSO 575] Card 39: 1x0 FT (ft10) | Percentual: 18.18% | SG: 3 | G1: 1 | G2: 2
[2026-02-07T02:02:07.645Z] [INFO   ] [PASSO 576] Card 40: 2x1 FT (ft21) | Percentual: 18.18% | SG: 1 | G1: 1 | G2: 2
[2026-02-07T02:02:07.646Z] [INFO   ] [PASSO 577] Card 41: 3x1 FT (ft31) | Percentual: 18.18% | SG: 2 | G1: 1 | G2: 2
[2026-02-07T02:02:07.646Z] [INFO   ] [PASSO 578] Card 42: 0x3 FT (ft03) | Percentual: 18.18% | SG: 1 | G1: 1 | G2: 2
[2026-02-07T02:02:07.646Z] [INFO   ] [PASSO 579] Card 43: Over 5+ (o50) | Percentual: 13.64% | SG: 0 | G1: 1 | G2: 2
[2026-02-07T02:02:07.647Z] [INFO   ] [PASSO 580] Card 44: 2x2 FT (ft22) | Percentual: 13.64% | SG: 2 | G1: 1 | G2: 2
[2026-02-07T02:02:07.647Z] [INFO   ] [PASSO 581] Card 45: 0x2 HT (ht02) | Percentual: 13.64% | SG: 1 | G1: 1 | G2: 2
[2026-02-07T02:02:07.647Z] [INFO   ] [PASSO 582] Card 46: Outros HT (out) | Percentual: 13.64% | SG: 1 | G1: 1 | G2: 2
[2026-02-07T02:02:07.648Z] [INFO   ] [PASSO 583] Card 47: 5+ Gols (ge5) | Percentual: 9.09% | SG: 0 | G1: 1 | G2: 2
[2026-02-07T02:02:07.648Z] [INFO   ] [PASSO 584] Card 48: 0x2 FT (ft02) | Percentual: 9.09% | SG: 0 | G1: 1 | G2: 2
[2026-02-07T02:02:07.649Z] [INFO   ] [PASSO 585] Card 49: 1x3 FT (ft13) | Percentual: 9.09% | SG: 1 | G1: 1 | G2: 2
[2026-02-07T02:02:07.649Z] [INFO   ] [PASSO 586] Card 50: Viradinha (vira) | Percentual: 9.09% | SG: 0 | G1: 1 | G2: 2
[2026-02-07T02:02:07.649Z] [INFO   ] [PASSO 587] Card 51: 3x2 FT (ft32) | Percentual: 4.55% | SG: 0 | G1: 1 | G2: 2
[2026-02-07T02:02:07.650Z] [INFO   ] [PASSO 588] Card 52: 2x3 FT (ft23) | Percentual: 4.55% | SG: 0 | G1: 1 | G2: 2
[2026-02-07T02:02:07.650Z] [INFO   ] [PASSO 589] Card 53: 5+ Visitante (ft50_f) | Percentual: 4.55% | SG: 0 | G1: 1 | G2: 2
[2026-02-07T02:02:07.650Z] [INFO   ] [PASSO 590] Card 54: 2x0 HT (ht20) | Percentual: 4.55% | SG: 1 | G1: 1 | G2: 2
[2026-02-07T02:02:07.651Z] [INFO   ] [PASSO 591] Card 55: 3x0 FT (ft30) | Percentual: 0.00% | SG: 0 | G1: 1 | G2: 2
[2026-02-07T02:02:07.651Z] [INFO   ] [PASSO 592] Card 56: 4x0 FT (ft40) | Percentual: 0.00% | SG: 0 | G1: 1 | G2: 2
[2026-02-07T02:02:07.651Z] [INFO   ] [PASSO 593] Card 57: 4x1 FT (ft41) | Percentual: 0.00% | SG: 0 | G1: 1 | G2: 2
[2026-02-07T02:02:07.652Z] [INFO   ] [PASSO 594] Card 58: 4x2 FT (ft42) | Percentual: 0.00% | SG: 0 | G1: 1 | G2: 2
[2026-02-07T02:02:07.652Z] [INFO   ] [PASSO 595] Card 59: 4x3 FT (ft43) | Percentual: 0.00% | SG: 0 | G1: 1 | G2: 2
[2026-02-07T02:02:07.653Z] [INFO   ] [PASSO 596] Card 60: 5+ Casa (ft50_c) | Percentual: 0.00% | SG: 0 | G1: 1 | G2: 2
[2026-02-07T02:02:07.653Z] [INFO   ] [PASSO 597] Card 61: 3x3 FT (ft33) | Percentual: 0.00% | SG: 0 | G1: 1 | G2: 2
[2026-02-07T02:02:07.653Z] [INFO   ] [PASSO 598] Card 62: 4x4 FT (ft44) | Percentual: 0.00% | SG: 0 | G1: 1 | G2: 2
[2026-02-07T02:02:07.654Z] [INFO   ] [PASSO 599] Card 63: 5+ Empate (ft50_e) | Percentual: 0.00% | SG: 0 | G1: 1 | G2: 2
[2026-02-07T02:02:07.654Z] [INFO   ] [PASSO 600] Card 64: 0x4 FT (ft04) | Percentual: 0.00% | SG: 0 | G1: 1 | G2: 2
[2026-02-07T02:02:07.654Z] [INFO   ] [PASSO 601] Card 65: 1x4 FT (ft14) | Percentual: 0.00% | SG: 0 | G1: 1 | G2: 2
[2026-02-07T02:02:07.655Z] [INFO   ] [PASSO 602] Card 66: 2x4 FT (ft24) | Percentual: 0.00% | SG: 0 | G1: 1 | G2: 2
[2026-02-07T02:02:07.655Z] [INFO   ] [PASSO 603] Card 67: 3x4 FT (ft34) | Percentual: 0.00% | SG: 0 | G1: 1 | G2: 2
[2026-02-07T02:02:07.655Z] [INFO   ] [PASSO 604] Card 68: Handicap Casa (hac) | Percentual: 0.00% | SG: 0 | G1: 1 | G2: 2
[2026-02-07T02:02:07.656Z] [INFO   ] [PASSO 605] Card 69: Handicap Visitante (hav) | Percentual: 0.00% | SG: 0 | G1: 1 | G2: 2
[2026-02-07T02:02:07.656Z] [INFO   ] [PASSO 606] Card 70: Over 0.5 (o05) | Percentual: 100.00% | SG: 21 | G1: 1 | G2: 2
[2026-02-07T02:02:07.656Z] [INFO   ] [PASSO 607] Card 71: Over 1.5 (o15) | Percentual: 100.00% | SG: 16 | G1: 1 | G2: 2
[2026-02-07T02:02:07.657Z] [INFO   ] [PASSO 608] Card 72: Under 3.5 (u35) | Percentual: 100.00% | SG: 17 | G1: 1 | G2: 2
[2026-02-07T02:02:07.657Z] [INFO   ] [PASSO 609] Card 73: Under 2.5 (u25) | Percentual: 95.45% | SG: 11 | G1: 1 | G2: 2
[2026-02-07T02:02:07.658Z] [INFO   ] [PASSO 610] Card 74: Under 1.5 (u15) | Percentual: 68.18% | SG: 6 | G1: 1 | G2: 2
[2026-02-07T02:02:07.658Z] [INFO   ] [PASSO 611] Card 75: Under 0.5 (u05) | Percentual: 27.27% | SG: 1 | G1: 1 | G2: 2
[2026-02-07T02:02:07.658Z] [SUCCESS] [PASSO 612] ========================================
[2026-02-07T02:02:07.658Z] [SUCCESS] [PASSO 613] BUSCADOR DE PADRÕES CONCLUÍDO COM SUCESSO!
[2026-02-07T02:02:07.659Z] [SUCCESS] [PASSO 614] ========================================
[2026-02-07T02:58:43.222Z] [INFO   ] [PASSO 1] ========================================
[2026-02-07T02:58:43.222Z] [INFO   ] [PASSO 2] INICIANDO BB TIPS ROBOT
[2026-02-07T02:58:43.223Z] [INFO   ] [PASSO 3] ========================================
[2026-02-07T02:58:43.223Z] [INFO   ] [PASSO 4] URL Base (BB Tips): https://app.bbtips.com.br
[2026-02-07T02:58:43.224Z] [INFO   ] [PASSO 5] API URL (Banco): http://localhost:5000
[2026-02-07T02:58:43.224Z] [INFO   ] [PASSO 6] Email: ****@***.***
[2026-02-07T02:58:43.224Z] [INFO   ] [PASSO 7] Inicializando browser...
[2026-02-07T02:58:43.925Z] [SUCCESS] [PASSO 8] Browser iniciado com sucesso
[2026-02-07T02:58:43.927Z] [INFO   ] [PASSO 9] ---------------------------------------
[2026-02-07T02:58:43.927Z] [INFO   ] [PASSO 10] INICIANDO LOGIN
[2026-02-07T02:58:43.928Z] [INFO   ] [PASSO 11] ---------------------------------------
[2026-02-07T02:58:43.928Z] [INFO   ] [PASSO 12] Navegando para: https://app.bbtips.com.br/login
[2026-02-07T02:58:48.583Z] [DEBUG  ] [PASSO 13] Título da página: BB Tips
[2026-02-07T02:58:48.584Z] [INFO   ] [PASSO 14] Procurando campo de email...
[2026-02-07T02:58:48.599Z] [SUCCESS] [PASSO 15] Campo de email encontrado
[2026-02-07T02:58:48.678Z] [INFO   ] [PASSO 16] Email preenchido
[2026-02-07T02:58:48.679Z] [INFO   ] [PASSO 17] Procurando campo de senha...
[2026-02-07T02:58:48.683Z] [SUCCESS] [PASSO 18] Campo de senha encontrado
[2026-02-07T02:58:48.712Z] [INFO   ] [PASSO 19] Senha preenchida
[2026-02-07T02:58:48.712Z] [INFO   ] [PASSO 20] Procurando botão de login...
[2026-02-07T02:58:48.718Z] [SUCCESS] [PASSO 21] Botão de login encontrado: "Entrar"
[2026-02-07T02:58:48.745Z] [INFO   ] [PASSO 22] Clicou no botão de login, aguardando...
[2026-02-07T02:58:53.757Z] [INFO   ] [PASSO 23] URL atual: https://app.bbtips.com.br/inicio
[2026-02-07T02:58:53.758Z] [SUCCESS] [PASSO 24] Login realizado com sucesso!
[2026-02-07T02:58:53.758Z] [INFO   ] [PASSO 25] URL após login: https://app.bbtips.com.br/inicio
[2026-02-07T02:58:53.759Z] [INFO   ] [PASSO 26] ---------------------------------------
[2026-02-07T02:58:53.760Z] [INFO   ] [PASSO 27] EXECUTANDO BUSCADOR DE PADRÕES
[2026-02-07T02:58:53.760Z] [INFO   ] [PASSO 28] ---------------------------------------
[2026-02-07T02:58:53.760Z] [INFO   ] [PASSO 29] URL Base do robô: https://app.bbtips.com.br
[2026-02-07T02:58:53.761Z] [INFO   ] [PASSO 30] Navegando para: https://app.bbtips.com.br/bots/novo
[2026-02-07T02:58:53.761Z] [DEBUG  ] [PASSO 31] URL atual antes de navegar: https://app.bbtips.com.br/inicio
[2026-02-07T02:58:55.428Z] [DEBUG  ] [PASSO 32] URL após navegar: https://app.bbtips.com.br/bots/novo
[2026-02-07T02:58:58.457Z] [DEBUG  ] [PASSO 33] Conteúdo da página: 23/02/2026
 Bet365 
 Betano 
 Kiron
 SportingBet
 Aviator 
 Blaze 
 Roletas
 Luiz Silva 
Criar Novo Robô
Layout Antigo
Público
Selecione a Liga que deseja atuar
TodasCopaEuroSuperPremier
Nome
Chat
×[B...
[2026-02-07T02:58:58.458Z] [INFO   ] [PASSO 34] Procurando botão Buscar Padrões...
[2026-02-07T02:58:58.464Z] [SUCCESS] [PASSO 35] Botão Buscar Padrões encontrado: "Buscador de Padrões 🤖"
[2026-02-07T02:59:00.514Z] [INFO   ] [PASSO 36] Procurando campo Máximo Pulos...
[2026-02-07T02:59:00.517Z] [WARN   ] [PASSO 37] Campo Máximo Pulos não encontrado via ng-select
[2026-02-07T02:59:00.519Z] [WARN   ] [PASSO 38] Campo Máximo Pulos não encontrado
[2026-02-07T02:59:00.520Z] [INFO   ] [PASSO 39] Procurando botão Buscar no modal...
[2026-02-07T02:59:00.524Z] [SUCCESS] [PASSO 40] Botão Buscar encontrado: "Buscar"
[2026-02-07T02:59:00.546Z] [INFO   ] [PASSO 41] Clicou em Buscar, aguardando resultados...
[2026-02-07T02:59:05.562Z] [INFO   ] [PASSO 42] Procurando resultados da busca...
[2026-02-07T02:59:07.573Z] [SUCCESS] [PASSO 43] Quinta tabela encontrada
[2026-02-07T02:59:07.576Z] [INFO   ] [PASSO 44] Clicando na primeira linha da quinta tabela...
[2026-02-07T02:59:08.618Z] [INFO   ] [PASSO 45] Procurando dialog SweetAlert2...
[2026-02-07T02:59:10.127Z] [SUCCESS] [PASSO 46] Modal SweetAlert2 encontrado
[2026-02-07T02:59:10.131Z] [SUCCESS] [PASSO 47] Botão encontrado: "Sim"
[2026-02-07T02:59:10.132Z] [SUCCESS] [PASSO 48] Clicando em "Sim"
[2026-02-07T02:59:10.212Z] [INFO   ] [PASSO 49] Clicou no botão Sim
[2026-02-07T02:59:11.716Z] [INFO   ] [PASSO 50] Procurando elemento para clicar...
[2026-02-07T02:59:12.725Z] [SUCCESS] [PASSO 51] Elemento encontrado
[2026-02-07T02:59:12.746Z] [INFO   ] [PASSO 52] Clicou no elemento div[2]
[2026-02-07T02:59:13.749Z] [INFO   ] [PASSO 53] Procurando span para clicar...
[2026-02-07T02:59:14.768Z] [SUCCESS] [PASSO 54] Span encontrado: "VER MAIS"
[2026-02-07T02:59:14.862Z] [INFO   ] [PASSO 55] Clicou no span
[2026-02-07T02:59:15.873Z] [INFO   ] [PASSO 56] ========================================
[2026-02-07T02:59:15.874Z] [INFO   ] [PASSO 57] EXTRAINDO DADOS DOS CARDS
[2026-02-07T02:59:15.874Z] [INFO   ] [PASSO 58] ========================================
[2026-02-07T02:59:15.875Z] [INFO   ] [PASSO 59] ╔══════════════════════════════════════════════════════════╗
[2026-02-07T02:59:15.875Z] [INFO   ] [PASSO 60] ║          EXTRAÇÃO DE DADOS DOS CARDS (XPath)         ║
[2026-02-07T02:59:15.875Z] [INFO   ] [PASSO 61] ╚══════════════════════════════════════════════════════════╝
[2026-02-07T02:59:15.876Z] [INFO   ] [PASSO 62] Timestamp: 2026-02-07T02:59:15.876Z
[2026-02-07T02:59:17.885Z] [INFO   ] [PASSO 63] ══════════════════════════════════════════════════════════
[2026-02-07T02:59:17.886Z] [INFO   ] [PASSO 64] BUSCA POR CONTAINER DE CARDS:
[2026-02-07T02:59:17.886Z] [INFO   ] [PASSO 65]   XPath Container: /html/body/app-root/div/app-robos-novo/div/div/div[5]/div[1]/div[1]/div[3]/div[3]/div[2]/div[2]/div[1]
[2026-02-07T02:59:17.894Z] [SUCCESS] [PASSO 66] Container encontrado
[2026-02-07T02:59:17.894Z] [INFO   ] [PASSO 67] ══════════════════════════════════════════════════════════
[2026-02-07T02:59:17.895Z] [INFO   ] [PASSO 68] BUSCA POR CARDS DENTRO DO CONTAINER:
[2026-02-07T02:59:17.895Z] [INFO   ] [PASSO 69]   XPath Cards: ./div[not(contains(@class, 'row'))]
[2026-02-07T02:59:17.966Z] [INFO   ] [PASSO 70]   Cards encontrados via XPath: 75
[2026-02-07T02:59:17.966Z] [SUCCESS] [PASSO 71] Total de cards encontrados: 75
[2026-02-07T02:59:17.966Z] [INFO   ] [PASSO 72] ═══════════════════════════════════════════════════════════
[2026-02-07T02:59:17.967Z] [INFO   ] [PASSO 73]   Processando Card 1/75...
[2026-02-07T02:59:18.007Z] [DEBUG  ] [PASSO 74]   ✓ Card 1: Ambas Marcam Sim (ambs) | (100.00%) | SG:0 | G1:0 | G2:0
[2026-02-07T02:59:18.008Z] [INFO   ] [PASSO 75]   ✓ Card 1: Ambas Marcam Sim (ambs) | (100.00%) | SG:0 | G1:0 | G2:0
[2026-02-07T02:59:18.008Z] [INFO   ] [PASSO 76] ═══════════════════════════════════════════════════════════
[2026-02-07T02:59:18.008Z] [INFO   ] [PASSO 77]   Processando Card 2/75...
[2026-02-07T02:59:18.044Z] [DEBUG  ] [PASSO 78]   ✓ Card 2: Casa Marca Sim (cms) | (100.00%) | SG:0 | G1:0 | G2:0
[2026-02-07T02:59:18.044Z] [INFO   ] [PASSO 79]   ✓ Card 2: Casa Marca Sim (cms) | (100.00%) | SG:0 | G1:0 | G2:0
[2026-02-07T02:59:18.045Z] [INFO   ] [PASSO 80] ═══════════════════════════════════════════════════════════
[2026-02-07T02:59:18.045Z] [INFO   ] [PASSO 81]   Processando Card 3/75...
[2026-02-07T02:59:18.081Z] [DEBUG  ] [PASSO 82]   ✓ Card 3: Visitante Marca Sim (vms) | (100.00%) | SG:0 | G1:0 | G2:0
[2026-02-07T02:59:18.082Z] [INFO   ] [PASSO 83]   ✓ Card 3: Visitante Marca Sim (vms) | (100.00%) | SG:0 | G1:0 | G2:0
[2026-02-07T02:59:18.082Z] [INFO   ] [PASSO 84] ═══════════════════════════════════════════════════════════
[2026-02-07T02:59:18.083Z] [INFO   ] [PASSO 85]   Processando Card 4/75...
[2026-02-07T02:59:18.118Z] [DEBUG  ] [PASSO 86]   ✓ Card 4: [HT] Empate (hte) | (91.67%) | SG:0 | G1:0 | G2:0
[2026-02-07T02:59:18.118Z] [INFO   ] [PASSO 87]   ✓ Card 4: [HT] Empate (hte) | (91.67%) | SG:0 | G1:0 | G2:0
[2026-02-07T02:59:18.119Z] [INFO   ] [PASSO 88] ═══════════════════════════════════════════════════════════
[2026-02-07T02:59:18.119Z] [INFO   ] [PASSO 89]   Processando Card 5/75...
[2026-02-07T02:59:18.155Z] [DEBUG  ] [PASSO 90]   ✓ Card 5: Visitante (pmv) | (91.67%) | SG:0 | G1:0 | G2:0
[2026-02-07T02:59:18.155Z] [INFO   ] [PASSO 91]   ✓ Card 5: Visitante (pmv) | (91.67%) | SG:0 | G1:0 | G2:0
[2026-02-07T02:59:18.156Z] [INFO   ] [PASSO 92] ═══════════════════════════════════════════════════════════
[2026-02-07T02:59:18.156Z] [INFO   ] [PASSO 93]   Processando Card 6/75...
[2026-02-07T02:59:18.191Z] [DEBUG  ] [PASSO 94]   ✓ Card 6: Over 2.5 (o25) | (87.50%) | SG:0 | G1:0 | G2:0
[2026-02-07T02:59:18.191Z] [INFO   ] [PASSO 95]   ✓ Card 6: Over 2.5 (o25) | (87.50%) | SG:0 | G1:0 | G2:0
[2026-02-07T02:59:18.192Z] [INFO   ] [PASSO 96] ═══════════════════════════════════════════════════════════
[2026-02-07T02:59:18.192Z] [INFO   ] [PASSO 97]   Processando Card 7/75...
[2026-02-07T02:59:18.227Z] [DEBUG  ] [PASSO 98]   ✓ Card 7: Ambas Não Marcam (ambn) | (83.33%) | SG:0 | G1:0 | G2:0
[2026-02-07T02:59:18.228Z] [INFO   ] [PASSO 99]   ✓ Card 7: Ambas Não Marcam (ambn) | (83.33%) | SG:0 | G1:0 | G2:0
[2026-02-07T02:59:18.228Z] [INFO   ] [PASSO 100] ═══════════════════════════════════════════════════════════
[2026-02-07T02:59:18.229Z] [INFO   ] [PASSO 101]   Processando Card 8/75...
[2026-02-07T02:59:18.263Z] [DEBUG  ] [PASSO 102]   ✓ Card 8: 0x0 HT (ht00) | (83.33%) | SG:0 | G1:0 | G2:0
[2026-02-07T02:59:18.264Z] [INFO   ] [PASSO 103]   ✓ Card 8: 0x0 HT (ht00) | (83.33%) | SG:0 | G1:0 | G2:0
[2026-02-07T02:59:18.265Z] [INFO   ] [PASSO 104] ═══════════════════════════════════════════════════════════
[2026-02-07T02:59:18.265Z] [INFO   ] [PASSO 105]   Processando Card 9/75...
[2026-02-07T02:59:18.306Z] [DEBUG  ] [PASSO 106]   ✓ Card 9: Visitante (umv) | (79.17%) | SG:0 | G1:0 | G2:0
[2026-02-07T02:59:18.306Z] [INFO   ] [PASSO 107]   ✓ Card 9: Visitante (umv) | (79.17%) | SG:0 | G1:0 | G2:0
[2026-02-07T02:59:18.307Z] [INFO   ] [PASSO 108] ═══════════════════════════════════════════════════════════
[2026-02-07T02:59:18.307Z] [INFO   ] [PASSO 109]   Processando Card 10/75...
[2026-02-07T02:59:18.358Z] [DEBUG  ] [PASSO 110]   ✓ Card 10: Vencedor Visitante (ftv) | (75.00%) | SG:0 | G1:0 | G2:0
[2026-02-07T02:59:18.359Z] [INFO   ] [PASSO 111]   ✓ Card 10: Vencedor Visitante (ftv) | (75.00%) | SG:0 | G1:0 | G2:0
[2026-02-07T02:59:18.359Z] [INFO   ] [PASSO 112] ═══════════════════════════════════════════════════════════
[2026-02-07T02:59:18.360Z] [INFO   ] [PASSO 113]   Processando Card 11/75...
[2026-02-07T02:59:18.402Z] [DEBUG  ] [PASSO 114]   ✓ Card 11: Empate (fte) | (70.83%) | SG:0 | G1:0 | G2:0
[2026-02-07T02:59:18.403Z] [INFO   ] [PASSO 115]   ✓ Card 11: Empate (fte) | (70.83%) | SG:0 | G1:0 | G2:0
[2026-02-07T02:59:18.403Z] [INFO   ] [PASSO 116] ═══════════════════════════════════════════════════════════
[2026-02-07T02:59:18.404Z] [INFO   ] [PASSO 117]   Processando Card 12/75...
[2026-02-07T02:59:18.442Z] [DEBUG  ] [PASSO 118]   ✓ Card 12: Casa (umc) | (70.83%) | SG:0 | G1:0 | G2:0
[2026-02-07T02:59:18.442Z] [INFO   ] [PASSO 119]   ✓ Card 12: Casa (umc) | (70.83%) | SG:0 | G1:0 | G2:0
[2026-02-07T02:59:18.443Z] [INFO   ] [PASSO 120] ═══════════════════════════════════════════════════════════
[2026-02-07T02:59:18.443Z] [INFO   ] [PASSO 121]   Processando Card 13/75...
[2026-02-07T02:59:18.481Z] [DEBUG  ] [PASSO 122]   ✓ Card 13: Casa Não Marca (cmn) | (66.67%) | SG:0 | G1:0 | G2:0
[2026-02-07T02:59:18.482Z] [INFO   ] [PASSO 123]   ✓ Card 13: Casa Não Marca (cmn) | (66.67%) | SG:0 | G1:0 | G2:0
[2026-02-07T02:59:18.482Z] [INFO   ] [PASSO 124] ═══════════════════════════════════════════════════════════
[2026-02-07T02:59:18.482Z] [INFO   ] [PASSO 125]   Processando Card 14/75...
[2026-02-07T02:59:18.520Z] [DEBUG  ] [PASSO 126]   ✓ Card 14: 2 Gols (ge2) | (66.67%) | SG:0 | G1:0 | G2:0
[2026-02-07T02:59:18.520Z] [INFO   ] [PASSO 127]   ✓ Card 14: 2 Gols (ge2) | (66.67%) | SG:0 | G1:0 | G2:0
[2026-02-07T02:59:18.521Z] [INFO   ] [PASSO 128] ═══════════════════════════════════════════════════════════
[2026-02-07T02:59:18.521Z] [INFO   ] [PASSO 129]   Processando Card 15/75...
[2026-02-07T02:59:18.559Z] [DEBUG  ] [PASSO 130]   ✓ Card 15: Casa (pmc) | (66.67%) | SG:0 | G1:0 | G2:0
[2026-02-07T02:59:18.560Z] [INFO   ] [PASSO 131]   ✓ Card 15: Casa (pmc) | (66.67%) | SG:0 | G1:0 | G2:0
[2026-02-07T02:59:18.560Z] [INFO   ] [PASSO 132] ═══════════════════════════════════════════════════════════
[2026-02-07T02:59:18.561Z] [INFO   ] [PASSO 133]   Processando Card 16/75...
[2026-02-07T02:59:18.600Z] [DEBUG  ] [PASSO 134]   ✓ Card 16: Visitante Não Marca (vmn) | (62.50%) | SG:0 | G1:0 | G2:0
[2026-02-07T02:59:18.600Z] [INFO   ] [PASSO 135]   ✓ Card 16: Visitante Não Marca (vmn) | (62.50%) | SG:0 | G1:0 | G2:0
[2026-02-07T02:59:18.601Z] [INFO   ] [PASSO 136] ═══════════════════════════════════════════════════════════
[2026-02-07T02:59:18.601Z] [INFO   ] [PASSO 137]   Processando Card 17/75...
[2026-02-07T02:59:18.639Z] [DEBUG  ] [PASSO 138]   ✓ Card 17: Vencedor Casa (ftc) | (58.33%) | SG:0 | G1:0 | G2:0
[2026-02-07T02:59:18.640Z] [INFO   ] [PASSO 139]   ✓ Card 17: Vencedor Casa (ftc) | (58.33%) | SG:0 | G1:0 | G2:0
[2026-02-07T02:59:18.640Z] [INFO   ] [PASSO 140] ═══════════════════════════════════════════════════════════
[2026-02-07T02:59:18.641Z] [INFO   ] [PASSO 141]   Processando Card 18/75...
[2026-02-07T02:59:18.677Z] [DEBUG  ] [PASSO 142]   ✓ Card 18: Resultado Empate / Ambas Sim (reas) | (58.33%) | SG:0 | G1:0 | G2:0
[2026-02-07T02:59:18.678Z] [INFO   ] [PASSO 143]   ✓ Card 18: Resultado Empate / Ambas Sim (reas) | (58.33%) | SG:0 | G1:0 | G2:0
[2026-02-07T02:59:18.678Z] [INFO   ] [PASSO 144] ═══════════════════════════════════════════════════════════
[2026-02-07T02:59:18.679Z] [INFO   ] [PASSO 145]   Processando Card 19/75...
[2026-02-07T02:59:18.713Z] [DEBUG  ] [PASSO 146]   ✓ Card 19: [HT] Vencedor Visitante (htv) | (54.17%) | SG:0 | G1:0 | G2:0
[2026-02-07T02:59:18.714Z] [INFO   ] [PASSO 147]   ✓ Card 19: [HT] Vencedor Visitante (htv) | (54.17%) | SG:0 | G1:0 | G2:0
[2026-02-07T02:59:18.714Z] [INFO   ] [PASSO 148] ═══════════════════════════════════════════════════════════
[2026-02-07T02:59:18.715Z] [INFO   ] [PASSO 149]   Processando Card 20/75...
[2026-02-07T02:59:18.750Z] [DEBUG  ] [PASSO 150]   ✓ Card 20: 3 Gols (ge3) | (54.17%) | SG:0 | G1:0 | G2:0
[2026-02-07T02:59:18.751Z] [INFO   ] [PASSO 151]   ✓ Card 20: 3 Gols (ge3) | (54.17%) | SG:0 | G1:0 | G2:0
[2026-02-07T02:59:18.751Z] [INFO   ] [PASSO 152] ═══════════════════════════════════════════════════════════
[2026-02-07T02:59:18.752Z] [INFO   ] [PASSO 153]   Processando Card 21/75...
[2026-02-07T02:59:18.791Z] [DEBUG  ] [PASSO 154]   ✓ Card 21: 1x1 HT (ht11) | (54.17%) | SG:0 | G1:0 | G2:0
[2026-02-07T02:59:18.791Z] [INFO   ] [PASSO 155]   ✓ Card 21: 1x1 HT (ht11) | (54.17%) | SG:0 | G1:0 | G2:0
[2026-02-07T02:59:18.792Z] [INFO   ] [PASSO 156] ═══════════════════════════════════════════════════════════
[2026-02-07T02:59:18.792Z] [INFO   ] [PASSO 157]   Processando Card 22/75...
[2026-02-07T02:59:18.832Z] [DEBUG  ] [PASSO 158]   ✓ Card 22: Resultado Visitante / Ambas Não (rvan) | (54.17%) | SG:0 | G1:0 | G2:0
[2026-02-07T02:59:18.833Z] [INFO   ] [PASSO 159]   ✓ Card 22: Resultado Visitante / Ambas Não (rvan) | (54.17%) | SG:0 | G1:0 | G2:0
[2026-02-07T02:59:18.833Z] [INFO   ] [PASSO 160] ═══════════════════════════════════════════════════════════
[2026-02-07T02:59:18.833Z] [INFO   ] [PASSO 161]   Processando Card 23/75...
[2026-02-07T02:59:18.869Z] [DEBUG  ] [PASSO 162]   ✓ Card 23: Over 3.5 (o35) | (50.00%) | SG:0 | G1:0 | G2:0
[2026-02-07T02:59:18.869Z] [INFO   ] [PASSO 163]   ✓ Card 23: Over 3.5 (o35) | (50.00%) | SG:0 | G1:0 | G2:0
[2026-02-07T02:59:18.870Z] [INFO   ] [PASSO 164] ═══════════════════════════════════════════════════════════
[2026-02-07T02:59:18.870Z] [INFO   ] [PASSO 165]   Processando Card 24/75...
[2026-02-07T02:59:18.904Z] [DEBUG  ] [PASSO 166]   ✓ Card 24: Resultado Visitante / Ambas Sim (rvas) | (50.00%) | SG:0 | G1:0 | G2:0
[2026-02-07T02:59:18.905Z] [INFO   ] [PASSO 167]   ✓ Card 24: Resultado Visitante / Ambas Sim (rvas) | (50.00%) | SG:0 | G1:0 | G2:0
[2026-02-07T02:59:18.906Z] [INFO   ] [PASSO 168] ═══════════════════════════════════════════════════════════
[2026-02-07T02:59:18.906Z] [INFO   ] [PASSO 169]   Processando Card 25/75...
[2026-02-07T02:59:18.943Z] [DEBUG  ] [PASSO 170]   ✓ Card 25: [HT] Vencedor Casa (htc) | (45.83%) | SG:0 | G1:0 | G2:0
[2026-02-07T02:59:18.943Z] [INFO   ] [PASSO 171]   ✓ Card 25: [HT] Vencedor Casa (htc) | (45.83%) | SG:0 | G1:0 | G2:0
[2026-02-07T02:59:18.944Z] [INFO   ] [PASSO 172] ═══════════════════════════════════════════════════════════
[2026-02-07T02:59:18.944Z] [INFO   ] [PASSO 173]   Processando Card 26/75...
[2026-02-07T02:59:18.987Z] [DEBUG  ] [PASSO 174]   ✓ Card 26: 1 Gols (ge1) | (45.83%) | SG:0 | G1:0 | G2:0
[2026-02-07T02:59:18.988Z] [INFO   ] [PASSO 175]   ✓ Card 26: 1 Gols (ge1) | (45.83%) | SG:0 | G1:0 | G2:0
[2026-02-07T02:59:18.989Z] [INFO   ] [PASSO 176] ═══════════════════════════════════════════════════════════
[2026-02-07T02:59:18.989Z] [INFO   ] [PASSO 177]   Processando Card 27/75...
[2026-02-07T02:59:19.026Z] [DEBUG  ] [PASSO 178]   ✓ Card 27: 1x1 FT (ft11) | (45.83%) | SG:0 | G1:0 | G2:0
[2026-02-07T02:59:19.027Z] [INFO   ] [PASSO 179]   ✓ Card 27: 1x1 FT (ft11) | (45.83%) | SG:0 | G1:0 | G2:0
[2026-02-07T02:59:19.027Z] [INFO   ] [PASSO 180] ═══════════════════════════════════════════════════════════
[2026-02-07T02:59:19.028Z] [INFO   ] [PASSO 181]   Processando Card 28/75...
[2026-02-07T02:59:19.063Z] [DEBUG  ] [PASSO 182]   ✓ Card 28: Resultado Casa / Ambas Não (rcan) | (41.67%) | SG:0 | G1:0 | G2:0
[2026-02-07T02:59:19.063Z] [INFO   ] [PASSO 183]   ✓ Card 28: Resultado Casa / Ambas Não (rcan) | (41.67%) | SG:0 | G1:0 | G2:0
[2026-02-07T02:59:19.064Z] [INFO   ] [PASSO 184] ═══════════════════════════════════════════════════════════
[2026-02-07T02:59:19.064Z] [INFO   ] [PASSO 185]   Processando Card 29/75...
[2026-02-07T02:59:19.103Z] [DEBUG  ] [PASSO 186]   ✓ Card 29: 4 Gols (ge4) | (37.50%) | SG:0 | G1:0 | G2:0
[2026-02-07T02:59:19.104Z] [INFO   ] [PASSO 187]   ✓ Card 29: 4 Gols (ge4) | (37.50%) | SG:0 | G1:0 | G2:0
[2026-02-07T02:59:19.105Z] [INFO   ] [PASSO 188] ═══════════════════════════════════════════════════════════
[2026-02-07T02:59:19.105Z] [INFO   ] [PASSO 189]   Processando Card 30/75...
[2026-02-07T02:59:19.139Z] [DEBUG  ] [PASSO 190]   ✓ Card 30: 1x0 HT (ht10) | (37.50%) | SG:0 | G1:0 | G2:0
[2026-02-07T02:59:19.140Z] [INFO   ] [PASSO 191]   ✓ Card 30: 1x0 HT (ht10) | (37.50%) | SG:0 | G1:0 | G2:0
[2026-02-07T02:59:19.141Z] [INFO   ] [PASSO 192] ═══════════════════════════════════════════════════════════
[2026-02-07T02:59:19.141Z] [INFO   ] [PASSO 193]   Processando Card 31/75...
[2026-02-07T02:59:19.176Z] [DEBUG  ] [PASSO 194]   ✓ Card 31: 0x1 FT (ft01) | (33.33%) | SG:0 | G1:0 | G2:0
[2026-02-07T02:59:19.177Z] [INFO   ] [PASSO 195]   ✓ Card 31: 0x1 FT (ft01) | (33.33%) | SG:0 | G1:0 | G2:0
[2026-02-07T02:59:19.177Z] [INFO   ] [PASSO 196] ═══════════════════════════════════════════════════════════
[2026-02-07T02:59:19.178Z] [INFO   ] [PASSO 197]   Processando Card 32/75...
[2026-02-07T02:59:19.212Z] [DEBUG  ] [PASSO 198]   ✓ Card 32: 1x2 FT (ft12) | (33.33%) | SG:0 | G1:0 | G2:0
[2026-02-07T02:59:19.213Z] [INFO   ] [PASSO 199]   ✓ Card 32: 1x2 FT (ft12) | (33.33%) | SG:0 | G1:0 | G2:0
[2026-02-07T02:59:19.214Z] [INFO   ] [PASSO 200] ═══════════════════════════════════════════════════════════
[2026-02-07T02:59:19.214Z] [INFO   ] [PASSO 201]   Processando Card 33/75...
[2026-02-07T02:59:19.248Z] [DEBUG  ] [PASSO 202]   ✓ Card 33: 0x1 HT (ht01) | (33.33%) | SG:0 | G1:0 | G2:0
[2026-02-07T02:59:19.249Z] [INFO   ] [PASSO 203]   ✓ Card 33: 0x1 HT (ht01) | (33.33%) | SG:0 | G1:0 | G2:0
[2026-02-07T02:59:19.249Z] [INFO   ] [PASSO 204] ═══════════════════════════════════════════════════════════
[2026-02-07T02:59:19.250Z] [INFO   ] [PASSO 205]   Processando Card 34/75...
[2026-02-07T02:59:19.285Z] [DEBUG  ] [PASSO 206]   ✓ Card 34: Resultado Casa / Ambas Sim (rcas) | (33.33%) | SG:0 | G1:0 | G2:0
[2026-02-07T02:59:19.285Z] [INFO   ] [PASSO 207]   ✓ Card 34: Resultado Casa / Ambas Sim (rcas) | (33.33%) | SG:0 | G1:0 | G2:0
[2026-02-07T02:59:19.286Z] [INFO   ] [PASSO 208] ═══════════════════════════════════════════════════════════
[2026-02-07T02:59:19.286Z] [INFO   ] [PASSO 209]   Processando Card 35/75...
[2026-02-07T02:59:19.322Z] [DEBUG  ] [PASSO 210]   ✓ Card 35: 0 Gols (ge0) | (29.17%) | SG:0 | G1:0 | G2:0
[2026-02-07T02:59:19.323Z] [INFO   ] [PASSO 211]   ✓ Card 35: 0 Gols (ge0) | (29.17%) | SG:0 | G1:0 | G2:0
[2026-02-07T02:59:19.323Z] [INFO   ] [PASSO 212] ═══════════════════════════════════════════════════════════
[2026-02-07T02:59:19.324Z] [INFO   ] [PASSO 213]   Processando Card 36/75...
[2026-02-07T02:59:19.358Z] [DEBUG  ] [PASSO 214]   ✓ Card 36: 0x0 FT (ft00) | (29.17%) | SG:0 | G1:0 | G2:0
[2026-02-07T02:59:19.359Z] [INFO   ] [PASSO 215]   ✓ Card 36: 0x0 FT (ft00) | (29.17%) | SG:0 | G1:0 | G2:0
[2026-02-07T02:59:19.359Z] [INFO   ] [PASSO 216] ═══════════════════════════════════════════════════════════
[2026-02-07T02:59:19.360Z] [INFO   ] [PASSO 217]   Processando Card 37/75...
[2026-02-07T02:59:19.395Z] [DEBUG  ] [PASSO 218]   ✓ Card 37: Resultado Empate / Ambas Não (rean) | (29.17%) | SG:0 | G1:0 | G2:0
[2026-02-07T02:59:19.396Z] [INFO   ] [PASSO 219]   ✓ Card 37: Resultado Empate / Ambas Não (rean) | (29.17%) | SG:0 | G1:0 | G2:0
[2026-02-07T02:59:19.396Z] [INFO   ] [PASSO 220] ═══════════════════════════════════════════════════════════
[2026-02-07T02:59:19.397Z] [INFO   ] [PASSO 221]   Processando Card 38/75...
[2026-02-07T02:59:19.432Z] [DEBUG  ] [PASSO 222]   ✓ Card 38: 2x0 FT (ft20) | (25.00%) | SG:0 | G1:0 | G2:0
[2026-02-07T02:59:19.432Z] [INFO   ] [PASSO 223]   ✓ Card 38: 2x0 FT (ft20) | (25.00%) | SG:0 | G1:0 | G2:0
[2026-02-07T02:59:19.433Z] [INFO   ] [PASSO 224] ═══════════════════════════════════════════════════════════
[2026-02-07T02:59:19.433Z] [INFO   ] [PASSO 225]   Processando Card 39/75...
[2026-02-07T02:59:19.468Z] [DEBUG  ] [PASSO 226]   ✓ Card 39: Over 5+ (o50) | (16.67%) | SG:0 | G1:0 | G2:0
[2026-02-07T02:59:19.469Z] [INFO   ] [PASSO 227]   ✓ Card 39: Over 5+ (o50) | (16.67%) | SG:0 | G1:0 | G2:0
[2026-02-07T02:59:19.469Z] [INFO   ] [PASSO 228] ═══════════════════════════════════════════════════════════
[2026-02-07T02:59:19.470Z] [INFO   ] [PASSO 229]   Processando Card 40/75...
[2026-02-07T02:59:19.505Z] [DEBUG  ] [PASSO 230]   ✓ Card 40: 1x0 FT (ft10) | (16.67%) | SG:0 | G1:0 | G2:0
[2026-02-07T02:59:19.506Z] [INFO   ] [PASSO 231]   ✓ Card 40: 1x0 FT (ft10) | (16.67%) | SG:0 | G1:0 | G2:0
[2026-02-07T02:59:19.506Z] [INFO   ] [PASSO 232] ═══════════════════════════════════════════════════════════
[2026-02-07T02:59:19.507Z] [INFO   ] [PASSO 233]   Processando Card 41/75...
[2026-02-07T02:59:19.542Z] [DEBUG  ] [PASSO 234]   ✓ Card 41: 2x1 FT (ft21) | (16.67%) | SG:0 | G1:0 | G2:0
[2026-02-07T02:59:19.542Z] [INFO   ] [PASSO 235]   ✓ Card 41: 2x1 FT (ft21) | (16.67%) | SG:0 | G1:0 | G2:0
[2026-02-07T02:59:19.543Z] [INFO   ] [PASSO 236] ═══════════════════════════════════════════════════════════
[2026-02-07T02:59:19.543Z] [INFO   ] [PASSO 237]   Processando Card 42/75...
[2026-02-07T02:59:19.578Z] [DEBUG  ] [PASSO 238]   ✓ Card 42: 3x1 FT (ft31) | (16.67%) | SG:0 | G1:0 | G2:0
[2026-02-07T02:59:19.579Z] [INFO   ] [PASSO 239]   ✓ Card 42: 3x1 FT (ft31) | (16.67%) | SG:0 | G1:0 | G2:0
[2026-02-07T02:59:19.580Z] [INFO   ] [PASSO 240] ═══════════════════════════════════════════════════════════
[2026-02-07T02:59:19.580Z] [INFO   ] [PASSO 241]   Processando Card 43/75...
[2026-02-07T02:59:19.617Z] [DEBUG  ] [PASSO 242]   ✓ Card 43: 0x3 FT (ft03) | (16.67%) | SG:0 | G1:0 | G2:0
[2026-02-07T02:59:19.617Z] [INFO   ] [PASSO 243]   ✓ Card 43: 0x3 FT (ft03) | (16.67%) | SG:0 | G1:0 | G2:0
[2026-02-07T02:59:19.618Z] [INFO   ] [PASSO 244] ═══════════════════════════════════════════════════════════
[2026-02-07T02:59:19.618Z] [INFO   ] [PASSO 245]   Processando Card 44/75...
[2026-02-07T02:59:19.665Z] [DEBUG  ] [PASSO 246]   ✓ Card 44: 0x2 HT (ht02) | (16.67%) | SG:0 | G1:0 | G2:0
[2026-02-07T02:59:19.666Z] [INFO   ] [PASSO 247]   ✓ Card 44: 0x2 HT (ht02) | (16.67%) | SG:0 | G1:0 | G2:0
[2026-02-07T02:59:19.666Z] [INFO   ] [PASSO 248] ═══════════════════════════════════════════════════════════
[2026-02-07T02:59:19.666Z] [INFO   ] [PASSO 249]   Processando Card 45/75...
[2026-02-07T02:59:19.699Z] [DEBUG  ] [PASSO 250]   ✓ Card 45: 5+ Gols (ge5) | (12.50%) | SG:0 | G1:0 | G2:0
[2026-02-07T02:59:19.700Z] [INFO   ] [PASSO 251]   ✓ Card 45: 5+ Gols (ge5) | (12.50%) | SG:0 | G1:0 | G2:0
[2026-02-07T02:59:19.700Z] [INFO   ] [PASSO 252] ═══════════════════════════════════════════════════════════
[2026-02-07T02:59:19.701Z] [INFO   ] [PASSO 253]   Processando Card 46/75...
[2026-02-07T02:59:19.736Z] [DEBUG  ] [PASSO 254]   ✓ Card 46: 2x2 FT (ft22) | (12.50%) | SG:0 | G1:0 | G2:0
[2026-02-07T02:59:19.736Z] [INFO   ] [PASSO 255]   ✓ Card 46: 2x2 FT (ft22) | (12.50%) | SG:0 | G1:0 | G2:0
[2026-02-07T02:59:19.737Z] [INFO   ] [PASSO 256] ═══════════════════════════════════════════════════════════
[2026-02-07T02:59:19.737Z] [INFO   ] [PASSO 257]   Processando Card 47/75...
[2026-02-07T02:59:19.771Z] [DEBUG  ] [PASSO 258]   ✓ Card 47: 0x2 FT (ft02) | (12.50%) | SG:0 | G1:0 | G2:0
[2026-02-07T02:59:19.772Z] [INFO   ] [PASSO 259]   ✓ Card 47: 0x2 FT (ft02) | (12.50%) | SG:0 | G1:0 | G2:0
[2026-02-07T02:59:19.772Z] [INFO   ] [PASSO 260] ═══════════════════════════════════════════════════════════
[2026-02-07T02:59:19.773Z] [INFO   ] [PASSO 261]   Processando Card 48/75...
[2026-02-07T02:59:19.807Z] [DEBUG  ] [PASSO 262]   ✓ Card 48: Outros HT (out) | (12.50%) | SG:0 | G1:0 | G2:0
[2026-02-07T02:59:19.808Z] [INFO   ] [PASSO 263]   ✓ Card 48: Outros HT (out) | (12.50%) | SG:0 | G1:0 | G2:0
[2026-02-07T02:59:19.808Z] [INFO   ] [PASSO 264] ═══════════════════════════════════════════════════════════
[2026-02-07T02:59:19.809Z] [INFO   ] [PASSO 265]   Processando Card 49/75...
[2026-02-07T02:59:19.842Z] [DEBUG  ] [PASSO 266]   ✓ Card 49: 1x3 FT (ft13) | (8.33%) | SG:0 | G1:0 | G2:0
[2026-02-07T02:59:19.843Z] [INFO   ] [PASSO 267]   ✓ Card 49: 1x3 FT (ft13) | (8.33%) | SG:0 | G1:0 | G2:0
[2026-02-07T02:59:19.844Z] [INFO   ] [PASSO 268] ═══════════════════════════════════════════════════════════
[2026-02-07T02:59:19.844Z] [INFO   ] [PASSO 269]   Processando Card 50/75...
[2026-02-07T02:59:19.879Z] [DEBUG  ] [PASSO 270]   ✓ Card 50: Viradinha (vira) | (8.33%) | SG:0 | G1:0 | G2:0
[2026-02-07T02:59:19.880Z] [INFO   ] [PASSO 271]   ✓ Card 50: Viradinha (vira) | (8.33%) | SG:0 | G1:0 | G2:0
[2026-02-07T02:59:19.880Z] [INFO   ] [PASSO 272] ═══════════════════════════════════════════════════════════
[2026-02-07T02:59:19.881Z] [INFO   ] [PASSO 273]   Processando Card 51/75...
[2026-02-07T02:59:19.915Z] [DEBUG  ] [PASSO 274]   ✓ Card 51: 3x2 FT (ft32) | (4.17%) | SG:0 | G1:0 | G2:0
[2026-02-07T02:59:19.916Z] [INFO   ] [PASSO 275]   ✓ Card 51: 3x2 FT (ft32) | (4.17%) | SG:0 | G1:0 | G2:0
[2026-02-07T02:59:19.916Z] [INFO   ] [PASSO 276] ═══════════════════════════════════════════════════════════
[2026-02-07T02:59:19.917Z] [INFO   ] [PASSO 277]   Processando Card 52/75...
[2026-02-07T02:59:19.951Z] [DEBUG  ] [PASSO 278]   ✓ Card 52: 2x3 FT (ft23) | (4.17%) | SG:0 | G1:0 | G2:0
[2026-02-07T02:59:19.952Z] [INFO   ] [PASSO 279]   ✓ Card 52: 2x3 FT (ft23) | (4.17%) | SG:0 | G1:0 | G2:0
[2026-02-07T02:59:19.952Z] [INFO   ] [PASSO 280] ═══════════════════════════════════════════════════════════
[2026-02-07T02:59:19.953Z] [INFO   ] [PASSO 281]   Processando Card 53/75...
[2026-02-07T02:59:19.988Z] [DEBUG  ] [PASSO 282]   ✓ Card 53: 1x4 FT (ft14) | (4.17%) | SG:0 | G1:0 | G2:0
[2026-02-07T02:59:19.989Z] [INFO   ] [PASSO 283]   ✓ Card 53: 1x4 FT (ft14) | (4.17%) | SG:0 | G1:0 | G2:0
[2026-02-07T02:59:19.989Z] [INFO   ] [PASSO 284] ═══════════════════════════════════════════════════════════
[2026-02-07T02:59:19.989Z] [INFO   ] [PASSO 285]   Processando Card 54/75...
[2026-02-07T02:59:20.023Z] [DEBUG  ] [PASSO 286]   ✓ Card 54: 5+ Visitante (ft50_f) | (4.17%) | SG:0 | G1:0 | G2:0
[2026-02-07T02:59:20.024Z] [INFO   ] [PASSO 287]   ✓ Card 54: 5+ Visitante (ft50_f) | (4.17%) | SG:0 | G1:0 | G2:0
[2026-02-07T02:59:20.024Z] [INFO   ] [PASSO 288] ═══════════════════════════════════════════════════════════
[2026-02-07T02:59:20.025Z] [INFO   ] [PASSO 289]   Processando Card 55/75...
[2026-02-07T02:59:20.059Z] [DEBUG  ] [PASSO 290]   ✓ Card 55: 2x0 HT (ht20) | (4.17%) | SG:0 | G1:0 | G2:0
[2026-02-07T02:59:20.060Z] [INFO   ] [PASSO 291]   ✓ Card 55: 2x0 HT (ht20) | (4.17%) | SG:0 | G1:0 | G2:0
[2026-02-07T02:59:20.060Z] [INFO   ] [PASSO 292] ═══════════════════════════════════════════════════════════
[2026-02-07T02:59:20.060Z] [INFO   ] [PASSO 293]   Processando Card 56/75...
[2026-02-07T02:59:20.097Z] [DEBUG  ] [PASSO 294]   ✓ Card 56: 3x0 FT (ft30) | (0.00%) | SG:0 | G1:0 | G2:0
[2026-02-07T02:59:20.097Z] [INFO   ] [PASSO 295]   ✓ Card 56: 3x0 FT (ft30) | (0.00%) | SG:0 | G1:0 | G2:0
[2026-02-07T02:59:20.098Z] [INFO   ] [PASSO 296] ═══════════════════════════════════════════════════════════
[2026-02-07T02:59:20.098Z] [INFO   ] [PASSO 297]   Processando Card 57/75...
[2026-02-07T02:59:20.132Z] [DEBUG  ] [PASSO 298]   ✓ Card 57: 4x0 FT (ft40) | (0.00%) | SG:0 | G1:0 | G2:0
[2026-02-07T02:59:20.132Z] [INFO   ] [PASSO 299]   ✓ Card 57: 4x0 FT (ft40) | (0.00%) | SG:0 | G1:0 | G2:0
[2026-02-07T02:59:20.133Z] [INFO   ] [PASSO 300] ═══════════════════════════════════════════════════════════
[2026-02-07T02:59:20.133Z] [INFO   ] [PASSO 301]   Processando Card 58/75...
[2026-02-07T02:59:20.167Z] [DEBUG  ] [PASSO 302]   ✓ Card 58: 4x1 FT (ft41) | (0.00%) | SG:0 | G1:0 | G2:0
[2026-02-07T02:59:20.168Z] [INFO   ] [PASSO 303]   ✓ Card 58: 4x1 FT (ft41) | (0.00%) | SG:0 | G1:0 | G2:0
[2026-02-07T02:59:20.168Z] [INFO   ] [PASSO 304] ═══════════════════════════════════════════════════════════
[2026-02-07T02:59:20.169Z] [INFO   ] [PASSO 305]   Processando Card 59/75...
[2026-02-07T02:59:20.202Z] [DEBUG  ] [PASSO 306]   ✓ Card 59: 4x2 FT (ft42) | (0.00%) | SG:0 | G1:0 | G2:0
[2026-02-07T02:59:20.203Z] [INFO   ] [PASSO 307]   ✓ Card 59: 4x2 FT (ft42) | (0.00%) | SG:0 | G1:0 | G2:0
[2026-02-07T02:59:20.204Z] [INFO   ] [PASSO 308] ═══════════════════════════════════════════════════════════
[2026-02-07T02:59:20.204Z] [INFO   ] [PASSO 309]   Processando Card 60/75...
[2026-02-07T02:59:20.239Z] [DEBUG  ] [PASSO 310]   ✓ Card 60: 4x3 FT (ft43) | (0.00%) | SG:0 | G1:0 | G2:0
[2026-02-07T02:59:20.239Z] [INFO   ] [PASSO 311]   ✓ Card 60: 4x3 FT (ft43) | (0.00%) | SG:0 | G1:0 | G2:0
[2026-02-07T02:59:20.240Z] [INFO   ] [PASSO 312] ═══════════════════════════════════════════════════════════
[2026-02-07T02:59:20.240Z] [INFO   ] [PASSO 313]   Processando Card 61/75...
[2026-02-07T02:59:20.275Z] [DEBUG  ] [PASSO 314]   ✓ Card 61: 5+ Casa (ft50_c) | (0.00%) | SG:0 | G1:0 | G2:0
[2026-02-07T02:59:20.275Z] [INFO   ] [PASSO 315]   ✓ Card 61: 5+ Casa (ft50_c) | (0.00%) | SG:0 | G1:0 | G2:0
[2026-02-07T02:59:20.276Z] [INFO   ] [PASSO 316] ═══════════════════════════════════════════════════════════
[2026-02-07T02:59:20.276Z] [INFO   ] [PASSO 317]   Processando Card 62/75...
[2026-02-07T02:59:20.311Z] [DEBUG  ] [PASSO 318]   ✓ Card 62: 3x3 FT (ft33) | (0.00%) | SG:0 | G1:0 | G2:0
[2026-02-07T02:59:20.311Z] [INFO   ] [PASSO 319]   ✓ Card 62: 3x3 FT (ft33) | (0.00%) | SG:0 | G1:0 | G2:0
[2026-02-07T02:59:20.312Z] [INFO   ] [PASSO 320] ═══════════════════════════════════════════════════════════
[2026-02-07T02:59:20.312Z] [INFO   ] [PASSO 321]   Processando Card 63/75...
[2026-02-07T02:59:20.351Z] [DEBUG  ] [PASSO 322]   ✓ Card 63: 4x4 FT (ft44) | (0.00%) | SG:0 | G1:0 | G2:0
[2026-02-07T02:59:20.351Z] [INFO   ] [PASSO 323]   ✓ Card 63: 4x4 FT (ft44) | (0.00%) | SG:0 | G1:0 | G2:0
[2026-02-07T02:59:20.352Z] [INFO   ] [PASSO 324] ═══════════════════════════════════════════════════════════
[2026-02-07T02:59:20.352Z] [INFO   ] [PASSO 325]   Processando Card 64/75...
[2026-02-07T02:59:20.386Z] [DEBUG  ] [PASSO 326]   ✓ Card 64: 5+ Empate (ft50_e) | (0.00%) | SG:0 | G1:0 | G2:0
[2026-02-07T02:59:20.387Z] [INFO   ] [PASSO 327]   ✓ Card 64: 5+ Empate (ft50_e) | (0.00%) | SG:0 | G1:0 | G2:0
[2026-02-07T02:59:20.387Z] [INFO   ] [PASSO 328] ═══════════════════════════════════════════════════════════
[2026-02-07T02:59:20.387Z] [INFO   ] [PASSO 329]   Processando Card 65/75...
[2026-02-07T02:59:20.421Z] [DEBUG  ] [PASSO 330]   ✓ Card 65: 0x4 FT (ft04) | (0.00%) | SG:0 | G1:0 | G2:0
[2026-02-07T02:59:20.422Z] [INFO   ] [PASSO 331]   ✓ Card 65: 0x4 FT (ft04) | (0.00%) | SG:0 | G1:0 | G2:0
[2026-02-07T02:59:20.422Z] [INFO   ] [PASSO 332] ═══════════════════════════════════════════════════════════
[2026-02-07T02:59:20.422Z] [INFO   ] [PASSO 333]   Processando Card 66/75...
[2026-02-07T02:59:20.456Z] [DEBUG  ] [PASSO 334]   ✓ Card 66: 2x4 FT (ft24) | (0.00%) | SG:0 | G1:0 | G2:0
[2026-02-07T02:59:20.456Z] [INFO   ] [PASSO 335]   ✓ Card 66: 2x4 FT (ft24) | (0.00%) | SG:0 | G1:0 | G2:0
[2026-02-07T02:59:20.457Z] [INFO   ] [PASSO 336] ═══════════════════════════════════════════════════════════
[2026-02-07T02:59:20.457Z] [INFO   ] [PASSO 337]   Processando Card 67/75...
[2026-02-07T02:59:20.492Z] [DEBUG  ] [PASSO 338]   ✓ Card 67: 3x4 FT (ft34) | (0.00%) | SG:0 | G1:0 | G2:0
[2026-02-07T02:59:20.492Z] [INFO   ] [PASSO 339]   ✓ Card 67: 3x4 FT (ft34) | (0.00%) | SG:0 | G1:0 | G2:0
[2026-02-07T02:59:20.493Z] [INFO   ] [PASSO 340] ═══════════════════════════════════════════════════════════
[2026-02-07T02:59:20.493Z] [INFO   ] [PASSO 341]   Processando Card 68/75...
[2026-02-07T02:59:20.552Z] [DEBUG  ] [PASSO 342]   ✓ Card 68: Handicap Casa (hac) | (0.00%) | SG:0 | G1:0 | G2:0
[2026-02-07T02:59:20.552Z] [INFO   ] [PASSO 343]   ✓ Card 68: Handicap Casa (hac) | (0.00%) | SG:0 | G1:0 | G2:0
[2026-02-07T02:59:20.552Z] [INFO   ] [PASSO 344] ═══════════════════════════════════════════════════════════
[2026-02-07T02:59:20.553Z] [INFO   ] [PASSO 345]   Processando Card 69/75...
[2026-02-07T02:59:20.587Z] [DEBUG  ] [PASSO 346]   ✓ Card 69: Handicap Visitante (hav) | (0.00%) | SG:0 | G1:0 | G2:0
[2026-02-07T02:59:20.587Z] [INFO   ] [PASSO 347]   ✓ Card 69: Handicap Visitante (hav) | (0.00%) | SG:0 | G1:0 | G2:0
[2026-02-07T02:59:20.588Z] [INFO   ] [PASSO 348] ═══════════════════════════════════════════════════════════
[2026-02-07T02:59:20.588Z] [INFO   ] [PASSO 349]   Processando Card 70/75...
[2026-02-07T02:59:20.625Z] [DEBUG  ] [PASSO 350]   ✓ Card 70: Over 0.5 (o05) | (100.00%) | SG:0 | G1:0 | G2:0
[2026-02-07T02:59:20.626Z] [INFO   ] [PASSO 351]   ✓ Card 70: Over 0.5 (o05) | (100.00%) | SG:0 | G1:0 | G2:0
[2026-02-07T02:59:20.626Z] [INFO   ] [PASSO 352] ═══════════════════════════════════════════════════════════
[2026-02-07T02:59:20.627Z] [INFO   ] [PASSO 353]   Processando Card 71/75...
[2026-02-07T02:59:20.674Z] [DEBUG  ] [PASSO 354]   ✓ Card 71: Over 1.5 (o15) | (100.00%) | SG:0 | G1:0 | G2:0
[2026-02-07T02:59:20.675Z] [INFO   ] [PASSO 355]   ✓ Card 71: Over 1.5 (o15) | (100.00%) | SG:0 | G1:0 | G2:0
[2026-02-07T02:59:20.675Z] [INFO   ] [PASSO 356] ═══════════════════════════════════════════════════════════
[2026-02-07T02:59:20.676Z] [INFO   ] [PASSO 357]   Processando Card 72/75...
[2026-02-07T02:59:20.719Z] [DEBUG  ] [PASSO 358]   ✓ Card 72: Under 3.5 (u35) | (100.00%) | SG:0 | G1:0 | G2:0
[2026-02-07T02:59:20.719Z] [INFO   ] [PASSO 359]   ✓ Card 72: Under 3.5 (u35) | (100.00%) | SG:0 | G1:0 | G2:0
[2026-02-07T02:59:20.720Z] [INFO   ] [PASSO 360] ═══════════════════════════════════════════════════════════
[2026-02-07T02:59:20.720Z] [INFO   ] [PASSO 361]   Processando Card 73/75...
[2026-02-07T02:59:20.761Z] [DEBUG  ] [PASSO 362]   ✓ Card 73: Under 2.5 (u25) | (95.83%) | SG:0 | G1:0 | G2:0
[2026-02-07T02:59:20.761Z] [INFO   ] [PASSO 363]   ✓ Card 73: Under 2.5 (u25) | (95.83%) | SG:0 | G1:0 | G2:0
[2026-02-07T02:59:20.762Z] [INFO   ] [PASSO 364] ═══════════════════════════════════════════════════════════
[2026-02-07T02:59:20.762Z] [INFO   ] [PASSO 365]   Processando Card 74/75...
[2026-02-07T02:59:20.799Z] [DEBUG  ] [PASSO 366]   ✓ Card 74: Under 1.5 (u15) | (66.67%) | SG:0 | G1:0 | G2:0
[2026-02-07T02:59:20.800Z] [INFO   ] [PASSO 367]   ✓ Card 74: Under 1.5 (u15) | (66.67%) | SG:0 | G1:0 | G2:0
[2026-02-07T02:59:20.800Z] [INFO   ] [PASSO 368] ═══════════════════════════════════════════════════════════
[2026-02-07T02:59:20.801Z] [INFO   ] [PASSO 369]   Processando Card 75/75...
[2026-02-07T02:59:20.836Z] [DEBUG  ] [PASSO 370]   ✓ Card 75: Under 0.5 (u05) | (29.17%) | SG:0 | G1:0 | G2:0
[2026-02-07T02:59:20.836Z] [INFO   ] [PASSO 371]   ✓ Card 75: Under 0.5 (u05) | (29.17%) | SG:0 | G1:0 | G2:0
[2026-02-07T02:59:20.837Z] [INFO   ] [PASSO 372] ═══════════════════════════════════════════════════════════
[2026-02-07T02:59:20.837Z] [INFO   ] [PASSO 373]   RESUMO DA EXTRAÇÃO:
[2026-02-07T02:59:20.838Z] [INFO   ] [PASSO 374]   Total de cards extraídos: 75
[2026-02-07T02:59:20.838Z] [INFO   ] [PASSO 375]   Timestamp: 2026-02-07T02:59:17.966Z
[2026-02-07T02:59:20.839Z] [INFO   ] [PASSO 376] ═══════════════════════════════════════════════════════════
[2026-02-07T02:59:20.839Z] [INFO   ] [PASSO 377] ═══════════════════════════════════════════════════════════
[2026-02-07T02:59:20.840Z] [INFO   ] [PASSO 378] SALVANDO CARDS NO BANCO DE DADOS...
[2026-02-07T02:59:20.840Z] [INFO   ] [PASSO 379]   Total de cards para inserir: 75
[2026-02-07T02:59:20.841Z] [INFO   ] [PASSO 380]   ═══════════════════════════════════════════════════════════════════
[2026-02-07T02:59:20.841Z] [INFO   ] [PASSO 381]   SALVANDO CARDS NO BANCO (DEBUG COMPLETO)
[2026-02-07T02:59:20.842Z] [INFO   ] [PASSO 382]   ═══════════════════════════════════════════════════════════════════
[2026-02-07T02:59:20.842Z] [INFO   ] [PASSO 383]   API URL: http://localhost:5000/api/resultados-cards/inserir-lote
[2026-02-07T02:59:20.842Z] [INFO   ] [PASSO 384]   Test URL: http://localhost:5000/api/resultados-cards/test
[2026-02-07T02:59:20.843Z] [INFO   ] [PASSO 385]   Total cards: 75
[2026-02-07T02:59:20.843Z] [INFO   ] [PASSO 386]   ═══════════════════════════════════════════════════════════════════
[2026-02-07T02:59:20.843Z] [INFO   ] [PASSO 387]   TESTANDO ENDPOINT /test...
[2026-02-07T02:59:20.844Z] [INFO   ] [PASSO 388]   ═══════════════════════════════════════════════════════════════════
[2026-02-07T02:59:20.904Z] [INFO   ] [PASSO 389]   Test Status: 404
[2026-02-07T02:59:20.905Z] [DEBUG  ] [PASSO 390]   Test Body: 
[2026-02-07T02:59:20.905Z] [ERROR  ] [PASSO 391]   ENDPOINT /test FALHOU! A API precisa ser reiniciada.
[2026-02-07T02:59:20.906Z] [ERROR  ] [PASSO 392] Erro ao salvar cards: Endpoint de teste falhou
[2026-02-07T02:59:20.906Z] [INFO   ] [PASSO 393] ═══════════════════════════════════════════════════════════
[2026-02-07T02:59:20.906Z] [INFO   ] [PASSO 394] RESUMO DA EXTRAÇÃO:
[2026-02-07T02:59:20.907Z] [INFO   ] [PASSO 395]   Total de cards processados: 75
[2026-02-07T02:59:20.907Z] [INFO   ] [PASSO 396]   Cards inseridos no banco: 0
[2026-02-07T02:59:20.908Z] [INFO   ] [PASSO 397]   Timestamp: 2026-02-07T02:59:17.966Z
[2026-02-07T02:59:20.908Z] [SUCCESS] [PASSO 398] Extraídos 75 cards com sucesso
[2026-02-07T02:59:20.908Z] [INFO   ] [PASSO 399] Card 1: Ambas Marcam Sim (ambs) | Percentual: (100.00%) | SG: 0 | G1: 0 | G2: 0
[2026-02-07T02:59:20.909Z] [INFO   ] [PASSO 400] Card 2: Casa Marca Sim (cms) | Percentual: (100.00%) | SG: 0 | G1: 0 | G2: 0
[2026-02-07T02:59:20.909Z] [INFO   ] [PASSO 401] Card 3: Visitante Marca Sim (vms) | Percentual: (100.00%) | SG: 0 | G1: 0 | G2: 0
[2026-02-07T02:59:20.910Z] [INFO   ] [PASSO 402] Card 4: [HT] Empate (hte) | Percentual: (91.67%) | SG: 0 | G1: 0 | G2: 0
[2026-02-07T02:59:20.910Z] [INFO   ] [PASSO 403] Card 5: Visitante (pmv) | Percentual: (91.67%) | SG: 0 | G1: 0 | G2: 0
[2026-02-07T02:59:20.910Z] [INFO   ] [PASSO 404] Card 6: Over 2.5 (o25) | Percentual: (87.50%) | SG: 0 | G1: 0 | G2: 0
[2026-02-07T02:59:20.911Z] [INFO   ] [PASSO 405] Card 7: Ambas Não Marcam (ambn) | Percentual: (83.33%) | SG: 0 | G1: 0 | G2: 0
[2026-02-07T02:59:20.911Z] [INFO   ] [PASSO 406] Card 8: 0x0 HT (ht00) | Percentual: (83.33%) | SG: 0 | G1: 0 | G2: 0
[2026-02-07T02:59:20.912Z] [INFO   ] [PASSO 407] Card 9: Visitante (umv) | Percentual: (79.17%) | SG: 0 | G1: 0 | G2: 0
[2026-02-07T02:59:20.912Z] [INFO   ] [PASSO 408] Card 10: Vencedor Visitante (ftv) | Percentual: (75.00%) | SG: 0 | G1: 0 | G2: 0
[2026-02-07T02:59:20.912Z] [INFO   ] [PASSO 409] Card 11: Empate (fte) | Percentual: (70.83%) | SG: 0 | G1: 0 | G2: 0
[2026-02-07T02:59:20.913Z] [INFO   ] [PASSO 410] Card 12: Casa (umc) | Percentual: (70.83%) | SG: 0 | G1: 0 | G2: 0
[2026-02-07T02:59:20.913Z] [INFO   ] [PASSO 411] Card 13: Casa Não Marca (cmn) | Percentual: (66.67%) | SG: 0 | G1: 0 | G2: 0
[2026-02-07T02:59:20.914Z] [INFO   ] [PASSO 412] Card 14: 2 Gols (ge2) | Percentual: (66.67%) | SG: 0 | G1: 0 | G2: 0
[2026-02-07T02:59:20.914Z] [INFO   ] [PASSO 413] Card 15: Casa (pmc) | Percentual: (66.67%) | SG: 0 | G1: 0 | G2: 0
[2026-02-07T02:59:20.915Z] [INFO   ] [PASSO 414] Card 16: Visitante Não Marca (vmn) | Percentual: (62.50%) | SG: 0 | G1: 0 | G2: 0
[2026-02-07T02:59:20.915Z] [INFO   ] [PASSO 415] Card 17: Vencedor Casa (ftc) | Percentual: (58.33%) | SG: 0 | G1: 0 | G2: 0
[2026-02-07T02:59:20.915Z] [INFO   ] [PASSO 416] Card 18: Resultado Empate / Ambas Sim (reas) | Percentual: (58.33%) | SG: 0 | G1: 0 | G2: 0
[2026-02-07T02:59:20.916Z] [INFO   ] [PASSO 417] Card 19: [HT] Vencedor Visitante (htv) | Percentual: (54.17%) | SG: 0 | G1: 0 | G2: 0
[2026-02-07T02:59:20.916Z] [INFO   ] [PASSO 418] Card 20: 3 Gols (ge3) | Percentual: (54.17%) | SG: 0 | G1: 0 | G2: 0
[2026-02-07T02:59:20.917Z] [INFO   ] [PASSO 419] Card 21: 1x1 HT (ht11) | Percentual: (54.17%) | SG: 0 | G1: 0 | G2: 0
[2026-02-07T02:59:20.917Z] [INFO   ] [PASSO 420] Card 22: Resultado Visitante / Ambas Não (rvan) | Percentual: (54.17%) | SG: 0 | G1: 0 | G2: 0
[2026-02-07T02:59:20.917Z] [INFO   ] [PASSO 421] Card 23: Over 3.5 (o35) | Percentual: (50.00%) | SG: 0 | G1: 0 | G2: 0
[2026-02-07T02:59:20.918Z] [INFO   ] [PASSO 422] Card 24: Resultado Visitante / Ambas Sim (rvas) | Percentual: (50.00%) | SG: 0 | G1: 0 | G2: 0
[2026-02-07T02:59:20.918Z] [INFO   ] [PASSO 423] Card 25: [HT] Vencedor Casa (htc) | Percentual: (45.83%) | SG: 0 | G1: 0 | G2: 0
[2026-02-07T02:59:20.918Z] [INFO   ] [PASSO 424] Card 26: 1 Gols (ge1) | Percentual: (45.83%) | SG: 0 | G1: 0 | G2: 0
[2026-02-07T02:59:20.919Z] [INFO   ] [PASSO 425] Card 27: 1x1 FT (ft11) | Percentual: (45.83%) | SG: 0 | G1: 0 | G2: 0
[2026-02-07T02:59:20.919Z] [INFO   ] [PASSO 426] Card 28: Resultado Casa / Ambas Não (rcan) | Percentual: (41.67%) | SG: 0 | G1: 0 | G2: 0
[2026-02-07T02:59:20.919Z] [INFO   ] [PASSO 427] Card 29: 4 Gols (ge4) | Percentual: (37.50%) | SG: 0 | G1: 0 | G2: 0
[2026-02-07T02:59:20.920Z] [INFO   ] [PASSO 428] Card 30: 1x0 HT (ht10) | Percentual: (37.50%) | SG: 0 | G1: 0 | G2: 0
[2026-02-07T02:59:20.920Z] [INFO   ] [PASSO 429] Card 31: 0x1 FT (ft01) | Percentual: (33.33%) | SG: 0 | G1: 0 | G2: 0
[2026-02-07T02:59:20.921Z] [INFO   ] [PASSO 430] Card 32: 1x2 FT (ft12) | Percentual: (33.33%) | SG: 0 | G1: 0 | G2: 0
[2026-02-07T02:59:20.921Z] [INFO   ] [PASSO 431] Card 33: 0x1 HT (ht01) | Percentual: (33.33%) | SG: 0 | G1: 0 | G2: 0
[2026-02-07T02:59:20.922Z] [INFO   ] [PASSO 432] Card 34: Resultado Casa / Ambas Sim (rcas) | Percentual: (33.33%) | SG: 0 | G1: 0 | G2: 0
[2026-02-07T02:59:20.922Z] [INFO   ] [PASSO 433] Card 35: 0 Gols (ge0) | Percentual: (29.17%) | SG: 0 | G1: 0 | G2: 0
[2026-02-07T02:59:20.922Z] [INFO   ] [PASSO 434] Card 36: 0x0 FT (ft00) | Percentual: (29.17%) | SG: 0 | G1: 0 | G2: 0
[2026-02-07T02:59:20.923Z] [INFO   ] [PASSO 435] Card 37: Resultado Empate / Ambas Não (rean) | Percentual: (29.17%) | SG: 0 | G1: 0 | G2: 0
[2026-02-07T02:59:20.923Z] [INFO   ] [PASSO 436] Card 38: 2x0 FT (ft20) | Percentual: (25.00%) | SG: 0 | G1: 0 | G2: 0
[2026-02-07T02:59:20.924Z] [INFO   ] [PASSO 437] Card 39: Over 5+ (o50) | Percentual: (16.67%) | SG: 0 | G1: 0 | G2: 0
[2026-02-07T02:59:20.924Z] [INFO   ] [PASSO 438] Card 40: 1x0 FT (ft10) | Percentual: (16.67%) | SG: 0 | G1: 0 | G2: 0
[2026-02-07T02:59:20.924Z] [INFO   ] [PASSO 439] Card 41: 2x1 FT (ft21) | Percentual: (16.67%) | SG: 0 | G1: 0 | G2: 0
[2026-02-07T02:59:20.925Z] [INFO   ] [PASSO 440] Card 42: 3x1 FT (ft31) | Percentual: (16.67%) | SG: 0 | G1: 0 | G2: 0
[2026-02-07T02:59:20.925Z] [INFO   ] [PASSO 441] Card 43: 0x3 FT (ft03) | Percentual: (16.67%) | SG: 0 | G1: 0 | G2: 0
[2026-02-07T02:59:20.926Z] [INFO   ] [PASSO 442] Card 44: 0x2 HT (ht02) | Percentual: (16.67%) | SG: 0 | G1: 0 | G2: 0
[2026-02-07T02:59:20.926Z] [INFO   ] [PASSO 443] Card 45: 5+ Gols (ge5) | Percentual: (12.50%) | SG: 0 | G1: 0 | G2: 0
[2026-02-07T02:59:20.927Z] [INFO   ] [PASSO 444] Card 46: 2x2 FT (ft22) | Percentual: (12.50%) | SG: 0 | G1: 0 | G2: 0
[2026-02-07T02:59:20.927Z] [INFO   ] [PASSO 445] Card 47: 0x2 FT (ft02) | Percentual: (12.50%) | SG: 0 | G1: 0 | G2: 0
[2026-02-07T02:59:20.928Z] [INFO   ] [PASSO 446] Card 48: Outros HT (out) | Percentual: (12.50%) | SG: 0 | G1: 0 | G2: 0
[2026-02-07T02:59:20.928Z] [INFO   ] [PASSO 447] Card 49: 1x3 FT (ft13) | Percentual: (8.33%) | SG: 0 | G1: 0 | G2: 0
[2026-02-07T02:59:20.928Z] [INFO   ] [PASSO 448] Card 50: Viradinha (vira) | Percentual: (8.33%) | SG: 0 | G1: 0 | G2: 0
[2026-02-07T02:59:20.929Z] [INFO   ] [PASSO 449] Card 51: 3x2 FT (ft32) | Percentual: (4.17%) | SG: 0 | G1: 0 | G2: 0
[2026-02-07T02:59:20.929Z] [INFO   ] [PASSO 450] Card 52: 2x3 FT (ft23) | Percentual: (4.17%) | SG: 0 | G1: 0 | G2: 0
[2026-02-07T02:59:20.930Z] [INFO   ] [PASSO 451] Card 53: 1x4 FT (ft14) | Percentual: (4.17%) | SG: 0 | G1: 0 | G2: 0
[2026-02-07T02:59:20.930Z] [INFO   ] [PASSO 452] Card 54: 5+ Visitante (ft50_f) | Percentual: (4.17%) | SG: 0 | G1: 0 | G2: 0
[2026-02-07T02:59:20.931Z] [INFO   ] [PASSO 453] Card 55: 2x0 HT (ht20) | Percentual: (4.17%) | SG: 0 | G1: 0 | G2: 0
[2026-02-07T02:59:20.931Z] [INFO   ] [PASSO 454] Card 56: 3x0 FT (ft30) | Percentual: (0.00%) | SG: 0 | G1: 0 | G2: 0
[2026-02-07T02:59:20.932Z] [INFO   ] [PASSO 455] Card 57: 4x0 FT (ft40) | Percentual: (0.00%) | SG: 0 | G1: 0 | G2: 0
[2026-02-07T02:59:20.932Z] [INFO   ] [PASSO 456] Card 58: 4x1 FT (ft41) | Percentual: (0.00%) | SG: 0 | G1: 0 | G2: 0
[2026-02-07T02:59:20.932Z] [INFO   ] [PASSO 457] Card 59: 4x2 FT (ft42) | Percentual: (0.00%) | SG: 0 | G1: 0 | G2: 0
[2026-02-07T02:59:20.933Z] [INFO   ] [PASSO 458] Card 60: 4x3 FT (ft43) | Percentual: (0.00%) | SG: 0 | G1: 0 | G2: 0
[2026-02-07T02:59:20.933Z] [INFO   ] [PASSO 459] Card 61: 5+ Casa (ft50_c) | Percentual: (0.00%) | SG: 0 | G1: 0 | G2: 0
[2026-02-07T02:59:20.934Z] [INFO   ] [PASSO 460] Card 62: 3x3 FT (ft33) | Percentual: (0.00%) | SG: 0 | G1: 0 | G2: 0
[2026-02-07T02:59:20.934Z] [INFO   ] [PASSO 461] Card 63: 4x4 FT (ft44) | Percentual: (0.00%) | SG: 0 | G1: 0 | G2: 0
[2026-02-07T02:59:20.934Z] [INFO   ] [PASSO 462] Card 64: 5+ Empate (ft50_e) | Percentual: (0.00%) | SG: 0 | G1: 0 | G2: 0
[2026-02-07T02:59:20.935Z] [INFO   ] [PASSO 463] Card 65: 0x4 FT (ft04) | Percentual: (0.00%) | SG: 0 | G1: 0 | G2: 0
[2026-02-07T02:59:20.935Z] [INFO   ] [PASSO 464] Card 66: 2x4 FT (ft24) | Percentual: (0.00%) | SG: 0 | G1: 0 | G2: 0
[2026-02-07T02:59:20.936Z] [INFO   ] [PASSO 465] Card 67: 3x4 FT (ft34) | Percentual: (0.00%) | SG: 0 | G1: 0 | G2: 0
[2026-02-07T02:59:20.936Z] [INFO   ] [PASSO 466] Card 68: Handicap Casa (hac) | Percentual: (0.00%) | SG: 0 | G1: 0 | G2: 0
[2026-02-07T02:59:20.936Z] [INFO   ] [PASSO 467] Card 69: Handicap Visitante (hav) | Percentual: (0.00%) | SG: 0 | G1: 0 | G2: 0
[2026-02-07T02:59:20.937Z] [INFO   ] [PASSO 468] Card 70: Over 0.5 (o05) | Percentual: (100.00%) | SG: 0 | G1: 0 | G2: 0
[2026-02-07T02:59:20.937Z] [INFO   ] [PASSO 469] Card 71: Over 1.5 (o15) | Percentual: (100.00%) | SG: 0 | G1: 0 | G2: 0
[2026-02-07T02:59:20.938Z] [INFO   ] [PASSO 470] Card 72: Under 3.5 (u35) | Percentual: (100.00%) | SG: 0 | G1: 0 | G2: 0
[2026-02-07T02:59:20.938Z] [INFO   ] [PASSO 471] Card 73: Under 2.5 (u25) | Percentual: (95.83%) | SG: 0 | G1: 0 | G2: 0
[2026-02-07T02:59:20.938Z] [INFO   ] [PASSO 472] Card 74: Under 1.5 (u15) | Percentual: (66.67%) | SG: 0 | G1: 0 | G2: 0
[2026-02-07T02:59:20.939Z] [INFO   ] [PASSO 473] Card 75: Under 0.5 (u05) | Percentual: (29.17%) | SG: 0 | G1: 0 | G2: 0
[2026-02-07T02:59:20.939Z] [SUCCESS] [PASSO 474] ========================================
[2026-02-07T02:59:20.939Z] [SUCCESS] [PASSO 475] BUSCADOR DE PADRÕES CONCLUÍDO COM SUCESSO!
[2026-02-07T02:59:20.940Z] [SUCCESS] [PASSO 476] ========================================
[2026-02-07T02:59:21.179Z] [INFO   ] [PASSO 477] Browser fechado
[2026-02-07T02:59:21.180Z] [INFO   ] [PASSO 478] ========================================
[2026-02-07T02:59:21.180Z] [INFO   ] [PASSO 479] ROBÔ FINALIZADO
[2026-02-07T02:59:21.181Z] [INFO   ] [PASSO 480] Total de passos: 479
[2026-02-07T02:59:21.181Z] [INFO   ] [PASSO 481] ========================================
[2026-02-07T14:18:27.528Z] [INFO   ] [PASSO 1] ========================================
[2026-02-07T14:18:27.529Z] [INFO   ] [PASSO 2] INICIANDO BB TIPS ROBOT
[2026-02-07T14:18:27.530Z] [INFO   ] [PASSO 3] ========================================
[2026-02-07T14:18:27.530Z] [INFO   ] [PASSO 4] URL Base (BB Tips): https://app.bbtips.com.br
[2026-02-07T14:18:27.531Z] [INFO   ] [PASSO 5] API URL (Banco): http://localhost:5000
[2026-02-07T14:18:27.531Z] [INFO   ] [PASSO 6] Email: ****@***.***
[2026-02-07T14:18:27.531Z] [INFO   ] [PASSO 7] Inicializando browser...
[2026-02-07T14:18:30.703Z] [SUCCESS] [PASSO 8] Browser iniciado com sucesso
[2026-02-07T14:18:30.704Z] [INFO   ] [PASSO 9] ---------------------------------------
[2026-02-07T14:18:30.705Z] [INFO   ] [PASSO 10] INICIANDO LOGIN
[2026-02-07T14:18:30.706Z] [INFO   ] [PASSO 11] ---------------------------------------
[2026-02-07T14:18:30.706Z] [INFO   ] [PASSO 12] Navegando para: https://app.bbtips.com.br/login
[2026-02-07T14:18:35.732Z] [DEBUG  ] [PASSO 13] Título da página: BB Tips
[2026-02-07T14:18:35.733Z] [INFO   ] [PASSO 14] Procurando campo de email...
[2026-02-07T14:18:35.749Z] [SUCCESS] [PASSO 15] Campo de email encontrado
[2026-02-07T14:18:35.844Z] [INFO   ] [PASSO 16] Email preenchido
[2026-02-07T14:18:35.844Z] [INFO   ] [PASSO 17] Procurando campo de senha...
[2026-02-07T14:18:35.850Z] [SUCCESS] [PASSO 18] Campo de senha encontrado
[2026-02-07T14:18:35.886Z] [INFO   ] [PASSO 19] Senha preenchida
[2026-02-07T14:18:35.887Z] [INFO   ] [PASSO 20] Procurando botão de login...
[2026-02-07T14:18:35.893Z] [SUCCESS] [PASSO 21] Botão de login encontrado: "Entrar"
[2026-02-07T14:18:35.926Z] [INFO   ] [PASSO 22] Clicou no botão de login, aguardando...
[2026-02-07T14:18:40.939Z] [INFO   ] [PASSO 23] URL atual: https://app.bbtips.com.br/inicio
[2026-02-07T14:18:40.940Z] [SUCCESS] [PASSO 24] Login realizado com sucesso!
[2026-02-07T14:18:40.941Z] [INFO   ] [PASSO 25] URL após login: https://app.bbtips.com.br/inicio
[2026-02-07T14:18:40.942Z] [INFO   ] [PASSO 26] ---------------------------------------
[2026-02-07T14:18:40.942Z] [INFO   ] [PASSO 27] EXECUTANDO BUSCADOR DE PADRÕES
[2026-02-07T14:18:40.942Z] [INFO   ] [PASSO 28] ---------------------------------------
[2026-02-07T14:18:40.943Z] [INFO   ] [PASSO 29] URL Base do robô: https://app.bbtips.com.br
[2026-02-07T14:18:40.943Z] [INFO   ] [PASSO 30] Navegando para: https://app.bbtips.com.br/bots/novo
[2026-02-07T14:18:40.944Z] [DEBUG  ] [PASSO 31] URL atual antes de navegar: https://app.bbtips.com.br/inicio
[2026-02-07T14:18:42.964Z] [DEBUG  ] [PASSO 32] URL após navegar: https://app.bbtips.com.br/bots/novo
[2026-02-07T14:18:45.987Z] [DEBUG  ] [PASSO 33] Conteúdo da página: 23/02/2026
 Bet365 
 Betano 
 Kiron
 SportingBet
 Aviator 
 Blaze 
 Roletas
 Luiz Silva 
Criar Novo Robô
Layout Antigo
Público
Selecione a Liga que deseja atuar
TodasCopaEuroSuperPremier
Nome
Chat
×[B...
[2026-02-07T14:18:45.987Z] [INFO   ] [PASSO 34] Procurando botão Buscar Padrões...
[2026-02-07T14:18:45.993Z] [SUCCESS] [PASSO 35] Botão Buscar Padrões encontrado: "Buscador de Padrões 🤖"
[2026-02-07T14:18:48.039Z] [INFO   ] [PASSO 36] Procurando campo Máximo Pulos...
[2026-02-07T14:18:48.043Z] [WARN   ] [PASSO 37] Campo Máximo Pulos não encontrado via ng-select
[2026-02-07T14:18:48.046Z] [WARN   ] [PASSO 38] Campo Máximo Pulos não encontrado
[2026-02-07T14:18:48.047Z] [INFO   ] [PASSO 39] Procurando botão Buscar no modal...
[2026-02-07T14:18:48.051Z] [SUCCESS] [PASSO 40] Botão Buscar encontrado: "Buscar"
[2026-02-07T14:18:48.080Z] [INFO   ] [PASSO 41] Clicou em Buscar, aguardando resultados...
[2026-02-07T14:18:53.092Z] [INFO   ] [PASSO 42] Procurando resultados da busca...
[2026-02-07T14:18:55.108Z] [SUCCESS] [PASSO 43] Quinta tabela encontrada
[2026-02-07T14:18:55.112Z] [INFO   ] [PASSO 44] Clicando na primeira linha da quinta tabela...
[2026-02-07T14:18:56.162Z] [INFO   ] [PASSO 45] Procurando dialog SweetAlert2...
[2026-02-07T14:18:57.683Z] [SUCCESS] [PASSO 46] Modal SweetAlert2 encontrado
[2026-02-07T14:18:57.687Z] [SUCCESS] [PASSO 47] Botão encontrado: "Sim"
[2026-02-07T14:18:57.689Z] [SUCCESS] [PASSO 48] Clicando em "Sim"
[2026-02-07T14:18:57.784Z] [INFO   ] [PASSO 49] Clicou no botão Sim
[2026-02-07T14:18:59.287Z] [INFO   ] [PASSO 50] Procurando elemento para clicar...
[2026-02-07T14:19:00.313Z] [SUCCESS] [PASSO 51] Elemento encontrado
[2026-02-07T14:19:00.336Z] [INFO   ] [PASSO 52] Clicou no elemento div[2]
[2026-02-07T14:19:01.349Z] [INFO   ] [PASSO 53] Procurando span para clicar...
[2026-02-07T14:19:02.375Z] [SUCCESS] [PASSO 54] Span encontrado: "VER MAIS"
[2026-02-07T14:19:02.514Z] [INFO   ] [PASSO 55] Clicou no span
[2026-02-07T14:19:03.516Z] [INFO   ] [PASSO 56] ========================================
[2026-02-07T14:19:03.517Z] [INFO   ] [PASSO 57] EXTRAINDO DADOS DOS CARDS
[2026-02-07T14:19:03.518Z] [INFO   ] [PASSO 58] ========================================
[2026-02-07T14:19:03.519Z] [INFO   ] [PASSO 59] ╔══════════════════════════════════════════════════════════╗
[2026-02-07T14:19:03.519Z] [INFO   ] [PASSO 60] ║          EXTRAÇÃO DE DADOS DOS CARDS (XPath)         ║
[2026-02-07T14:19:03.520Z] [INFO   ] [PASSO 61] ╚══════════════════════════════════════════════════════════╝
[2026-02-07T14:19:03.520Z] [INFO   ] [PASSO 62] Timestamp: 2026-02-07T14:19:03.520Z
[2026-02-07T14:19:05.532Z] [INFO   ] [PASSO 63] ══════════════════════════════════════════════════════════
[2026-02-07T14:19:05.534Z] [INFO   ] [PASSO 64] BUSCA POR CONTAINER DE CARDS:
[2026-02-07T14:19:05.534Z] [INFO   ] [PASSO 65]   XPath Container: /html/body/app-root/div/app-robos-novo/div/div/div[5]/div[1]/div[1]/div[3]/div[3]/div[2]/div[2]/div[1]
[2026-02-07T14:19:05.543Z] [SUCCESS] [PASSO 66] Container encontrado
[2026-02-07T14:19:05.544Z] [INFO   ] [PASSO 67] ══════════════════════════════════════════════════════════
[2026-02-07T14:19:05.545Z] [INFO   ] [PASSO 68] BUSCA POR CARDS DENTRO DO CONTAINER:
[2026-02-07T14:19:05.545Z] [INFO   ] [PASSO 69]   XPath Cards: ./div[not(contains(@class, 'row'))]
[2026-02-07T14:19:05.618Z] [INFO   ] [PASSO 70]   Cards encontrados via XPath: 75
[2026-02-07T14:19:05.619Z] [SUCCESS] [PASSO 71] Total de cards encontrados: 75
[2026-02-07T14:19:05.619Z] [INFO   ] [PASSO 72] ═══════════════════════════════════════════════════════════
[2026-02-07T14:19:05.620Z] [INFO   ] [PASSO 73]   Processando Card 1/75...
[2026-02-07T14:19:05.667Z] [DEBUG  ] [PASSO 74]   ✓ Card 1: Ambas Marcam Sim (ambs) | (100.00%) | SG:0 | G1:0 | G2:0
[2026-02-07T14:19:05.668Z] [INFO   ] [PASSO 75]   ✓ Card 1: Ambas Marcam Sim (ambs) | (100.00%) | SG:0 | G1:0 | G2:0
[2026-02-07T14:19:05.669Z] [INFO   ] [PASSO 76] ═══════════════════════════════════════════════════════════
[2026-02-07T14:19:05.669Z] [INFO   ] [PASSO 77]   Processando Card 2/75...
[2026-02-07T14:19:05.712Z] [DEBUG  ] [PASSO 78]   ✓ Card 2: Casa Marca Sim (cms) | (100.00%) | SG:0 | G1:0 | G2:0
[2026-02-07T14:19:05.713Z] [INFO   ] [PASSO 79]   ✓ Card 2: Casa Marca Sim (cms) | (100.00%) | SG:0 | G1:0 | G2:0
[2026-02-07T14:19:05.714Z] [INFO   ] [PASSO 80] ═══════════════════════════════════════════════════════════
[2026-02-07T14:19:05.714Z] [INFO   ] [PASSO 81]   Processando Card 3/75...
[2026-02-07T14:19:05.759Z] [DEBUG  ] [PASSO 82]   ✓ Card 3: Visitante Marca Sim (vms) | (100.00%) | SG:0 | G1:0 | G2:0
[2026-02-07T14:19:05.759Z] [INFO   ] [PASSO 83]   ✓ Card 3: Visitante Marca Sim (vms) | (100.00%) | SG:0 | G1:0 | G2:0
[2026-02-07T14:19:05.760Z] [INFO   ] [PASSO 84] ═══════════════════════════════════════════════════════════
[2026-02-07T14:19:05.761Z] [INFO   ] [PASSO 85]   Processando Card 4/75...
[2026-02-07T14:19:05.815Z] [DEBUG  ] [PASSO 86]   ✓ Card 4: Ambas Não Marcam (ambn) | (90.91%) | SG:0 | G1:0 | G2:0
[2026-02-07T14:19:05.816Z] [INFO   ] [PASSO 87]   ✓ Card 4: Ambas Não Marcam (ambn) | (90.91%) | SG:0 | G1:0 | G2:0
[2026-02-07T14:19:05.816Z] [INFO   ] [PASSO 88] ═══════════════════════════════════════════════════════════
[2026-02-07T14:19:05.817Z] [INFO   ] [PASSO 89]   Processando Card 5/75...
[2026-02-07T14:19:05.860Z] [DEBUG  ] [PASSO 90]   ✓ Card 5: Over 2.5 (o25) | (86.36%) | SG:0 | G1:0 | G2:0
[2026-02-07T14:19:05.860Z] [INFO   ] [PASSO 91]   ✓ Card 5: Over 2.5 (o25) | (86.36%) | SG:0 | G1:0 | G2:0
[2026-02-07T14:19:05.861Z] [INFO   ] [PASSO 92] ═══════════════════════════════════════════════════════════
[2026-02-07T14:19:05.861Z] [INFO   ] [PASSO 93]   Processando Card 6/75...
[2026-02-07T14:19:05.903Z] [DEBUG  ] [PASSO 94]   ✓ Card 6: Casa (pmc) | (86.36%) | SG:0 | G1:0 | G2:0
[2026-02-07T14:19:05.904Z] [INFO   ] [PASSO 95]   ✓ Card 6: Casa (pmc) | (86.36%) | SG:0 | G1:0 | G2:0
[2026-02-07T14:19:05.905Z] [INFO   ] [PASSO 96] ═══════════════════════════════════════════════════════════
[2026-02-07T14:19:05.905Z] [INFO   ] [PASSO 97]   Processando Card 7/75...
[2026-02-07T14:19:05.949Z] [DEBUG  ] [PASSO 98]   ✓ Card 7: Visitante Não Marca (vmn) | (81.82%) | SG:0 | G1:0 | G2:0
[2026-02-07T14:19:05.950Z] [INFO   ] [PASSO 99]   ✓ Card 7: Visitante Não Marca (vmn) | (81.82%) | SG:0 | G1:0 | G2:0
[2026-02-07T14:19:05.950Z] [INFO   ] [PASSO 100] ═══════════════════════════════════════════════════════════
[2026-02-07T14:19:05.951Z] [INFO   ] [PASSO 101]   Processando Card 8/75...
[2026-02-07T14:19:05.995Z] [DEBUG  ] [PASSO 102]   ✓ Card 8: Casa (umc) | (81.82%) | SG:0 | G1:0 | G2:0
[2026-02-07T14:19:05.996Z] [INFO   ] [PASSO 103]   ✓ Card 8: Casa (umc) | (81.82%) | SG:0 | G1:0 | G2:0
[2026-02-07T14:19:05.996Z] [INFO   ] [PASSO 104] ═══════════════════════════════════════════════════════════
[2026-02-07T14:19:05.997Z] [INFO   ] [PASSO 105]   Processando Card 9/75...
[2026-02-07T14:19:06.041Z] [DEBUG  ] [PASSO 106]   ✓ Card 9: [HT] Empate (hte) | (77.27%) | SG:0 | G1:0 | G2:0
[2026-02-07T14:19:06.042Z] [INFO   ] [PASSO 107]   ✓ Card 9: [HT] Empate (hte) | (77.27%) | SG:0 | G1:0 | G2:0
[2026-02-07T14:19:06.043Z] [INFO   ] [PASSO 108] ═══════════════════════════════════════════════════════════
[2026-02-07T14:19:06.043Z] [INFO   ] [PASSO 109]   Processando Card 10/75...
[2026-02-07T14:19:06.088Z] [DEBUG  ] [PASSO 110]   ✓ Card 10: Vencedor Casa (ftc) | (72.73%) | SG:0 | G1:0 | G2:0
[2026-02-07T14:19:06.089Z] [INFO   ] [PASSO 111]   ✓ Card 10: Vencedor Casa (ftc) | (72.73%) | SG:0 | G1:0 | G2:0
[2026-02-07T14:19:06.090Z] [INFO   ] [PASSO 112] ═══════════════════════════════════════════════════════════
[2026-02-07T14:19:06.090Z] [INFO   ] [PASSO 113]   Processando Card 11/75...
[2026-02-07T14:19:06.136Z] [DEBUG  ] [PASSO 114]   ✓ Card 11: Empate (fte) | (72.73%) | SG:0 | G1:0 | G2:0
[2026-02-07T14:19:06.136Z] [INFO   ] [PASSO 115]   ✓ Card 11: Empate (fte) | (72.73%) | SG:0 | G1:0 | G2:0
[2026-02-07T14:19:06.137Z] [INFO   ] [PASSO 116] ═══════════════════════════════════════════════════════════
[2026-02-07T14:19:06.137Z] [INFO   ] [PASSO 117]   Processando Card 12/75...
[2026-02-07T14:19:06.179Z] [DEBUG  ] [PASSO 118]   ✓ Card 12: [HT] Vencedor Casa (htc) | (72.73%) | SG:0 | G1:0 | G2:0
[2026-02-07T14:19:06.180Z] [INFO   ] [PASSO 119]   ✓ Card 12: [HT] Vencedor Casa (htc) | (72.73%) | SG:0 | G1:0 | G2:0
[2026-02-07T14:19:06.180Z] [INFO   ] [PASSO 120] ═══════════════════════════════════════════════════════════
[2026-02-07T14:19:06.181Z] [INFO   ] [PASSO 121]   Processando Card 13/75...
[2026-02-07T14:19:06.225Z] [DEBUG  ] [PASSO 122]   ✓ Card 13: Visitante (pmv) | (68.18%) | SG:0 | G1:0 | G2:0
[2026-02-07T14:19:06.226Z] [INFO   ] [PASSO 123]   ✓ Card 13: Visitante (pmv) | (68.18%) | SG:0 | G1:0 | G2:0
[2026-02-07T14:19:06.227Z] [INFO   ] [PASSO 124] ═══════════════════════════════════════════════════════════
[2026-02-07T14:19:06.228Z] [INFO   ] [PASSO 125]   Processando Card 14/75...
[2026-02-07T14:19:06.275Z] [DEBUG  ] [PASSO 126]   ✓ Card 14: Visitante (umv) | (68.18%) | SG:0 | G1:0 | G2:0
[2026-02-07T14:19:06.276Z] [INFO   ] [PASSO 127]   ✓ Card 14: Visitante (umv) | (68.18%) | SG:0 | G1:0 | G2:0
[2026-02-07T14:19:06.277Z] [INFO   ] [PASSO 128] ═══════════════════════════════════════════════════════════
[2026-02-07T14:19:06.277Z] [INFO   ] [PASSO 129]   Processando Card 15/75...
[2026-02-07T14:19:06.333Z] [DEBUG  ] [PASSO 130]   ✓ Card 15: 0x0 HT (ht00) | (63.64%) | SG:0 | G1:0 | G2:0
[2026-02-07T14:19:06.334Z] [INFO   ] [PASSO 131]   ✓ Card 15: 0x0 HT (ht00) | (63.64%) | SG:0 | G1:0 | G2:0
[2026-02-07T14:19:06.334Z] [INFO   ] [PASSO 132] ═══════════════════════════════════════════════════════════
[2026-02-07T14:19:06.335Z] [INFO   ] [PASSO 133]   Processando Card 16/75...
[2026-02-07T14:19:06.388Z] [DEBUG  ] [PASSO 134]   ✓ Card 16: 2 Gols (ge2) | (59.09%) | SG:0 | G1:0 | G2:0
[2026-02-07T14:19:06.389Z] [INFO   ] [PASSO 135]   ✓ Card 16: 2 Gols (ge2) | (59.09%) | SG:0 | G1:0 | G2:0
[2026-02-07T14:19:06.390Z] [INFO   ] [PASSO 136] ═══════════════════════════════════════════════════════════
[2026-02-07T14:19:06.390Z] [INFO   ] [PASSO 137]   Processando Card 17/75...
[2026-02-07T14:19:06.435Z] [DEBUG  ] [PASSO 138]   ✓ Card 17: 1x0 HT (ht10) | (59.09%) | SG:0 | G1:0 | G2:0
[2026-02-07T14:19:06.436Z] [INFO   ] [PASSO 139]   ✓ Card 17: 1x0 HT (ht10) | (59.09%) | SG:0 | G1:0 | G2:0
[2026-02-07T14:19:06.437Z] [INFO   ] [PASSO 140] ═══════════════════════════════════════════════════════════
[2026-02-07T14:19:06.437Z] [INFO   ] [PASSO 141]   Processando Card 18/75...
[2026-02-07T14:19:06.482Z] [DEBUG  ] [PASSO 142]   ✓ Card 18: Resultado Empate / Ambas Sim (reas) | (59.09%) | SG:0 | G1:0 | G2:0
[2026-02-07T14:19:06.482Z] [INFO   ] [PASSO 143]   ✓ Card 18: Resultado Empate / Ambas Sim (reas) | (59.09%) | SG:0 | G1:0 | G2:0
[2026-02-07T14:19:06.483Z] [INFO   ] [PASSO 144] ═══════════════════════════════════════════════════════════
[2026-02-07T14:19:06.483Z] [INFO   ] [PASSO 145]   Processando Card 19/75...
[2026-02-07T14:19:06.526Z] [DEBUG  ] [PASSO 146]   ✓ Card 19: Over 3.5 (o35) | (54.55%) | SG:0 | G1:0 | G2:0
[2026-02-07T14:19:06.526Z] [INFO   ] [PASSO 147]   ✓ Card 19: Over 3.5 (o35) | (54.55%) | SG:0 | G1:0 | G2:0
[2026-02-07T14:19:06.527Z] [INFO   ] [PASSO 148] ═══════════════════════════════════════════════════════════
[2026-02-07T14:19:06.527Z] [INFO   ] [PASSO 149]   Processando Card 20/75...
[2026-02-07T14:19:06.577Z] [DEBUG  ] [PASSO 150]   ✓ Card 20: 3 Gols (ge3) | (54.55%) | SG:0 | G1:0 | G2:0
[2026-02-07T14:19:06.578Z] [INFO   ] [PASSO 151]   ✓ Card 20: 3 Gols (ge3) | (54.55%) | SG:0 | G1:0 | G2:0
[2026-02-07T14:19:06.578Z] [INFO   ] [PASSO 152] ═══════════════════════════════════════════════════════════
[2026-02-07T14:19:06.578Z] [INFO   ] [PASSO 153]   Processando Card 21/75...
[2026-02-07T14:19:06.620Z] [DEBUG  ] [PASSO 154]   ✓ Card 21: Resultado Casa / Ambas Não (rcan) | (54.55%) | SG:0 | G1:0 | G2:0
[2026-02-07T14:19:06.620Z] [INFO   ] [PASSO 155]   ✓ Card 21: Resultado Casa / Ambas Não (rcan) | (54.55%) | SG:0 | G1:0 | G2:0
[2026-02-07T14:19:06.621Z] [INFO   ] [PASSO 156] ═══════════════════════════════════════════════════════════
[2026-02-07T14:19:06.621Z] [INFO   ] [PASSO 157]   Processando Card 22/75...
[2026-02-07T14:19:06.664Z] [DEBUG  ] [PASSO 158]   ✓ Card 22: [HT] Vencedor Visitante (htv) | (50.00%) | SG:0 | G1:0 | G2:0
[2026-02-07T14:19:06.665Z] [INFO   ] [PASSO 159]   ✓ Card 22: [HT] Vencedor Visitante (htv) | (50.00%) | SG:0 | G1:0 | G2:0
[2026-02-07T14:19:06.665Z] [INFO   ] [PASSO 160] ═══════════════════════════════════════════════════════════
[2026-02-07T14:19:06.666Z] [INFO   ] [PASSO 161]   Processando Card 23/75...
[2026-02-07T14:19:06.707Z] [DEBUG  ] [PASSO 162]   ✓ Card 23: Resultado Casa / Ambas Sim (rcas) | (50.00%) | SG:0 | G1:0 | G2:0
[2026-02-07T14:19:06.708Z] [INFO   ] [PASSO 163]   ✓ Card 23: Resultado Casa / Ambas Sim (rcas) | (50.00%) | SG:0 | G1:0 | G2:0
[2026-02-07T14:19:06.709Z] [INFO   ] [PASSO 164] ═══════════════════════════════════════════════════════════
[2026-02-07T14:19:06.709Z] [INFO   ] [PASSO 165]   Processando Card 24/75...
[2026-02-07T14:19:06.760Z] [DEBUG  ] [PASSO 166]   ✓ Card 24: Casa Não Marca (cmn) | (45.45%) | SG:0 | G1:0 | G2:0
[2026-02-07T14:19:06.761Z] [INFO   ] [PASSO 167]   ✓ Card 24: Casa Não Marca (cmn) | (45.45%) | SG:0 | G1:0 | G2:0
[2026-02-07T14:19:06.761Z] [INFO   ] [PASSO 168] ═══════════════════════════════════════════════════════════
[2026-02-07T14:19:06.762Z] [INFO   ] [PASSO 169]   Processando Card 25/75...
[2026-02-07T14:19:06.807Z] [DEBUG  ] [PASSO 170]   ✓ Card 25: Vencedor Visitante (ftv) | (45.45%) | SG:0 | G1:0 | G2:0
[2026-02-07T14:19:06.808Z] [INFO   ] [PASSO 171]   ✓ Card 25: Vencedor Visitante (ftv) | (45.45%) | SG:0 | G1:0 | G2:0
[2026-02-07T14:19:06.809Z] [INFO   ] [PASSO 172] ═══════════════════════════════════════════════════════════
[2026-02-07T14:19:06.809Z] [INFO   ] [PASSO 173]   Processando Card 26/75...
[2026-02-07T14:19:06.856Z] [DEBUG  ] [PASSO 174]   ✓ Card 26: 1 Gols (ge1) | (45.45%) | SG:0 | G1:0 | G2:0
[2026-02-07T14:19:06.857Z] [INFO   ] [PASSO 175]   ✓ Card 26: 1 Gols (ge1) | (45.45%) | SG:0 | G1:0 | G2:0
[2026-02-07T14:19:06.857Z] [INFO   ] [PASSO 176] ═══════════════════════════════════════════════════════════
[2026-02-07T14:19:06.858Z] [INFO   ] [PASSO 177]   Processando Card 27/75...
[2026-02-07T14:19:06.901Z] [DEBUG  ] [PASSO 178]   ✓ Card 27: 4 Gols (ge4) | (45.45%) | SG:0 | G1:0 | G2:0
[2026-02-07T14:19:06.902Z] [INFO   ] [PASSO 179]   ✓ Card 27: 4 Gols (ge4) | (45.45%) | SG:0 | G1:0 | G2:0
[2026-02-07T14:19:06.903Z] [INFO   ] [PASSO 180] ═══════════════════════════════════════════════════════════
[2026-02-07T14:19:06.903Z] [INFO   ] [PASSO 181]   Processando Card 28/75...
[2026-02-07T14:19:06.948Z] [DEBUG  ] [PASSO 182]   ✓ Card 28: 1x1 FT (ft11) | (36.36%) | SG:0 | G1:0 | G2:0
[2026-02-07T14:19:06.949Z] [INFO   ] [PASSO 183]   ✓ Card 28: 1x1 FT (ft11) | (36.36%) | SG:0 | G1:0 | G2:0
[2026-02-07T14:19:06.950Z] [INFO   ] [PASSO 184] ═══════════════════════════════════════════════════════════
[2026-02-07T14:19:06.950Z] [INFO   ] [PASSO 185]   Processando Card 29/75...
[2026-02-07T14:19:06.993Z] [DEBUG  ] [PASSO 186]   ✓ Card 29: 1x1 HT (ht11) | (36.36%) | SG:0 | G1:0 | G2:0
[2026-02-07T14:19:06.994Z] [INFO   ] [PASSO 187]   ✓ Card 29: 1x1 HT (ht11) | (36.36%) | SG:0 | G1:0 | G2:0
[2026-02-07T14:19:06.994Z] [INFO   ] [PASSO 188] ═══════════════════════════════════════════════════════════
[2026-02-07T14:19:06.995Z] [INFO   ] [PASSO 189]   Processando Card 30/75...
[2026-02-07T14:19:07.038Z] [DEBUG  ] [PASSO 190]   ✓ Card 30: 0x1 HT (ht01) | (36.36%) | SG:0 | G1:0 | G2:0
[2026-02-07T14:19:07.038Z] [INFO   ] [PASSO 191]   ✓ Card 30: 0x1 HT (ht01) | (36.36%) | SG:0 | G1:0 | G2:0
[2026-02-07T14:19:07.039Z] [INFO   ] [PASSO 192] ═══════════════════════════════════════════════════════════
[2026-02-07T14:19:07.039Z] [INFO   ] [PASSO 193]   Processando Card 31/75...
[2026-02-07T14:19:07.087Z] [DEBUG  ] [PASSO 194]   ✓ Card 31: 0 Gols (ge0) | (31.82%) | SG:0 | G1:0 | G2:0
[2026-02-07T14:19:07.087Z] [INFO   ] [PASSO 195]   ✓ Card 31: 0 Gols (ge0) | (31.82%) | SG:0 | G1:0 | G2:0
[2026-02-07T14:19:07.088Z] [INFO   ] [PASSO 196] ═══════════════════════════════════════════════════════════
[2026-02-07T14:19:07.088Z] [INFO   ] [PASSO 197]   Processando Card 32/75...
[2026-02-07T14:19:07.133Z] [DEBUG  ] [PASSO 198]   ✓ Card 32: 1x0 FT (ft10) | (31.82%) | SG:0 | G1:0 | G2:0
[2026-02-07T14:19:07.134Z] [INFO   ] [PASSO 199]   ✓ Card 32: 1x0 FT (ft10) | (31.82%) | SG:0 | G1:0 | G2:0
[2026-02-07T14:19:07.134Z] [INFO   ] [PASSO 200] ═══════════════════════════════════════════════════════════
[2026-02-07T14:19:07.135Z] [INFO   ] [PASSO 201]   Processando Card 33/75...
[2026-02-07T14:19:07.181Z] [DEBUG  ] [PASSO 202]   ✓ Card 33: 0x0 FT (ft00) | (31.82%) | SG:0 | G1:0 | G2:0
[2026-02-07T14:19:07.182Z] [INFO   ] [PASSO 203]   ✓ Card 33: 0x0 FT (ft00) | (31.82%) | SG:0 | G1:0 | G2:0
[2026-02-07T14:19:07.183Z] [INFO   ] [PASSO 204] ═══════════════════════════════════════════════════════════
[2026-02-07T14:19:07.183Z] [INFO   ] [PASSO 205]   Processando Card 34/75...
[2026-02-07T14:19:07.238Z] [DEBUG  ] [PASSO 206]   ✓ Card 34: 2x0 HT (ht20) | (31.82%) | SG:0 | G1:0 | G2:0
[2026-02-07T14:19:07.239Z] [INFO   ] [PASSO 207]   ✓ Card 34: 2x0 HT (ht20) | (31.82%) | SG:0 | G1:0 | G2:0
[2026-02-07T14:19:07.239Z] [INFO   ] [PASSO 208] ═══════════════════════════════════════════════════════════
[2026-02-07T14:19:07.240Z] [INFO   ] [PASSO 209]   Processando Card 35/75...
[2026-02-07T14:19:07.284Z] [DEBUG  ] [PASSO 210]   ✓ Card 35: Resultado Visitante / Ambas Sim (rvas) | (31.82%) | SG:0 | G1:0 | G2:0
[2026-02-07T14:19:07.285Z] [INFO   ] [PASSO 211]   ✓ Card 35: Resultado Visitante / Ambas Sim (rvas) | (31.82%) | SG:0 | G1:0 | G2:0
[2026-02-07T14:19:07.286Z] [INFO   ] [PASSO 212] ═══════════════════════════════════════════════════════════
[2026-02-07T14:19:07.286Z] [INFO   ] [PASSO 213]   Processando Card 36/75...
[2026-02-07T14:19:07.335Z] [DEBUG  ] [PASSO 214]   ✓ Card 36: Resultado Empate / Ambas Não (rean) | (31.82%) | SG:0 | G1:0 | G2:0
[2026-02-07T14:19:07.335Z] [INFO   ] [PASSO 215]   ✓ Card 36: Resultado Empate / Ambas Não (rean) | (31.82%) | SG:0 | G1:0 | G2:0
[2026-02-07T14:19:07.336Z] [INFO   ] [PASSO 216] ═══════════════════════════════════════════════════════════
[2026-02-07T14:19:07.336Z] [INFO   ] [PASSO 217]   Processando Card 37/75...
[2026-02-07T14:19:07.379Z] [DEBUG  ] [PASSO 218]   ✓ Card 37: 2x1 FT (ft21) | (27.27%) | SG:0 | G1:0 | G2:0
[2026-02-07T14:19:07.380Z] [INFO   ] [PASSO 219]   ✓ Card 37: 2x1 FT (ft21) | (27.27%) | SG:0 | G1:0 | G2:0
[2026-02-07T14:19:07.381Z] [INFO   ] [PASSO 220] ═══════════════════════════════════════════════════════════
[2026-02-07T14:19:07.381Z] [INFO   ] [PASSO 221]   Processando Card 38/75...
[2026-02-07T14:19:07.423Z] [DEBUG  ] [PASSO 222]   ✓ Card 38: Resultado Visitante / Ambas Não (rvan) | (27.27%) | SG:0 | G1:0 | G2:0
[2026-02-07T14:19:07.424Z] [INFO   ] [PASSO 223]   ✓ Card 38: Resultado Visitante / Ambas Não (rvan) | (27.27%) | SG:0 | G1:0 | G2:0
[2026-02-07T14:19:07.424Z] [INFO   ] [PASSO 224] ═══════════════════════════════════════════════════════════
[2026-02-07T14:19:07.425Z] [INFO   ] [PASSO 225]   Processando Card 39/75...
[2026-02-07T14:19:07.469Z] [DEBUG  ] [PASSO 226]   ✓ Card 39: Over 5+ (o50) | (22.73%) | SG:0 | G1:0 | G2:0
[2026-02-07T14:19:07.470Z] [INFO   ] [PASSO 227]   ✓ Card 39: Over 5+ (o50) | (22.73%) | SG:0 | G1:0 | G2:0
[2026-02-07T14:19:07.471Z] [INFO   ] [PASSO 228] ═══════════════════════════════════════════════════════════
[2026-02-07T14:19:07.472Z] [INFO   ] [PASSO 229]   Processando Card 40/75...
[2026-02-07T14:19:07.518Z] [DEBUG  ] [PASSO 230]   ✓ Card 40: 2x0 FT (ft20) | (22.73%) | SG:0 | G1:0 | G2:0
[2026-02-07T14:19:07.518Z] [INFO   ] [PASSO 231]   ✓ Card 40: 2x0 FT (ft20) | (22.73%) | SG:0 | G1:0 | G2:0
[2026-02-07T14:19:07.519Z] [INFO   ] [PASSO 232] ═══════════════════════════════════════════════════════════
[2026-02-07T14:19:07.519Z] [INFO   ] [PASSO 233]   Processando Card 41/75...
[2026-02-07T14:19:07.572Z] [DEBUG  ] [PASSO 234]   ✓ Card 41: 3x1 FT (ft31) | (18.18%) | SG:0 | G1:0 | G2:0
[2026-02-07T14:19:07.573Z] [INFO   ] [PASSO 235]   ✓ Card 41: 3x1 FT (ft31) | (18.18%) | SG:0 | G1:0 | G2:0
[2026-02-07T14:19:07.573Z] [INFO   ] [PASSO 236] ═══════════════════════════════════════════════════════════
[2026-02-07T14:19:07.574Z] [INFO   ] [PASSO 237]   Processando Card 42/75...
[2026-02-07T14:19:07.623Z] [DEBUG  ] [PASSO 238]   ✓ Card 42: 2x2 FT (ft22) | (18.18%) | SG:0 | G1:0 | G2:0
[2026-02-07T14:19:07.624Z] [INFO   ] [PASSO 239]   ✓ Card 42: 2x2 FT (ft22) | (18.18%) | SG:0 | G1:0 | G2:0
[2026-02-07T14:19:07.624Z] [INFO   ] [PASSO 240] ═══════════════════════════════════════════════════════════
[2026-02-07T14:19:07.625Z] [INFO   ] [PASSO 241]   Processando Card 43/75...
[2026-02-07T14:19:07.678Z] [DEBUG  ] [PASSO 242]   ✓ Card 43: 1x2 FT (ft12) | (18.18%) | SG:0 | G1:0 | G2:0
[2026-02-07T14:19:07.679Z] [INFO   ] [PASSO 243]   ✓ Card 43: 1x2 FT (ft12) | (18.18%) | SG:0 | G1:0 | G2:0
[2026-02-07T14:19:07.680Z] [INFO   ] [PASSO 244] ═══════════════════════════════════════════════════════════
[2026-02-07T14:19:07.680Z] [INFO   ] [PASSO 245]   Processando Card 44/75...
[2026-02-07T14:19:07.728Z] [DEBUG  ] [PASSO 246]   ✓ Card 44: Outros HT (out) | (18.18%) | SG:0 | G1:0 | G2:0
[2026-02-07T14:19:07.728Z] [INFO   ] [PASSO 247]   ✓ Card 44: Outros HT (out) | (18.18%) | SG:0 | G1:0 | G2:0
[2026-02-07T14:19:07.729Z] [INFO   ] [PASSO 248] ═══════════════════════════════════════════════════════════
[2026-02-07T14:19:07.729Z] [INFO   ] [PASSO 249]   Processando Card 45/75...
[2026-02-07T14:19:07.773Z] [DEBUG  ] [PASSO 250]   ✓ Card 45: 5+ Gols (ge5) | (13.64%) | SG:0 | G1:0 | G2:0
[2026-02-07T14:19:07.773Z] [INFO   ] [PASSO 251]   ✓ Card 45: 5+ Gols (ge5) | (13.64%) | SG:0 | G1:0 | G2:0
[2026-02-07T14:19:07.774Z] [INFO   ] [PASSO 252] ═══════════════════════════════════════════════════════════
[2026-02-07T14:19:07.774Z] [INFO   ] [PASSO 253]   Processando Card 46/75...
[2026-02-07T14:19:07.822Z] [DEBUG  ] [PASSO 254]   ✓ Card 46: 0x1 FT (ft01) | (13.64%) | SG:0 | G1:0 | G2:0
[2026-02-07T14:19:07.823Z] [INFO   ] [PASSO 255]   ✓ Card 46: 0x1 FT (ft01) | (13.64%) | SG:0 | G1:0 | G2:0
[2026-02-07T14:19:07.823Z] [INFO   ] [PASSO 256] ═══════════════════════════════════════════════════════════
[2026-02-07T14:19:07.824Z] [INFO   ] [PASSO 257]   Processando Card 47/75...
[2026-02-07T14:19:07.867Z] [DEBUG  ] [PASSO 258]   ✓ Card 47: 0x2 HT (ht02) | (13.64%) | SG:0 | G1:0 | G2:0
[2026-02-07T14:19:07.868Z] [INFO   ] [PASSO 259]   ✓ Card 47: 0x2 HT (ht02) | (13.64%) | SG:0 | G1:0 | G2:0
[2026-02-07T14:19:07.868Z] [INFO   ] [PASSO 260] ═══════════════════════════════════════════════════════════
[2026-02-07T14:19:07.869Z] [INFO   ] [PASSO 261]   Processando Card 48/75...
[2026-02-07T14:19:07.911Z] [DEBUG  ] [PASSO 262]   ✓ Card 48: 4x0 FT (ft40) | (9.09%) | SG:0 | G1:0 | G2:0
[2026-02-07T14:19:07.912Z] [INFO   ] [PASSO 263]   ✓ Card 48: 4x0 FT (ft40) | (9.09%) | SG:0 | G1:0 | G2:0
[2026-02-07T14:19:07.912Z] [INFO   ] [PASSO 264] ═══════════════════════════════════════════════════════════
[2026-02-07T14:19:07.913Z] [INFO   ] [PASSO 265]   Processando Card 49/75...
[2026-02-07T14:19:07.954Z] [DEBUG  ] [PASSO 266]   ✓ Card 49: 0x3 FT (ft03) | (9.09%) | SG:0 | G1:0 | G2:0
[2026-02-07T14:19:07.955Z] [INFO   ] [PASSO 267]   ✓ Card 49: 0x3 FT (ft03) | (9.09%) | SG:0 | G1:0 | G2:0
[2026-02-07T14:19:07.955Z] [INFO   ] [PASSO 268] ═══════════════════════════════════════════════════════════
[2026-02-07T14:19:07.956Z] [INFO   ] [PASSO 269]   Processando Card 50/75...
[2026-02-07T14:19:07.998Z] [DEBUG  ] [PASSO 270]   ✓ Card 50: 1x3 FT (ft13) | (9.09%) | SG:0 | G1:0 | G2:0
[2026-02-07T14:19:07.999Z] [INFO   ] [PASSO 271]   ✓ Card 50: 1x3 FT (ft13) | (9.09%) | SG:0 | G1:0 | G2:0
[2026-02-07T14:19:07.999Z] [INFO   ] [PASSO 272] ═══════════════════════════════════════════════════════════
[2026-02-07T14:19:08.000Z] [INFO   ] [PASSO 273]   Processando Card 51/75...
[2026-02-07T14:19:08.050Z] [DEBUG  ] [PASSO 274]   ✓ Card 51: 2x3 FT (ft23) | (9.09%) | SG:0 | G1:0 | G2:0
[2026-02-07T14:19:08.050Z] [INFO   ] [PASSO 275]   ✓ Card 51: 2x3 FT (ft23) | (9.09%) | SG:0 | G1:0 | G2:0
[2026-02-07T14:19:08.051Z] [INFO   ] [PASSO 276] ═══════════════════════════════════════════════════════════
[2026-02-07T14:19:08.051Z] [INFO   ] [PASSO 277]   Processando Card 52/75...
[2026-02-07T14:19:08.096Z] [DEBUG  ] [PASSO 278]   ✓ Card 52: Viradinha (vira) | (9.09%) | SG:0 | G1:0 | G2:0
[2026-02-07T14:19:08.097Z] [INFO   ] [PASSO 279]   ✓ Card 52: Viradinha (vira) | (9.09%) | SG:0 | G1:0 | G2:0
[2026-02-07T14:19:08.098Z] [INFO   ] [PASSO 280] ═══════════════════════════════════════════════════════════
[2026-02-07T14:19:08.098Z] [INFO   ] [PASSO 281]   Processando Card 53/75...
[2026-02-07T14:19:08.165Z] [DEBUG  ] [PASSO 282]   ✓ Card 53: 4x2 FT (ft42) | (4.55%) | SG:0 | G1:0 | G2:0
[2026-02-07T14:19:08.166Z] [INFO   ] [PASSO 283]   ✓ Card 53: 4x2 FT (ft42) | (4.55%) | SG:0 | G1:0 | G2:0
[2026-02-07T14:19:08.167Z] [INFO   ] [PASSO 284] ═══════════════════════════════════════════════════════════
[2026-02-07T14:19:08.168Z] [INFO   ] [PASSO 285]   Processando Card 54/75...
[2026-02-07T14:19:08.246Z] [DEBUG  ] [PASSO 286]   ✓ Card 54: 5+ Casa (ft50_c) | (4.55%) | SG:0 | G1:0 | G2:0
[2026-02-07T14:19:08.249Z] [INFO   ] [PASSO 287]   ✓ Card 54: 5+ Casa (ft50_c) | (4.55%) | SG:0 | G1:0 | G2:0
[2026-02-07T14:19:08.249Z] [INFO   ] [PASSO 288] ═══════════════════════════════════════════════════════════
[2026-02-07T14:19:08.250Z] [INFO   ] [PASSO 289]   Processando Card 55/75...
[2026-02-07T14:19:08.333Z] [DEBUG  ] [PASSO 290]   ✓ Card 55: 3x3 FT (ft33) | (4.55%) | SG:0 | G1:0 | G2:0
[2026-02-07T14:19:08.333Z] [INFO   ] [PASSO 291]   ✓ Card 55: 3x3 FT (ft33) | (4.55%) | SG:0 | G1:0 | G2:0
[2026-02-07T14:19:08.334Z] [INFO   ] [PASSO 292] ═══════════════════════════════════════════════════════════
[2026-02-07T14:19:08.334Z] [INFO   ] [PASSO 293]   Processando Card 56/75...
[2026-02-07T14:19:08.379Z] [DEBUG  ] [PASSO 294]   ✓ Card 56: 5+ Empate (ft50_e) | (4.55%) | SG:0 | G1:0 | G2:0
[2026-02-07T14:19:08.379Z] [INFO   ] [PASSO 295]   ✓ Card 56: 5+ Empate (ft50_e) | (4.55%) | SG:0 | G1:0 | G2:0
[2026-02-07T14:19:08.380Z] [INFO   ] [PASSO 296] ═══════════════════════════════════════════════════════════
[2026-02-07T14:19:08.380Z] [INFO   ] [PASSO 297]   Processando Card 57/75...
[2026-02-07T14:19:08.423Z] [DEBUG  ] [PASSO 298]   ✓ Card 57: 0x2 FT (ft02) | (4.55%) | SG:0 | G1:0 | G2:0
[2026-02-07T14:19:08.424Z] [INFO   ] [PASSO 299]   ✓ Card 57: 0x2 FT (ft02) | (4.55%) | SG:0 | G1:0 | G2:0
[2026-02-07T14:19:08.425Z] [INFO   ] [PASSO 300] ═══════════════════════════════════════════════════════════
[2026-02-07T14:19:08.425Z] [INFO   ] [PASSO 301]   Processando Card 58/75...
[2026-02-07T14:19:08.473Z] [DEBUG  ] [PASSO 302]   ✓ Card 58: 3x0 FT (ft30) | (0.00%) | SG:0 | G1:0 | G2:0
[2026-02-07T14:19:08.474Z] [INFO   ] [PASSO 303]   ✓ Card 58: 3x0 FT (ft30) | (0.00%) | SG:0 | G1:0 | G2:0
[2026-02-07T14:19:08.474Z] [INFO   ] [PASSO 304] ═══════════════════════════════════════════════════════════
[2026-02-07T14:19:08.475Z] [INFO   ] [PASSO 305]   Processando Card 59/75...
[2026-02-07T14:19:08.526Z] [DEBUG  ] [PASSO 306]   ✓ Card 59: 3x2 FT (ft32) | (0.00%) | SG:0 | G1:0 | G2:0
[2026-02-07T14:19:08.526Z] [INFO   ] [PASSO 307]   ✓ Card 59: 3x2 FT (ft32) | (0.00%) | SG:0 | G1:0 | G2:0
[2026-02-07T14:19:08.527Z] [INFO   ] [PASSO 308] ═══════════════════════════════════════════════════════════
[2026-02-07T14:19:08.527Z] [INFO   ] [PASSO 309]   Processando Card 60/75...
[2026-02-07T14:19:08.571Z] [DEBUG  ] [PASSO 310]   ✓ Card 60: 4x1 FT (ft41) | (0.00%) | SG:0 | G1:0 | G2:0
[2026-02-07T14:19:08.572Z] [INFO   ] [PASSO 311]   ✓ Card 60: 4x1 FT (ft41) | (0.00%) | SG:0 | G1:0 | G2:0
[2026-02-07T14:19:08.572Z] [INFO   ] [PASSO 312] ═══════════════════════════════════════════════════════════
[2026-02-07T14:19:08.573Z] [INFO   ] [PASSO 313]   Processando Card 61/75...
[2026-02-07T14:19:08.614Z] [DEBUG  ] [PASSO 314]   ✓ Card 61: 4x3 FT (ft43) | (0.00%) | SG:0 | G1:0 | G2:0
[2026-02-07T14:19:08.614Z] [INFO   ] [PASSO 315]   ✓ Card 61: 4x3 FT (ft43) | (0.00%) | SG:0 | G1:0 | G2:0
[2026-02-07T14:19:08.615Z] [INFO   ] [PASSO 316] ═══════════════════════════════════════════════════════════
[2026-02-07T14:19:08.615Z] [INFO   ] [PASSO 317]   Processando Card 62/75...
[2026-02-07T14:19:08.655Z] [DEBUG  ] [PASSO 318]   ✓ Card 62: 4x4 FT (ft44) | (0.00%) | SG:0 | G1:0 | G2:0
[2026-02-07T14:19:08.655Z] [INFO   ] [PASSO 319]   ✓ Card 62: 4x4 FT (ft44) | (0.00%) | SG:0 | G1:0 | G2:0
[2026-02-07T14:19:08.656Z] [INFO   ] [PASSO 320] ═══════════════════════════════════════════════════════════
[2026-02-07T14:19:08.656Z] [INFO   ] [PASSO 321]   Processando Card 63/75...
[2026-02-07T14:19:08.708Z] [DEBUG  ] [PASSO 322]   ✓ Card 63: 0x4 FT (ft04) | (0.00%) | SG:0 | G1:0 | G2:0
[2026-02-07T14:19:08.709Z] [INFO   ] [PASSO 323]   ✓ Card 63: 0x4 FT (ft04) | (0.00%) | SG:0 | G1:0 | G2:0
[2026-02-07T14:19:08.710Z] [INFO   ] [PASSO 324] ═══════════════════════════════════════════════════════════
[2026-02-07T14:19:08.710Z] [INFO   ] [PASSO 325]   Processando Card 64/75...
[2026-02-07T14:19:08.755Z] [DEBUG  ] [PASSO 326]   ✓ Card 64: 1x4 FT (ft14) | (0.00%) | SG:0 | G1:0 | G2:0
[2026-02-07T14:19:08.756Z] [INFO   ] [PASSO 327]   ✓ Card 64: 1x4 FT (ft14) | (0.00%) | SG:0 | G1:0 | G2:0
[2026-02-07T14:19:08.756Z] [INFO   ] [PASSO 328] ═══════════════════════════════════════════════════════════
[2026-02-07T14:19:08.757Z] [INFO   ] [PASSO 329]   Processando Card 65/75...
[2026-02-07T14:19:08.799Z] [DEBUG  ] [PASSO 330]   ✓ Card 65: 2x4 FT (ft24) | (0.00%) | SG:0 | G1:0 | G2:0
[2026-02-07T14:19:08.800Z] [INFO   ] [PASSO 331]   ✓ Card 65: 2x4 FT (ft24) | (0.00%) | SG:0 | G1:0 | G2:0
[2026-02-07T14:19:08.801Z] [INFO   ] [PASSO 332] ═══════════════════════════════════════════════════════════
[2026-02-07T14:19:08.801Z] [INFO   ] [PASSO 333]   Processando Card 66/75...
[2026-02-07T14:19:08.838Z] [DEBUG  ] [PASSO 334]   ✓ Card 66: 3x4 FT (ft34) | (0.00%) | SG:0 | G1:0 | G2:0
[2026-02-07T14:19:08.839Z] [INFO   ] [PASSO 335]   ✓ Card 66: 3x4 FT (ft34) | (0.00%) | SG:0 | G1:0 | G2:0
[2026-02-07T14:19:08.839Z] [INFO   ] [PASSO 336] ═══════════════════════════════════════════════════════════
[2026-02-07T14:19:08.839Z] [INFO   ] [PASSO 337]   Processando Card 67/75...
[2026-02-07T14:19:08.875Z] [DEBUG  ] [PASSO 338]   ✓ Card 67: 5+ Visitante (ft50_f) | (0.00%) | SG:0 | G1:0 | G2:0
[2026-02-07T14:19:08.876Z] [INFO   ] [PASSO 339]   ✓ Card 67: 5+ Visitante (ft50_f) | (0.00%) | SG:0 | G1:0 | G2:0
[2026-02-07T14:19:08.876Z] [INFO   ] [PASSO 340] ═══════════════════════════════════════════════════════════
[2026-02-07T14:19:08.877Z] [INFO   ] [PASSO 341]   Processando Card 68/75...
[2026-02-07T14:19:08.912Z] [DEBUG  ] [PASSO 342]   ✓ Card 68: Handicap Casa (hac) | (0.00%) | SG:0 | G1:0 | G2:0
[2026-02-07T14:19:08.913Z] [INFO   ] [PASSO 343]   ✓ Card 68: Handicap Casa (hac) | (0.00%) | SG:0 | G1:0 | G2:0
[2026-02-07T14:19:08.914Z] [INFO   ] [PASSO 344] ═══════════════════════════════════════════════════════════
[2026-02-07T14:19:08.914Z] [INFO   ] [PASSO 345]   Processando Card 69/75...
[2026-02-07T14:19:08.951Z] [DEBUG  ] [PASSO 346]   ✓ Card 69: Handicap Visitante (hav) | (0.00%) | SG:0 | G1:0 | G2:0
[2026-02-07T14:19:08.952Z] [INFO   ] [PASSO 347]   ✓ Card 69: Handicap Visitante (hav) | (0.00%) | SG:0 | G1:0 | G2:0
[2026-02-07T14:19:08.952Z] [INFO   ] [PASSO 348] ═══════════════════════════════════════════════════════════
[2026-02-07T14:19:08.952Z] [INFO   ] [PASSO 349]   Processando Card 70/75...
[2026-02-07T14:19:08.988Z] [DEBUG  ] [PASSO 350]   ✓ Card 70: Over 0.5 (o05) | (100.00%) | SG:0 | G1:0 | G2:0
[2026-02-07T14:19:08.989Z] [INFO   ] [PASSO 351]   ✓ Card 70: Over 0.5 (o05) | (100.00%) | SG:0 | G1:0 | G2:0
[2026-02-07T14:19:08.990Z] [INFO   ] [PASSO 352] ═══════════════════════════════════════════════════════════
[2026-02-07T14:19:08.990Z] [INFO   ] [PASSO 353]   Processando Card 71/75...
[2026-02-07T14:19:09.028Z] [DEBUG  ] [PASSO 354]   ✓ Card 71: Over 1.5 (o15) | (100.00%) | SG:0 | G1:0 | G2:0
[2026-02-07T14:19:09.028Z] [INFO   ] [PASSO 355]   ✓ Card 71: Over 1.5 (o15) | (100.00%) | SG:0 | G1:0 | G2:0
[2026-02-07T14:19:09.029Z] [INFO   ] [PASSO 356] ═══════════════════════════════════════════════════════════
[2026-02-07T14:19:09.029Z] [INFO   ] [PASSO 357]   Processando Card 72/75...
[2026-02-07T14:19:09.066Z] [DEBUG  ] [PASSO 358]   ✓ Card 72: Under 3.5 (u35) | (95.45%) | SG:0 | G1:0 | G2:0
[2026-02-07T14:19:09.067Z] [INFO   ] [PASSO 359]   ✓ Card 72: Under 3.5 (u35) | (95.45%) | SG:0 | G1:0 | G2:0
[2026-02-07T14:19:09.067Z] [INFO   ] [PASSO 360] ═══════════════════════════════════════════════════════════
[2026-02-07T14:19:09.068Z] [INFO   ] [PASSO 361]   Processando Card 73/75...
[2026-02-07T14:19:09.113Z] [DEBUG  ] [PASSO 362]   ✓ Card 73: Under 2.5 (u25) | (90.91%) | SG:0 | G1:0 | G2:0
[2026-02-07T14:19:09.114Z] [INFO   ] [PASSO 363]   ✓ Card 73: Under 2.5 (u25) | (90.91%) | SG:0 | G1:0 | G2:0
[2026-02-07T14:19:09.115Z] [INFO   ] [PASSO 364] ═══════════════════════════════════════════════════════════
[2026-02-07T14:19:09.115Z] [INFO   ] [PASSO 365]   Processando Card 74/75...
[2026-02-07T14:19:09.158Z] [DEBUG  ] [PASSO 366]   ✓ Card 74: Under 1.5 (u15) | (72.73%) | SG:0 | G1:0 | G2:0
[2026-02-07T14:19:09.158Z] [INFO   ] [PASSO 367]   ✓ Card 74: Under 1.5 (u15) | (72.73%) | SG:0 | G1:0 | G2:0
[2026-02-07T14:19:09.159Z] [INFO   ] [PASSO 368] ═══════════════════════════════════════════════════════════
[2026-02-07T14:19:09.159Z] [INFO   ] [PASSO 369]   Processando Card 75/75...
[2026-02-07T14:19:09.199Z] [DEBUG  ] [PASSO 370]   ✓ Card 75: Under 0.5 (u05) | (31.82%) | SG:0 | G1:0 | G2:0
[2026-02-07T14:19:09.200Z] [INFO   ] [PASSO 371]   ✓ Card 75: Under 0.5 (u05) | (31.82%) | SG:0 | G1:0 | G2:0
[2026-02-07T14:19:09.200Z] [INFO   ] [PASSO 372] ═══════════════════════════════════════════════════════════
[2026-02-07T14:19:09.201Z] [INFO   ] [PASSO 373]   RESUMO DA EXTRAÇÃO:
[2026-02-07T14:19:09.201Z] [INFO   ] [PASSO 374]   Total de cards extraídos: 75
[2026-02-07T14:19:09.202Z] [INFO   ] [PASSO 375]   Timestamp: 2026-02-07T14:19:05.619Z
[2026-02-07T14:19:09.202Z] [INFO   ] [PASSO 376] ═══════════════════════════════════════════════════════════
[2026-02-07T14:19:09.203Z] [INFO   ] [PASSO 377] ═══════════════════════════════════════════════════════════
[2026-02-07T14:19:09.203Z] [INFO   ] [PASSO 378] SALVANDO CARDS NO BANCO DE DADOS...
[2026-02-07T14:19:09.203Z] [INFO   ] [PASSO 379]   Total de cards para inserir: 75
[2026-02-07T14:19:09.204Z] [INFO   ] [PASSO 380]   ═══════════════════════════════════════════════════════════════════
[2026-02-07T14:19:09.205Z] [INFO   ] [PASSO 381]   SALVANDO CARDS NO BANCO (DEBUG COMPLETO)
[2026-02-07T14:19:09.205Z] [INFO   ] [PASSO 382]   ═══════════════════════════════════════════════════════════════════
[2026-02-07T14:19:09.206Z] [INFO   ] [PASSO 383]   API URL: http://localhost:5000/api/resultados-cards/inserir-lote
[2026-02-07T14:19:09.206Z] [INFO   ] [PASSO 384]   Test URL: http://localhost:5000/api/resultados-cards/test
[2026-02-07T14:19:09.206Z] [INFO   ] [PASSO 385]   Total cards: 75
[2026-02-07T14:19:09.207Z] [INFO   ] [PASSO 386]   ═══════════════════════════════════════════════════════════════════
[2026-02-07T14:19:09.207Z] [INFO   ] [PASSO 387]   TESTANDO ENDPOINT /test...
[2026-02-07T14:19:09.208Z] [INFO   ] [PASSO 388]   ═══════════════════════════════════════════════════════════════════
[2026-02-07T14:19:09.409Z] [INFO   ] [PASSO 389]   Test Status: 404
[2026-02-07T14:19:09.410Z] [DEBUG  ] [PASSO 390]   Test Body: 
[2026-02-07T14:19:09.411Z] [ERROR  ] [PASSO 391]   ENDPOINT /test FALHOU! A API precisa ser reiniciada.
[2026-02-07T14:19:09.411Z] [ERROR  ] [PASSO 392] Erro ao salvar cards: Endpoint de teste falhou
[2026-02-07T14:19:09.412Z] [INFO   ] [PASSO 393] ═══════════════════════════════════════════════════════════
[2026-02-07T14:19:09.412Z] [INFO   ] [PASSO 394] RESUMO DA EXTRAÇÃO:
[2026-02-07T14:19:09.413Z] [INFO   ] [PASSO 395]   Total de cards processados: 75
[2026-02-07T14:19:09.413Z] [INFO   ] [PASSO 396]   Cards inseridos no banco: 0
[2026-02-07T14:19:09.414Z] [INFO   ] [PASSO 397]   Timestamp: 2026-02-07T14:19:05.619Z
[2026-02-07T14:19:09.415Z] [SUCCESS] [PASSO 398] Extraídos 75 cards com sucesso
[2026-02-07T14:19:09.415Z] [INFO   ] [PASSO 399] Card 1: Ambas Marcam Sim (ambs) | Percentual: (100.00%) | SG: 0 | G1: 0 | G2: 0
[2026-02-07T14:19:09.416Z] [INFO   ] [PASSO 400] Card 2: Casa Marca Sim (cms) | Percentual: (100.00%) | SG: 0 | G1: 0 | G2: 0
[2026-02-07T14:19:09.416Z] [INFO   ] [PASSO 401] Card 3: Visitante Marca Sim (vms) | Percentual: (100.00%) | SG: 0 | G1: 0 | G2: 0
[2026-02-07T14:19:09.417Z] [INFO   ] [PASSO 402] Card 4: Ambas Não Marcam (ambn) | Percentual: (90.91%) | SG: 0 | G1: 0 | G2: 0
[2026-02-07T14:19:09.417Z] [INFO   ] [PASSO 403] Card 5: Over 2.5 (o25) | Percentual: (86.36%) | SG: 0 | G1: 0 | G2: 0
[2026-02-07T14:19:09.418Z] [INFO   ] [PASSO 404] Card 6: Casa (pmc) | Percentual: (86.36%) | SG: 0 | G1: 0 | G2: 0
[2026-02-07T14:19:09.419Z] [INFO   ] [PASSO 405] Card 7: Visitante Não Marca (vmn) | Percentual: (81.82%) | SG: 0 | G1: 0 | G2: 0
[2026-02-07T14:19:09.419Z] [INFO   ] [PASSO 406] Card 8: Casa (umc) | Percentual: (81.82%) | SG: 0 | G1: 0 | G2: 0
[2026-02-07T14:19:09.420Z] [INFO   ] [PASSO 407] Card 9: [HT] Empate (hte) | Percentual: (77.27%) | SG: 0 | G1: 0 | G2: 0
[2026-02-07T14:19:09.420Z] [INFO   ] [PASSO 408] Card 10: Vencedor Casa (ftc) | Percentual: (72.73%) | SG: 0 | G1: 0 | G2: 0
[2026-02-07T14:19:09.421Z] [INFO   ] [PASSO 409] Card 11: Empate (fte) | Percentual: (72.73%) | SG: 0 | G1: 0 | G2: 0
[2026-02-07T14:19:09.421Z] [INFO   ] [PASSO 410] Card 12: [HT] Vencedor Casa (htc) | Percentual: (72.73%) | SG: 0 | G1: 0 | G2: 0
[2026-02-07T14:19:09.422Z] [INFO   ] [PASSO 411] Card 13: Visitante (pmv) | Percentual: (68.18%) | SG: 0 | G1: 0 | G2: 0
[2026-02-07T14:19:09.422Z] [INFO   ] [PASSO 412] Card 14: Visitante (umv) | Percentual: (68.18%) | SG: 0 | G1: 0 | G2: 0
[2026-02-07T14:19:09.423Z] [INFO   ] [PASSO 413] Card 15: 0x0 HT (ht00) | Percentual: (63.64%) | SG: 0 | G1: 0 | G2: 0
[2026-02-07T14:19:09.423Z] [INFO   ] [PASSO 414] Card 16: 2 Gols (ge2) | Percentual: (59.09%) | SG: 0 | G1: 0 | G2: 0
[2026-02-07T14:19:09.424Z] [INFO   ] [PASSO 415] Card 17: 1x0 HT (ht10) | Percentual: (59.09%) | SG: 0 | G1: 0 | G2: 0
[2026-02-07T14:19:09.425Z] [INFO   ] [PASSO 416] Card 18: Resultado Empate / Ambas Sim (reas) | Percentual: (59.09%) | SG: 0 | G1: 0 | G2: 0
[2026-02-07T14:19:09.425Z] [INFO   ] [PASSO 417] Card 19: Over 3.5 (o35) | Percentual: (54.55%) | SG: 0 | G1: 0 | G2: 0
[2026-02-07T14:19:09.425Z] [INFO   ] [PASSO 418] Card 20: 3 Gols (ge3) | Percentual: (54.55%) | SG: 0 | G1: 0 | G2: 0
[2026-02-07T14:19:09.426Z] [INFO   ] [PASSO 419] Card 21: Resultado Casa / Ambas Não (rcan) | Percentual: (54.55%) | SG: 0 | G1: 0 | G2: 0
[2026-02-07T14:19:09.426Z] [INFO   ] [PASSO 420] Card 22: [HT] Vencedor Visitante (htv) | Percentual: (50.00%) | SG: 0 | G1: 0 | G2: 0
[2026-02-07T14:19:09.427Z] [INFO   ] [PASSO 421] Card 23: Resultado Casa / Ambas Sim (rcas) | Percentual: (50.00%) | SG: 0 | G1: 0 | G2: 0
[2026-02-07T14:19:09.428Z] [INFO   ] [PASSO 422] Card 24: Casa Não Marca (cmn) | Percentual: (45.45%) | SG: 0 | G1: 0 | G2: 0
[2026-02-07T14:19:09.428Z] [INFO   ] [PASSO 423] Card 25: Vencedor Visitante (ftv) | Percentual: (45.45%) | SG: 0 | G1: 0 | G2: 0
[2026-02-07T14:19:09.429Z] [INFO   ] [PASSO 424] Card 26: 1 Gols (ge1) | Percentual: (45.45%) | SG: 0 | G1: 0 | G2: 0
[2026-02-07T14:19:09.429Z] [INFO   ] [PASSO 425] Card 27: 4 Gols (ge4) | Percentual: (45.45%) | SG: 0 | G1: 0 | G2: 0
[2026-02-07T14:19:09.430Z] [INFO   ] [PASSO 426] Card 28: 1x1 FT (ft11) | Percentual: (36.36%) | SG: 0 | G1: 0 | G2: 0
[2026-02-07T14:19:09.430Z] [INFO   ] [PASSO 427] Card 29: 1x1 HT (ht11) | Percentual: (36.36%) | SG: 0 | G1: 0 | G2: 0
[2026-02-07T14:19:09.431Z] [INFO   ] [PASSO 428] Card 30: 0x1 HT (ht01) | Percentual: (36.36%) | SG: 0 | G1: 0 | G2: 0
[2026-02-07T14:19:09.431Z] [INFO   ] [PASSO 429] Card 31: 0 Gols (ge0) | Percentual: (31.82%) | SG: 0 | G1: 0 | G2: 0
[2026-02-07T14:19:09.432Z] [INFO   ] [PASSO 430] Card 32: 1x0 FT (ft10) | Percentual: (31.82%) | SG: 0 | G1: 0 | G2: 0
[2026-02-07T14:19:09.432Z] [INFO   ] [PASSO 431] Card 33: 0x0 FT (ft00) | Percentual: (31.82%) | SG: 0 | G1: 0 | G2: 0
[2026-02-07T14:19:09.432Z] [INFO   ] [PASSO 432] Card 34: 2x0 HT (ht20) | Percentual: (31.82%) | SG: 0 | G1: 0 | G2: 0
[2026-02-07T14:19:09.433Z] [INFO   ] [PASSO 433] Card 35: Resultado Visitante / Ambas Sim (rvas) | Percentual: (31.82%) | SG: 0 | G1: 0 | G2: 0
[2026-02-07T14:19:09.433Z] [INFO   ] [PASSO 434] Card 36: Resultado Empate / Ambas Não (rean) | Percentual: (31.82%) | SG: 0 | G1: 0 | G2: 0
[2026-02-07T14:19:09.434Z] [INFO   ] [PASSO 435] Card 37: 2x1 FT (ft21) | Percentual: (27.27%) | SG: 0 | G1: 0 | G2: 0
[2026-02-07T14:19:09.434Z] [INFO   ] [PASSO 436] Card 38: Resultado Visitante / Ambas Não (rvan) | Percentual: (27.27%) | SG: 0 | G1: 0 | G2: 0
[2026-02-07T14:19:09.435Z] [INFO   ] [PASSO 437] Card 39: Over 5+ (o50) | Percentual: (22.73%) | SG: 0 | G1: 0 | G2: 0
[2026-02-07T14:19:09.435Z] [INFO   ] [PASSO 438] Card 40: 2x0 FT (ft20) | Percentual: (22.73%) | SG: 0 | G1: 0 | G2: 0
[2026-02-07T14:19:09.436Z] [INFO   ] [PASSO 439] Card 41: 3x1 FT (ft31) | Percentual: (18.18%) | SG: 0 | G1: 0 | G2: 0
[2026-02-07T14:19:09.437Z] [INFO   ] [PASSO 440] Card 42: 2x2 FT (ft22) | Percentual: (18.18%) | SG: 0 | G1: 0 | G2: 0
[2026-02-07T14:19:09.437Z] [INFO   ] [PASSO 441] Card 43: 1x2 FT (ft12) | Percentual: (18.18%) | SG: 0 | G1: 0 | G2: 0
[2026-02-07T14:19:09.438Z] [INFO   ] [PASSO 442] Card 44: Outros HT (out) | Percentual: (18.18%) | SG: 0 | G1: 0 | G2: 0
[2026-02-07T14:19:09.438Z] [INFO   ] [PASSO 443] Card 45: 5+ Gols (ge5) | Percentual: (13.64%) | SG: 0 | G1: 0 | G2: 0
[2026-02-07T14:19:09.439Z] [INFO   ] [PASSO 444] Card 46: 0x1 FT (ft01) | Percentual: (13.64%) | SG: 0 | G1: 0 | G2: 0
[2026-02-07T14:19:09.439Z] [INFO   ] [PASSO 445] Card 47: 0x2 HT (ht02) | Percentual: (13.64%) | SG: 0 | G1: 0 | G2: 0
[2026-02-07T14:19:09.440Z] [INFO   ] [PASSO 446] Card 48: 4x0 FT (ft40) | Percentual: (9.09%) | SG: 0 | G1: 0 | G2: 0
[2026-02-07T14:19:09.440Z] [INFO   ] [PASSO 447] Card 49: 0x3 FT (ft03) | Percentual: (9.09%) | SG: 0 | G1: 0 | G2: 0
[2026-02-07T14:19:09.441Z] [INFO   ] [PASSO 448] Card 50: 1x3 FT (ft13) | Percentual: (9.09%) | SG: 0 | G1: 0 | G2: 0
[2026-02-07T14:19:09.441Z] [INFO   ] [PASSO 449] Card 51: 2x3 FT (ft23) | Percentual: (9.09%) | SG: 0 | G1: 0 | G2: 0
[2026-02-07T14:19:09.442Z] [INFO   ] [PASSO 450] Card 52: Viradinha (vira) | Percentual: (9.09%) | SG: 0 | G1: 0 | G2: 0
[2026-02-07T14:19:09.442Z] [INFO   ] [PASSO 451] Card 53: 4x2 FT (ft42) | Percentual: (4.55%) | SG: 0 | G1: 0 | G2: 0
[2026-02-07T14:19:09.443Z] [INFO   ] [PASSO 452] Card 54: 5+ Casa (ft50_c) | Percentual: (4.55%) | SG: 0 | G1: 0 | G2: 0
[2026-02-07T14:19:09.443Z] [INFO   ] [PASSO 453] Card 55: 3x3 FT (ft33) | Percentual: (4.55%) | SG: 0 | G1: 0 | G2: 0
[2026-02-07T14:19:09.444Z] [INFO   ] [PASSO 454] Card 56: 5+ Empate (ft50_e) | Percentual: (4.55%) | SG: 0 | G1: 0 | G2: 0
[2026-02-07T14:19:09.444Z] [INFO   ] [PASSO 455] Card 57: 0x2 FT (ft02) | Percentual: (4.55%) | SG: 0 | G1: 0 | G2: 0
[2026-02-07T14:19:09.445Z] [INFO   ] [PASSO 456] Card 58: 3x0 FT (ft30) | Percentual: (0.00%) | SG: 0 | G1: 0 | G2: 0
[2026-02-07T14:19:09.445Z] [INFO   ] [PASSO 457] Card 59: 3x2 FT (ft32) | Percentual: (0.00%) | SG: 0 | G1: 0 | G2: 0
[2026-02-07T14:19:09.446Z] [INFO   ] [PASSO 458] Card 60: 4x1 FT (ft41) | Percentual: (0.00%) | SG: 0 | G1: 0 | G2: 0
[2026-02-07T14:19:09.446Z] [INFO   ] [PASSO 459] Card 61: 4x3 FT (ft43) | Percentual: (0.00%) | SG: 0 | G1: 0 | G2: 0
[2026-02-07T14:19:09.447Z] [INFO   ] [PASSO 460] Card 62: 4x4 FT (ft44) | Percentual: (0.00%) | SG: 0 | G1: 0 | G2: 0
[2026-02-07T14:19:09.447Z] [INFO   ] [PASSO 461] Card 63: 0x4 FT (ft04) | Percentual: (0.00%) | SG: 0 | G1: 0 | G2: 0
[2026-02-07T14:19:09.448Z] [INFO   ] [PASSO 462] Card 64: 1x4 FT (ft14) | Percentual: (0.00%) | SG: 0 | G1: 0 | G2: 0
[2026-02-07T14:19:09.448Z] [INFO   ] [PASSO 463] Card 65: 2x4 FT (ft24) | Percentual: (0.00%) | SG: 0 | G1: 0 | G2: 0
[2026-02-07T14:19:09.448Z] [INFO   ] [PASSO 464] Card 66: 3x4 FT (ft34) | Percentual: (0.00%) | SG: 0 | G1: 0 | G2: 0
[2026-02-07T14:19:09.449Z] [INFO   ] [PASSO 465] Card 67: 5+ Visitante (ft50_f) | Percentual: (0.00%) | SG: 0 | G1: 0 | G2: 0
[2026-02-07T14:19:09.449Z] [INFO   ] [PASSO 466] Card 68: Handicap Casa (hac) | Percentual: (0.00%) | SG: 0 | G1: 0 | G2: 0
[2026-02-07T14:19:09.450Z] [INFO   ] [PASSO 467] Card 69: Handicap Visitante (hav) | Percentual: (0.00%) | SG: 0 | G1: 0 | G2: 0
[2026-02-07T14:19:09.450Z] [INFO   ] [PASSO 468] Card 70: Over 0.5 (o05) | Percentual: (100.00%) | SG: 0 | G1: 0 | G2: 0
[2026-02-07T14:19:09.451Z] [INFO   ] [PASSO 469] Card 71: Over 1.5 (o15) | Percentual: (100.00%) | SG: 0 | G1: 0 | G2: 0
[2026-02-07T14:19:09.451Z] [INFO   ] [PASSO 470] Card 72: Under 3.5 (u35) | Percentual: (95.45%) | SG: 0 | G1: 0 | G2: 0
[2026-02-07T14:19:09.452Z] [INFO   ] [PASSO 471] Card 73: Under 2.5 (u25) | Percentual: (90.91%) | SG: 0 | G1: 0 | G2: 0
[2026-02-07T14:19:09.452Z] [INFO   ] [PASSO 472] Card 74: Under 1.5 (u15) | Percentual: (72.73%) | SG: 0 | G1: 0 | G2: 0
[2026-02-07T14:19:09.453Z] [INFO   ] [PASSO 473] Card 75: Under 0.5 (u05) | Percentual: (31.82%) | SG: 0 | G1: 0 | G2: 0
[2026-02-07T14:19:09.453Z] [SUCCESS] [PASSO 474] ========================================
[2026-02-07T14:19:09.454Z] [SUCCESS] [PASSO 475] BUSCADOR DE PADRÕES CONCLUÍDO COM SUCESSO!
[2026-02-07T14:19:09.454Z] [SUCCESS] [PASSO 476] ========================================
[2026-02-07T14:19:09.764Z] [INFO   ] [PASSO 477] Browser fechado
[2026-02-07T14:19:09.765Z] [INFO   ] [PASSO 478] ========================================
[2026-02-07T14:19:09.765Z] [INFO   ] [PASSO 479] ROBÔ FINALIZADO
[2026-02-07T14:19:09.766Z] [INFO   ] [PASSO 480] Total de passos: 479
[2026-02-07T14:19:09.766Z] [INFO   ] [PASSO 481] ========================================
[2026-02-07T14:28:44.096Z] [INFO   ] [PASSO 1] ========================================
[2026-02-07T14:28:44.098Z] [INFO   ] [PASSO 2] INICIANDO BB TIPS ROBOT
[2026-02-07T14:28:44.099Z] [INFO   ] [PASSO 3] ========================================
[2026-02-07T14:28:44.099Z] [INFO   ] [PASSO 4] URL Base (BB Tips): https://app.bbtips.com.br
[2026-02-07T14:28:44.100Z] [INFO   ] [PASSO 5] API URL (Banco): http://localhost:5000
[2026-02-07T14:28:44.100Z] [INFO   ] [PASSO 6] Email: ****@***.***
[2026-02-07T14:28:44.100Z] [INFO   ] [PASSO 7] Inicializando browser...
[2026-02-07T14:28:47.181Z] [SUCCESS] [PASSO 8] Browser iniciado com sucesso
[2026-02-07T14:28:47.183Z] [INFO   ] [PASSO 9] ---------------------------------------
[2026-02-07T14:28:47.183Z] [INFO   ] [PASSO 10] INICIANDO LOGIN
[2026-02-07T14:28:47.184Z] [INFO   ] [PASSO 11] ---------------------------------------
[2026-02-07T14:28:47.185Z] [INFO   ] [PASSO 12] Navegando para: https://app.bbtips.com.br/login
[2026-02-07T14:28:52.130Z] [DEBUG  ] [PASSO 13] Título da página: BB Tips
[2026-02-07T14:28:52.131Z] [INFO   ] [PASSO 14] Procurando campo de email...
[2026-02-07T14:28:52.179Z] [SUCCESS] [PASSO 15] Campo de email encontrado
[2026-02-07T14:28:52.891Z] [INFO   ] [PASSO 16] Email preenchido
[2026-02-07T14:28:52.892Z] [INFO   ] [PASSO 17] Procurando campo de senha...
[2026-02-07T14:28:52.897Z] [SUCCESS] [PASSO 18] Campo de senha encontrado
[2026-02-07T14:28:52.936Z] [INFO   ] [PASSO 19] Senha preenchida
[2026-02-07T14:28:52.936Z] [INFO   ] [PASSO 20] Procurando botão de login...
[2026-02-07T14:28:52.943Z] [SUCCESS] [PASSO 21] Botão de login encontrado: "Entrar"
[2026-02-07T14:28:52.975Z] [INFO   ] [PASSO 22] Clicou no botão de login, aguardando...
[2026-02-07T14:28:57.984Z] [INFO   ] [PASSO 23] URL atual: https://app.bbtips.com.br/inicio
[2026-02-07T14:28:57.984Z] [SUCCESS] [PASSO 24] Login realizado com sucesso!
[2026-02-07T14:28:57.985Z] [INFO   ] [PASSO 25] URL após login: https://app.bbtips.com.br/inicio
[2026-02-07T14:28:57.986Z] [INFO   ] [PASSO 26] ---------------------------------------
[2026-02-07T14:28:57.986Z] [INFO   ] [PASSO 27] EXECUTANDO BUSCADOR DE PADRÕES
[2026-02-07T14:28:57.987Z] [INFO   ] [PASSO 28] ---------------------------------------
[2026-02-07T14:28:57.987Z] [INFO   ] [PASSO 29] URL Base do robô: https://app.bbtips.com.br
[2026-02-07T14:28:57.988Z] [INFO   ] [PASSO 30] Navegando para: https://app.bbtips.com.br/bots/novo
[2026-02-07T14:28:57.988Z] [DEBUG  ] [PASSO 31] URL atual antes de navegar: https://app.bbtips.com.br/inicio
[2026-02-07T14:28:59.706Z] [DEBUG  ] [PASSO 32] URL após navegar: https://app.bbtips.com.br/bots/novo
[2026-02-07T14:29:02.723Z] [DEBUG  ] [PASSO 33] Conteúdo da página: 23/02/2026
 Bet365 
 Betano 
 Kiron
 SportingBet
 Aviator 
 Blaze 
 Roletas
 Luiz Silva 
Criar Novo Robô
Layout Antigo
Público
Selecione a Liga que deseja atuar
TodasCopaEuroSuperPremier
Nome
Chat
×[B...
[2026-02-07T14:29:02.724Z] [INFO   ] [PASSO 34] Procurando botão Buscar Padrões...
[2026-02-07T14:29:02.728Z] [SUCCESS] [PASSO 35] Botão Buscar Padrões encontrado: "Buscador de Padrões 🤖"
[2026-02-07T14:29:04.757Z] [INFO   ] [PASSO 36] Procurando campo Máximo Pulos...
[2026-02-07T14:29:04.760Z] [WARN   ] [PASSO 37] Campo Máximo Pulos não encontrado via ng-select
[2026-02-07T14:29:04.762Z] [WARN   ] [PASSO 38] Campo Máximo Pulos não encontrado
[2026-02-07T14:29:04.763Z] [INFO   ] [PASSO 39] Procurando botão Buscar no modal...
[2026-02-07T14:29:04.767Z] [SUCCESS] [PASSO 40] Botão Buscar encontrado: "Buscar"
[2026-02-07T14:29:04.791Z] [INFO   ] [PASSO 41] Clicou em Buscar, aguardando resultados...
[2026-02-07T14:29:09.803Z] [INFO   ] [PASSO 42] Procurando resultados da busca...
[2026-02-07T14:29:11.808Z] [SUCCESS] [PASSO 43] Quinta tabela encontrada
[2026-02-07T14:29:11.811Z] [INFO   ] [PASSO 44] Clicando na primeira linha da quinta tabela...
[2026-02-07T14:29:12.863Z] [INFO   ] [PASSO 45] Procurando dialog SweetAlert2...
[2026-02-07T14:29:14.382Z] [SUCCESS] [PASSO 46] Modal SweetAlert2 encontrado
[2026-02-07T14:29:14.386Z] [SUCCESS] [PASSO 47] Botão encontrado: "Sim"
[2026-02-07T14:29:14.387Z] [SUCCESS] [PASSO 48] Clicando em "Sim"
[2026-02-07T14:29:14.460Z] [INFO   ] [PASSO 49] Clicou no botão Sim
[2026-02-07T14:29:15.972Z] [INFO   ] [PASSO 50] Procurando elemento para clicar...
[2026-02-07T14:29:16.995Z] [SUCCESS] [PASSO 51] Elemento encontrado
[2026-02-07T14:29:17.018Z] [INFO   ] [PASSO 52] Clicou no elemento div[2]
[2026-02-07T14:29:18.033Z] [INFO   ] [PASSO 53] Procurando span para clicar...
[2026-02-07T14:29:19.056Z] [SUCCESS] [PASSO 54] Span encontrado: "VER MAIS"
[2026-02-07T14:29:19.156Z] [INFO   ] [PASSO 55] Clicou no span
[2026-02-07T14:29:20.156Z] [INFO   ] [PASSO 56] ========================================
[2026-02-07T14:29:20.157Z] [INFO   ] [PASSO 57] EXTRAINDO DADOS DOS CARDS
[2026-02-07T14:29:20.158Z] [INFO   ] [PASSO 58] ========================================
[2026-02-07T14:29:20.159Z] [INFO   ] [PASSO 59] ╔══════════════════════════════════════════════════════════╗
[2026-02-07T14:29:20.159Z] [INFO   ] [PASSO 60] ║          EXTRAÇÃO DE DADOS DOS CARDS (XPath)         ║
[2026-02-07T14:29:20.160Z] [INFO   ] [PASSO 61] ╚══════════════════════════════════════════════════════════╝
[2026-02-07T14:29:20.160Z] [INFO   ] [PASSO 62] Timestamp: 2026-02-07T14:29:20.160Z
[2026-02-07T14:29:22.170Z] [INFO   ] [PASSO 63] ══════════════════════════════════════════════════════════
[2026-02-07T14:29:22.171Z] [INFO   ] [PASSO 64] BUSCA POR CONTAINER DE CARDS:
[2026-02-07T14:29:22.171Z] [INFO   ] [PASSO 65]   XPath Container: /html/body/app-root/div/app-robos-novo/div/div/div[5]/div[1]/div[1]/div[3]/div[3]/div[2]/div[2]/div[1]
[2026-02-07T14:29:22.181Z] [SUCCESS] [PASSO 66] Container encontrado
[2026-02-07T14:29:22.182Z] [INFO   ] [PASSO 67] ══════════════════════════════════════════════════════════
[2026-02-07T14:29:22.183Z] [INFO   ] [PASSO 68] BUSCA POR CARDS DENTRO DO CONTAINER:
[2026-02-07T14:29:22.183Z] [INFO   ] [PASSO 69]   XPath Cards: ./div[not(contains(@class, 'row'))]
[2026-02-07T14:29:22.271Z] [INFO   ] [PASSO 70]   Cards encontrados via XPath: 75
[2026-02-07T14:29:22.272Z] [SUCCESS] [PASSO 71] Total de cards encontrados: 75
[2026-02-07T14:29:22.272Z] [INFO   ] [PASSO 72] ═══════════════════════════════════════════════════════════
[2026-02-07T14:29:22.273Z] [INFO   ] [PASSO 73]   Processando Card 1/75...
[2026-02-07T14:29:22.325Z] [DEBUG  ] [PASSO 74]   ✓ Card 1: Ambas Marcam Sim (ambs) | (100.00%) | SG:0 | G1:0 | G2:0
[2026-02-07T14:29:22.326Z] [INFO   ] [PASSO 75]   ✓ Card 1: Ambas Marcam Sim (ambs) | (100.00%) | SG:0 | G1:0 | G2:0
[2026-02-07T14:29:22.327Z] [INFO   ] [PASSO 76] ═══════════════════════════════════════════════════════════
[2026-02-07T14:29:22.327Z] [INFO   ] [PASSO 77]   Processando Card 2/75...
[2026-02-07T14:29:22.370Z] [DEBUG  ] [PASSO 78]   ✓ Card 2: Casa Marca Sim (cms) | (100.00%) | SG:0 | G1:0 | G2:0
[2026-02-07T14:29:22.370Z] [INFO   ] [PASSO 79]   ✓ Card 2: Casa Marca Sim (cms) | (100.00%) | SG:0 | G1:0 | G2:0
[2026-02-07T14:29:22.371Z] [INFO   ] [PASSO 80] ═══════════════════════════════════════════════════════════
[2026-02-07T14:29:22.372Z] [INFO   ] [PASSO 81]   Processando Card 3/75...
[2026-02-07T14:29:22.415Z] [DEBUG  ] [PASSO 82]   ✓ Card 3: Visitante Marca Sim (vms) | (100.00%) | SG:0 | G1:0 | G2:0
[2026-02-07T14:29:22.416Z] [INFO   ] [PASSO 83]   ✓ Card 3: Visitante Marca Sim (vms) | (100.00%) | SG:0 | G1:0 | G2:0
[2026-02-07T14:29:22.416Z] [INFO   ] [PASSO 84] ═══════════════════════════════════════════════════════════
[2026-02-07T14:29:22.417Z] [INFO   ] [PASSO 85]   Processando Card 4/75...
[2026-02-07T14:29:22.459Z] [DEBUG  ] [PASSO 86]   ✓ Card 4: Ambas Não Marcam (ambn) | (90.91%) | SG:0 | G1:0 | G2:0
[2026-02-07T14:29:22.460Z] [INFO   ] [PASSO 87]   ✓ Card 4: Ambas Não Marcam (ambn) | (90.91%) | SG:0 | G1:0 | G2:0
[2026-02-07T14:29:22.460Z] [INFO   ] [PASSO 88] ═══════════════════════════════════════════════════════════
[2026-02-07T14:29:22.461Z] [INFO   ] [PASSO 89]   Processando Card 5/75...
[2026-02-07T14:29:22.502Z] [DEBUG  ] [PASSO 90]   ✓ Card 5: Over 2.5 (o25) | (86.36%) | SG:0 | G1:0 | G2:0
[2026-02-07T14:29:22.503Z] [INFO   ] [PASSO 91]   ✓ Card 5: Over 2.5 (o25) | (86.36%) | SG:0 | G1:0 | G2:0
[2026-02-07T14:29:22.504Z] [INFO   ] [PASSO 92] ═══════════════════════════════════════════════════════════
[2026-02-07T14:29:22.504Z] [INFO   ] [PASSO 93]   Processando Card 6/75...
[2026-02-07T14:29:22.546Z] [DEBUG  ] [PASSO 94]   ✓ Card 6: Casa (pmc) | (86.36%) | SG:0 | G1:0 | G2:0
[2026-02-07T14:29:22.547Z] [INFO   ] [PASSO 95]   ✓ Card 6: Casa (pmc) | (86.36%) | SG:0 | G1:0 | G2:0
[2026-02-07T14:29:22.547Z] [INFO   ] [PASSO 96] ═══════════════════════════════════════════════════════════
[2026-02-07T14:29:22.548Z] [INFO   ] [PASSO 97]   Processando Card 7/75...
[2026-02-07T14:29:22.588Z] [DEBUG  ] [PASSO 98]   ✓ Card 7: Visitante Não Marca (vmn) | (81.82%) | SG:0 | G1:0 | G2:0
[2026-02-07T14:29:22.589Z] [INFO   ] [PASSO 99]   ✓ Card 7: Visitante Não Marca (vmn) | (81.82%) | SG:0 | G1:0 | G2:0
[2026-02-07T14:29:22.589Z] [INFO   ] [PASSO 100] ═══════════════════════════════════════════════════════════
[2026-02-07T14:29:22.590Z] [INFO   ] [PASSO 101]   Processando Card 8/75...
[2026-02-07T14:29:22.630Z] [DEBUG  ] [PASSO 102]   ✓ Card 8: Casa (umc) | (81.82%) | SG:0 | G1:0 | G2:0
[2026-02-07T14:29:22.631Z] [INFO   ] [PASSO 103]   ✓ Card 8: Casa (umc) | (81.82%) | SG:0 | G1:0 | G2:0
[2026-02-07T14:29:22.631Z] [INFO   ] [PASSO 104] ═══════════════════════════════════════════════════════════
[2026-02-07T14:29:22.632Z] [INFO   ] [PASSO 105]   Processando Card 9/75...
[2026-02-07T14:29:22.673Z] [DEBUG  ] [PASSO 106]   ✓ Card 9: [HT] Empate (hte) | (77.27%) | SG:0 | G1:0 | G2:0
[2026-02-07T14:29:22.674Z] [INFO   ] [PASSO 107]   ✓ Card 9: [HT] Empate (hte) | (77.27%) | SG:0 | G1:0 | G2:0
[2026-02-07T14:29:22.675Z] [INFO   ] [PASSO 108] ═══════════════════════════════════════════════════════════
[2026-02-07T14:29:22.675Z] [INFO   ] [PASSO 109]   Processando Card 10/75...
[2026-02-07T14:29:22.716Z] [DEBUG  ] [PASSO 110]   ✓ Card 10: Vencedor Casa (ftc) | (72.73%) | SG:0 | G1:0 | G2:0
[2026-02-07T14:29:22.717Z] [INFO   ] [PASSO 111]   ✓ Card 10: Vencedor Casa (ftc) | (72.73%) | SG:0 | G1:0 | G2:0
[2026-02-07T14:29:22.717Z] [INFO   ] [PASSO 112] ═══════════════════════════════════════════════════════════
[2026-02-07T14:29:22.718Z] [INFO   ] [PASSO 113]   Processando Card 11/75...
[2026-02-07T14:29:22.762Z] [DEBUG  ] [PASSO 114]   ✓ Card 11: Empate (fte) | (72.73%) | SG:0 | G1:0 | G2:0
[2026-02-07T14:29:22.763Z] [INFO   ] [PASSO 115]   ✓ Card 11: Empate (fte) | (72.73%) | SG:0 | G1:0 | G2:0
[2026-02-07T14:29:22.763Z] [INFO   ] [PASSO 116] ═══════════════════════════════════════════════════════════
[2026-02-07T14:29:22.764Z] [INFO   ] [PASSO 117]   Processando Card 12/75...
[2026-02-07T14:29:22.805Z] [DEBUG  ] [PASSO 118]   ✓ Card 12: [HT] Vencedor Casa (htc) | (72.73%) | SG:0 | G1:0 | G2:0
[2026-02-07T14:29:22.806Z] [INFO   ] [PASSO 119]   ✓ Card 12: [HT] Vencedor Casa (htc) | (72.73%) | SG:0 | G1:0 | G2:0
[2026-02-07T14:29:22.806Z] [INFO   ] [PASSO 120] ═══════════════════════════════════════════════════════════
[2026-02-07T14:29:22.807Z] [INFO   ] [PASSO 121]   Processando Card 13/75...
[2026-02-07T14:29:22.845Z] [DEBUG  ] [PASSO 122]   ✓ Card 13: Visitante (pmv) | (68.18%) | SG:0 | G1:0 | G2:0
[2026-02-07T14:29:22.846Z] [INFO   ] [PASSO 123]   ✓ Card 13: Visitante (pmv) | (68.18%) | SG:0 | G1:0 | G2:0
[2026-02-07T14:29:22.846Z] [INFO   ] [PASSO 124] ═══════════════════════════════════════════════════════════
[2026-02-07T14:29:22.847Z] [INFO   ] [PASSO 125]   Processando Card 14/75...
[2026-02-07T14:29:22.889Z] [DEBUG  ] [PASSO 126]   ✓ Card 14: Visitante (umv) | (68.18%) | SG:0 | G1:0 | G2:0
[2026-02-07T14:29:22.890Z] [INFO   ] [PASSO 127]   ✓ Card 14: Visitante (umv) | (68.18%) | SG:0 | G1:0 | G2:0
[2026-02-07T14:29:22.891Z] [INFO   ] [PASSO 128] ═══════════════════════════════════════════════════════════
[2026-02-07T14:29:22.891Z] [INFO   ] [PASSO 129]   Processando Card 15/75...
[2026-02-07T14:29:22.932Z] [DEBUG  ] [PASSO 130]   ✓ Card 15: 0x0 HT (ht00) | (63.64%) | SG:0 | G1:0 | G2:0
[2026-02-07T14:29:22.933Z] [INFO   ] [PASSO 131]   ✓ Card 15: 0x0 HT (ht00) | (63.64%) | SG:0 | G1:0 | G2:0
[2026-02-07T14:29:22.933Z] [INFO   ] [PASSO 132] ═══════════════════════════════════════════════════════════
[2026-02-07T14:29:22.934Z] [INFO   ] [PASSO 133]   Processando Card 16/75...
[2026-02-07T14:29:22.974Z] [DEBUG  ] [PASSO 134]   ✓ Card 16: 2 Gols (ge2) | (59.09%) | SG:0 | G1:0 | G2:0
[2026-02-07T14:29:22.975Z] [INFO   ] [PASSO 135]   ✓ Card 16: 2 Gols (ge2) | (59.09%) | SG:0 | G1:0 | G2:0
[2026-02-07T14:29:22.975Z] [INFO   ] [PASSO 136] ═══════════════════════════════════════════════════════════
[2026-02-07T14:29:22.976Z] [INFO   ] [PASSO 137]   Processando Card 17/75...
[2026-02-07T14:29:23.020Z] [DEBUG  ] [PASSO 138]   ✓ Card 17: 1x0 HT (ht10) | (59.09%) | SG:0 | G1:0 | G2:0
[2026-02-07T14:29:23.020Z] [INFO   ] [PASSO 139]   ✓ Card 17: 1x0 HT (ht10) | (59.09%) | SG:0 | G1:0 | G2:0
[2026-02-07T14:29:23.021Z] [INFO   ] [PASSO 140] ═══════════════════════════════════════════════════════════
[2026-02-07T14:29:23.021Z] [INFO   ] [PASSO 141]   Processando Card 18/75...
[2026-02-07T14:29:23.062Z] [DEBUG  ] [PASSO 142]   ✓ Card 18: Resultado Empate / Ambas Sim (reas) | (59.09%) | SG:0 | G1:0 | G2:0
[2026-02-07T14:29:23.063Z] [INFO   ] [PASSO 143]   ✓ Card 18: Resultado Empate / Ambas Sim (reas) | (59.09%) | SG:0 | G1:0 | G2:0
[2026-02-07T14:29:23.064Z] [INFO   ] [PASSO 144] ═══════════════════════════════════════════════════════════
[2026-02-07T14:29:23.064Z] [INFO   ] [PASSO 145]   Processando Card 19/75...
[2026-02-07T14:29:23.104Z] [DEBUG  ] [PASSO 146]   ✓ Card 19: Over 3.5 (o35) | (54.55%) | SG:0 | G1:0 | G2:0
[2026-02-07T14:29:23.105Z] [INFO   ] [PASSO 147]   ✓ Card 19: Over 3.5 (o35) | (54.55%) | SG:0 | G1:0 | G2:0
[2026-02-07T14:29:23.106Z] [INFO   ] [PASSO 148] ═══════════════════════════════════════════════════════════
[2026-02-07T14:29:23.106Z] [INFO   ] [PASSO 149]   Processando Card 20/75...
[2026-02-07T14:29:23.147Z] [DEBUG  ] [PASSO 150]   ✓ Card 20: 3 Gols (ge3) | (54.55%) | SG:0 | G1:0 | G2:0
[2026-02-07T14:29:23.148Z] [INFO   ] [PASSO 151]   ✓ Card 20: 3 Gols (ge3) | (54.55%) | SG:0 | G1:0 | G2:0
[2026-02-07T14:29:23.149Z] [INFO   ] [PASSO 152] ═══════════════════════════════════════════════════════════
[2026-02-07T14:29:23.149Z] [INFO   ] [PASSO 153]   Processando Card 21/75...
[2026-02-07T14:29:23.192Z] [DEBUG  ] [PASSO 154]   ✓ Card 21: Resultado Casa / Ambas Não (rcan) | (54.55%) | SG:0 | G1:0 | G2:0
[2026-02-07T14:29:23.193Z] [INFO   ] [PASSO 155]   ✓ Card 21: Resultado Casa / Ambas Não (rcan) | (54.55%) | SG:0 | G1:0 | G2:0
[2026-02-07T14:29:23.193Z] [INFO   ] [PASSO 156] ═══════════════════════════════════════════════════════════
[2026-02-07T14:29:23.194Z] [INFO   ] [PASSO 157]   Processando Card 22/75...
[2026-02-07T14:29:23.233Z] [DEBUG  ] [PASSO 158]   ✓ Card 22: [HT] Vencedor Visitante (htv) | (50.00%) | SG:0 | G1:0 | G2:0
[2026-02-07T14:29:23.234Z] [INFO   ] [PASSO 159]   ✓ Card 22: [HT] Vencedor Visitante (htv) | (50.00%) | SG:0 | G1:0 | G2:0
[2026-02-07T14:29:23.234Z] [INFO   ] [PASSO 160] ═══════════════════════════════════════════════════════════
[2026-02-07T14:29:23.235Z] [INFO   ] [PASSO 161]   Processando Card 23/75...
[2026-02-07T14:29:23.275Z] [DEBUG  ] [PASSO 162]   ✓ Card 23: Resultado Casa / Ambas Sim (rcas) | (50.00%) | SG:0 | G1:0 | G2:0
[2026-02-07T14:29:23.276Z] [INFO   ] [PASSO 163]   ✓ Card 23: Resultado Casa / Ambas Sim (rcas) | (50.00%) | SG:0 | G1:0 | G2:0
[2026-02-07T14:29:23.276Z] [INFO   ] [PASSO 164] ═══════════════════════════════════════════════════════════
[2026-02-07T14:29:23.277Z] [INFO   ] [PASSO 165]   Processando Card 24/75...
[2026-02-07T14:29:23.320Z] [DEBUG  ] [PASSO 166]   ✓ Card 24: Casa Não Marca (cmn) | (45.45%) | SG:0 | G1:0 | G2:0
[2026-02-07T14:29:23.321Z] [INFO   ] [PASSO 167]   ✓ Card 24: Casa Não Marca (cmn) | (45.45%) | SG:0 | G1:0 | G2:0
[2026-02-07T14:29:23.322Z] [INFO   ] [PASSO 168] ═══════════════════════════════════════════════════════════
[2026-02-07T14:29:23.323Z] [INFO   ] [PASSO 169]   Processando Card 25/75...
[2026-02-07T14:29:23.361Z] [DEBUG  ] [PASSO 170]   ✓ Card 25: Vencedor Visitante (ftv) | (45.45%) | SG:0 | G1:0 | G2:0
[2026-02-07T14:29:23.361Z] [INFO   ] [PASSO 171]   ✓ Card 25: Vencedor Visitante (ftv) | (45.45%) | SG:0 | G1:0 | G2:0
[2026-02-07T14:29:23.362Z] [INFO   ] [PASSO 172] ═══════════════════════════════════════════════════════════
[2026-02-07T14:29:23.362Z] [INFO   ] [PASSO 173]   Processando Card 26/75...
[2026-02-07T14:29:23.404Z] [DEBUG  ] [PASSO 174]   ✓ Card 26: 1 Gols (ge1) | (45.45%) | SG:0 | G1:0 | G2:0
[2026-02-07T14:29:23.405Z] [INFO   ] [PASSO 175]   ✓ Card 26: 1 Gols (ge1) | (45.45%) | SG:0 | G1:0 | G2:0
[2026-02-07T14:29:23.406Z] [INFO   ] [PASSO 176] ═══════════════════════════════════════════════════════════
[2026-02-07T14:29:23.406Z] [INFO   ] [PASSO 177]   Processando Card 27/75...
[2026-02-07T14:29:23.447Z] [DEBUG  ] [PASSO 178]   ✓ Card 27: 4 Gols (ge4) | (45.45%) | SG:0 | G1:0 | G2:0
[2026-02-07T14:29:23.448Z] [INFO   ] [PASSO 179]   ✓ Card 27: 4 Gols (ge4) | (45.45%) | SG:0 | G1:0 | G2:0
[2026-02-07T14:29:23.448Z] [INFO   ] [PASSO 180] ═══════════════════════════════════════════════════════════
[2026-02-07T14:29:23.449Z] [INFO   ] [PASSO 181]   Processando Card 28/75...
[2026-02-07T14:29:23.490Z] [DEBUG  ] [PASSO 182]   ✓ Card 28: 1x1 FT (ft11) | (36.36%) | SG:0 | G1:0 | G2:0
[2026-02-07T14:29:23.491Z] [INFO   ] [PASSO 183]   ✓ Card 28: 1x1 FT (ft11) | (36.36%) | SG:0 | G1:0 | G2:0
[2026-02-07T14:29:23.491Z] [INFO   ] [PASSO 184] ═══════════════════════════════════════════════════════════
[2026-02-07T14:29:23.492Z] [INFO   ] [PASSO 185]   Processando Card 29/75...
[2026-02-07T14:29:23.532Z] [DEBUG  ] [PASSO 186]   ✓ Card 29: 1x1 HT (ht11) | (36.36%) | SG:0 | G1:0 | G2:0
[2026-02-07T14:29:23.533Z] [INFO   ] [PASSO 187]   ✓ Card 29: 1x1 HT (ht11) | (36.36%) | SG:0 | G1:0 | G2:0
[2026-02-07T14:29:23.533Z] [INFO   ] [PASSO 188] ═══════════════════════════════════════════════════════════
[2026-02-07T14:29:23.533Z] [INFO   ] [PASSO 189]   Processando Card 30/75...
[2026-02-07T14:29:23.574Z] [DEBUG  ] [PASSO 190]   ✓ Card 30: 0x1 HT (ht01) | (36.36%) | SG:0 | G1:0 | G2:0
[2026-02-07T14:29:23.575Z] [INFO   ] [PASSO 191]   ✓ Card 30: 0x1 HT (ht01) | (36.36%) | SG:0 | G1:0 | G2:0
[2026-02-07T14:29:23.576Z] [INFO   ] [PASSO 192] ═══════════════════════════════════════════════════════════
[2026-02-07T14:29:23.576Z] [INFO   ] [PASSO 193]   Processando Card 31/75...
[2026-02-07T14:29:23.621Z] [DEBUG  ] [PASSO 194]   ✓ Card 31: 0 Gols (ge0) | (31.82%) | SG:0 | G1:0 | G2:0
[2026-02-07T14:29:23.622Z] [INFO   ] [PASSO 195]   ✓ Card 31: 0 Gols (ge0) | (31.82%) | SG:0 | G1:0 | G2:0
[2026-02-07T14:29:23.623Z] [INFO   ] [PASSO 196] ═══════════════════════════════════════════════════════════
[2026-02-07T14:29:23.624Z] [INFO   ] [PASSO 197]   Processando Card 32/75...
[2026-02-07T14:29:23.664Z] [DEBUG  ] [PASSO 198]   ✓ Card 32: 1x0 FT (ft10) | (31.82%) | SG:0 | G1:0 | G2:0
[2026-02-07T14:29:23.665Z] [INFO   ] [PASSO 199]   ✓ Card 32: 1x0 FT (ft10) | (31.82%) | SG:0 | G1:0 | G2:0
[2026-02-07T14:29:23.666Z] [INFO   ] [PASSO 200] ═══════════════════════════════════════════════════════════
[2026-02-07T14:29:23.666Z] [INFO   ] [PASSO 201]   Processando Card 33/75...
[2026-02-07T14:29:23.706Z] [DEBUG  ] [PASSO 202]   ✓ Card 33: 0x0 FT (ft00) | (31.82%) | SG:0 | G1:0 | G2:0
[2026-02-07T14:29:23.706Z] [INFO   ] [PASSO 203]   ✓ Card 33: 0x0 FT (ft00) | (31.82%) | SG:0 | G1:0 | G2:0
[2026-02-07T14:29:23.707Z] [INFO   ] [PASSO 204] ═══════════════════════════════════════════════════════════
[2026-02-07T14:29:23.708Z] [INFO   ] [PASSO 205]   Processando Card 34/75...
[2026-02-07T14:29:23.748Z] [DEBUG  ] [PASSO 206]   ✓ Card 34: 2x0 HT (ht20) | (31.82%) | SG:0 | G1:0 | G2:0
[2026-02-07T14:29:23.749Z] [INFO   ] [PASSO 207]   ✓ Card 34: 2x0 HT (ht20) | (31.82%) | SG:0 | G1:0 | G2:0
[2026-02-07T14:29:23.749Z] [INFO   ] [PASSO 208] ═══════════════════════════════════════════════════════════
[2026-02-07T14:29:23.750Z] [INFO   ] [PASSO 209]   Processando Card 35/75...
[2026-02-07T14:29:23.791Z] [DEBUG  ] [PASSO 210]   ✓ Card 35: Resultado Visitante / Ambas Sim (rvas) | (31.82%) | SG:0 | G1:0 | G2:0
[2026-02-07T14:29:23.792Z] [INFO   ] [PASSO 211]   ✓ Card 35: Resultado Visitante / Ambas Sim (rvas) | (31.82%) | SG:0 | G1:0 | G2:0
[2026-02-07T14:29:23.792Z] [INFO   ] [PASSO 212] ═══════════════════════════════════════════════════════════
[2026-02-07T14:29:23.793Z] [INFO   ] [PASSO 213]   Processando Card 36/75...
[2026-02-07T14:29:23.833Z] [DEBUG  ] [PASSO 214]   ✓ Card 36: Resultado Empate / Ambas Não (rean) | (31.82%) | SG:0 | G1:0 | G2:0
[2026-02-07T14:29:23.834Z] [INFO   ] [PASSO 215]   ✓ Card 36: Resultado Empate / Ambas Não (rean) | (31.82%) | SG:0 | G1:0 | G2:0
[2026-02-07T14:29:23.834Z] [INFO   ] [PASSO 216] ═══════════════════════════════════════════════════════════
[2026-02-07T14:29:23.835Z] [INFO   ] [PASSO 217]   Processando Card 37/75...
[2026-02-07T14:29:23.876Z] [DEBUG  ] [PASSO 218]   ✓ Card 37: 2x1 FT (ft21) | (27.27%) | SG:0 | G1:0 | G2:0
[2026-02-07T14:29:23.877Z] [INFO   ] [PASSO 219]   ✓ Card 37: 2x1 FT (ft21) | (27.27%) | SG:0 | G1:0 | G2:0
[2026-02-07T14:29:23.877Z] [INFO   ] [PASSO 220] ═══════════════════════════════════════════════════════════
[2026-02-07T14:29:23.878Z] [INFO   ] [PASSO 221]   Processando Card 38/75...
[2026-02-07T14:29:23.920Z] [DEBUG  ] [PASSO 222]   ✓ Card 38: Resultado Visitante / Ambas Não (rvan) | (27.27%) | SG:0 | G1:0 | G2:0
[2026-02-07T14:29:23.921Z] [INFO   ] [PASSO 223]   ✓ Card 38: Resultado Visitante / Ambas Não (rvan) | (27.27%) | SG:0 | G1:0 | G2:0
[2026-02-07T14:29:23.921Z] [INFO   ] [PASSO 224] ═══════════════════════════════════════════════════════════
[2026-02-07T14:29:23.922Z] [INFO   ] [PASSO 225]   Processando Card 39/75...
[2026-02-07T14:29:23.965Z] [DEBUG  ] [PASSO 226]   ✓ Card 39: Over 5+ (o50) | (22.73%) | SG:0 | G1:0 | G2:0
[2026-02-07T14:29:23.966Z] [INFO   ] [PASSO 227]   ✓ Card 39: Over 5+ (o50) | (22.73%) | SG:0 | G1:0 | G2:0
[2026-02-07T14:29:23.966Z] [INFO   ] [PASSO 228] ═══════════════════════════════════════════════════════════
[2026-02-07T14:29:23.967Z] [INFO   ] [PASSO 229]   Processando Card 40/75...
[2026-02-07T14:29:24.007Z] [DEBUG  ] [PASSO 230]   ✓ Card 40: 2x0 FT (ft20) | (22.73%) | SG:0 | G1:0 | G2:0
[2026-02-07T14:29:24.008Z] [INFO   ] [PASSO 231]   ✓ Card 40: 2x0 FT (ft20) | (22.73%) | SG:0 | G1:0 | G2:0
[2026-02-07T14:29:24.008Z] [INFO   ] [PASSO 232] ═══════════════════════════════════════════════════════════
[2026-02-07T14:29:24.009Z] [INFO   ] [PASSO 233]   Processando Card 41/75...
[2026-02-07T14:29:24.049Z] [DEBUG  ] [PASSO 234]   ✓ Card 41: 3x1 FT (ft31) | (18.18%) | SG:0 | G1:0 | G2:0
[2026-02-07T14:29:24.050Z] [INFO   ] [PASSO 235]   ✓ Card 41: 3x1 FT (ft31) | (18.18%) | SG:0 | G1:0 | G2:0
[2026-02-07T14:29:24.051Z] [INFO   ] [PASSO 236] ═══════════════════════════════════════════════════════════
[2026-02-07T14:29:24.051Z] [INFO   ] [PASSO 237]   Processando Card 42/75...
[2026-02-07T14:29:24.094Z] [DEBUG  ] [PASSO 238]   ✓ Card 42: 2x2 FT (ft22) | (18.18%) | SG:0 | G1:0 | G2:0
[2026-02-07T14:29:24.095Z] [INFO   ] [PASSO 239]   ✓ Card 42: 2x2 FT (ft22) | (18.18%) | SG:0 | G1:0 | G2:0
[2026-02-07T14:29:24.096Z] [INFO   ] [PASSO 240] ═══════════════════════════════════════════════════════════
[2026-02-07T14:29:24.096Z] [INFO   ] [PASSO 241]   Processando Card 43/75...
[2026-02-07T14:29:24.145Z] [DEBUG  ] [PASSO 242]   ✓ Card 43: 1x2 FT (ft12) | (18.18%) | SG:0 | G1:0 | G2:0
[2026-02-07T14:29:24.146Z] [INFO   ] [PASSO 243]   ✓ Card 43: 1x2 FT (ft12) | (18.18%) | SG:0 | G1:0 | G2:0
[2026-02-07T14:29:24.147Z] [INFO   ] [PASSO 244] ═══════════════════════════════════════════════════════════
[2026-02-07T14:29:24.147Z] [INFO   ] [PASSO 245]   Processando Card 44/75...
[2026-02-07T14:29:24.193Z] [DEBUG  ] [PASSO 246]   ✓ Card 44: Outros HT (out) | (18.18%) | SG:0 | G1:0 | G2:0
[2026-02-07T14:29:24.194Z] [INFO   ] [PASSO 247]   ✓ Card 44: Outros HT (out) | (18.18%) | SG:0 | G1:0 | G2:0
[2026-02-07T14:29:24.194Z] [INFO   ] [PASSO 248] ═══════════════════════════════════════════════════════════
[2026-02-07T14:29:24.194Z] [INFO   ] [PASSO 249]   Processando Card 45/75...
[2026-02-07T14:29:24.237Z] [DEBUG  ] [PASSO 250]   ✓ Card 45: 5+ Gols (ge5) | (13.64%) | SG:0 | G1:0 | G2:0
[2026-02-07T14:29:24.237Z] [INFO   ] [PASSO 251]   ✓ Card 45: 5+ Gols (ge5) | (13.64%) | SG:0 | G1:0 | G2:0
[2026-02-07T14:29:24.238Z] [INFO   ] [PASSO 252] ═══════════════════════════════════════════════════════════
[2026-02-07T14:29:24.238Z] [INFO   ] [PASSO 253]   Processando Card 46/75...
[2026-02-07T14:29:24.279Z] [DEBUG  ] [PASSO 254]   ✓ Card 46: 0x1 FT (ft01) | (13.64%) | SG:0 | G1:0 | G2:0
[2026-02-07T14:29:24.280Z] [INFO   ] [PASSO 255]   ✓ Card 46: 0x1 FT (ft01) | (13.64%) | SG:0 | G1:0 | G2:0
[2026-02-07T14:29:24.280Z] [INFO   ] [PASSO 256] ═══════════════════════════════════════════════════════════
[2026-02-07T14:29:24.281Z] [INFO   ] [PASSO 257]   Processando Card 47/75...
[2026-02-07T14:29:24.324Z] [DEBUG  ] [PASSO 258]   ✓ Card 47: 0x2 HT (ht02) | (13.64%) | SG:0 | G1:0 | G2:0
[2026-02-07T14:29:24.325Z] [INFO   ] [PASSO 259]   ✓ Card 47: 0x2 HT (ht02) | (13.64%) | SG:0 | G1:0 | G2:0
[2026-02-07T14:29:24.325Z] [INFO   ] [PASSO 260] ═══════════════════════════════════════════════════════════
[2026-02-07T14:29:24.326Z] [INFO   ] [PASSO 261]   Processando Card 48/75...
[2026-02-07T14:29:24.366Z] [DEBUG  ] [PASSO 262]   ✓ Card 48: 4x0 FT (ft40) | (9.09%) | SG:0 | G1:0 | G2:0
[2026-02-07T14:29:24.367Z] [INFO   ] [PASSO 263]   ✓ Card 48: 4x0 FT (ft40) | (9.09%) | SG:0 | G1:0 | G2:0
[2026-02-07T14:29:24.368Z] [INFO   ] [PASSO 264] ═══════════════════════════════════════════════════════════
[2026-02-07T14:29:24.368Z] [INFO   ] [PASSO 265]   Processando Card 49/75...
[2026-02-07T14:29:24.408Z] [DEBUG  ] [PASSO 266]   ✓ Card 49: 0x3 FT (ft03) | (9.09%) | SG:0 | G1:0 | G2:0
[2026-02-07T14:29:24.409Z] [INFO   ] [PASSO 267]   ✓ Card 49: 0x3 FT (ft03) | (9.09%) | SG:0 | G1:0 | G2:0
[2026-02-07T14:29:24.409Z] [INFO   ] [PASSO 268] ═══════════════════════════════════════════════════════════
[2026-02-07T14:29:24.410Z] [INFO   ] [PASSO 269]   Processando Card 50/75...
[2026-02-07T14:29:24.449Z] [DEBUG  ] [PASSO 270]   ✓ Card 50: 1x3 FT (ft13) | (9.09%) | SG:0 | G1:0 | G2:0
[2026-02-07T14:29:24.450Z] [INFO   ] [PASSO 271]   ✓ Card 50: 1x3 FT (ft13) | (9.09%) | SG:0 | G1:0 | G2:0
[2026-02-07T14:29:24.450Z] [INFO   ] [PASSO 272] ═══════════════════════════════════════════════════════════
[2026-02-07T14:29:24.451Z] [INFO   ] [PASSO 273]   Processando Card 51/75...
[2026-02-07T14:29:24.490Z] [DEBUG  ] [PASSO 274]   ✓ Card 51: 2x3 FT (ft23) | (9.09%) | SG:0 | G1:0 | G2:0
[2026-02-07T14:29:24.491Z] [INFO   ] [PASSO 275]   ✓ Card 51: 2x3 FT (ft23) | (9.09%) | SG:0 | G1:0 | G2:0
[2026-02-07T14:29:24.492Z] [INFO   ] [PASSO 276] ═══════════════════════════════════════════════════════════
[2026-02-07T14:29:24.493Z] [INFO   ] [PASSO 277]   Processando Card 52/75...
[2026-02-07T14:29:24.534Z] [DEBUG  ] [PASSO 278]   ✓ Card 52: Viradinha (vira) | (9.09%) | SG:0 | G1:0 | G2:0
[2026-02-07T14:29:24.535Z] [INFO   ] [PASSO 279]   ✓ Card 52: Viradinha (vira) | (9.09%) | SG:0 | G1:0 | G2:0
[2026-02-07T14:29:24.536Z] [INFO   ] [PASSO 280] ═══════════════════════════════════════════════════════════
[2026-02-07T14:29:24.536Z] [INFO   ] [PASSO 281]   Processando Card 53/75...
[2026-02-07T14:29:24.576Z] [DEBUG  ] [PASSO 282]   ✓ Card 53: 4x2 FT (ft42) | (4.55%) | SG:0 | G1:0 | G2:0
[2026-02-07T14:29:24.577Z] [INFO   ] [PASSO 283]   ✓ Card 53: 4x2 FT (ft42) | (4.55%) | SG:0 | G1:0 | G2:0
[2026-02-07T14:29:24.578Z] [INFO   ] [PASSO 284] ═══════════════════════════════════════════════════════════
[2026-02-07T14:29:24.578Z] [INFO   ] [PASSO 285]   Processando Card 54/75...
[2026-02-07T14:29:24.618Z] [DEBUG  ] [PASSO 286]   ✓ Card 54: 5+ Casa (ft50_c) | (4.55%) | SG:0 | G1:0 | G2:0
[2026-02-07T14:29:24.619Z] [INFO   ] [PASSO 287]   ✓ Card 54: 5+ Casa (ft50_c) | (4.55%) | SG:0 | G1:0 | G2:0
[2026-02-07T14:29:24.620Z] [INFO   ] [PASSO 288] ═══════════════════════════════════════════════════════════
[2026-02-07T14:29:24.620Z] [INFO   ] [PASSO 289]   Processando Card 55/75...
[2026-02-07T14:29:24.660Z] [DEBUG  ] [PASSO 290]   ✓ Card 55: 3x3 FT (ft33) | (4.55%) | SG:0 | G1:0 | G2:0
[2026-02-07T14:29:24.661Z] [INFO   ] [PASSO 291]   ✓ Card 55: 3x3 FT (ft33) | (4.55%) | SG:0 | G1:0 | G2:0
[2026-02-07T14:29:24.661Z] [INFO   ] [PASSO 292] ═══════════════════════════════════════════════════════════
[2026-02-07T14:29:24.662Z] [INFO   ] [PASSO 293]   Processando Card 56/75...
[2026-02-07T14:29:24.702Z] [DEBUG  ] [PASSO 294]   ✓ Card 56: 5+ Empate (ft50_e) | (4.55%) | SG:0 | G1:0 | G2:0
[2026-02-07T14:29:24.703Z] [INFO   ] [PASSO 295]   ✓ Card 56: 5+ Empate (ft50_e) | (4.55%) | SG:0 | G1:0 | G2:0
[2026-02-07T14:29:24.703Z] [INFO   ] [PASSO 296] ═══════════════════════════════════════════════════════════
[2026-02-07T14:29:24.703Z] [INFO   ] [PASSO 297]   Processando Card 57/75...
[2026-02-07T14:29:24.740Z] [DEBUG  ] [PASSO 298]   ✓ Card 57: 0x2 FT (ft02) | (4.55%) | SG:0 | G1:0 | G2:0
[2026-02-07T14:29:24.741Z] [INFO   ] [PASSO 299]   ✓ Card 57: 0x2 FT (ft02) | (4.55%) | SG:0 | G1:0 | G2:0
[2026-02-07T14:29:24.742Z] [INFO   ] [PASSO 300] ═══════════════════════════════════════════════════════════
[2026-02-07T14:29:24.742Z] [INFO   ] [PASSO 301]   Processando Card 58/75...
[2026-02-07T14:29:24.785Z] [DEBUG  ] [PASSO 302]   ✓ Card 58: 3x0 FT (ft30) | (0.00%) | SG:0 | G1:0 | G2:0
[2026-02-07T14:29:24.786Z] [INFO   ] [PASSO 303]   ✓ Card 58: 3x0 FT (ft30) | (0.00%) | SG:0 | G1:0 | G2:0
[2026-02-07T14:29:24.786Z] [INFO   ] [PASSO 304] ═══════════════════════════════════════════════════════════
[2026-02-07T14:29:24.787Z] [INFO   ] [PASSO 305]   Processando Card 59/75...
[2026-02-07T14:29:24.830Z] [DEBUG  ] [PASSO 306]   ✓ Card 59: 3x2 FT (ft32) | (0.00%) | SG:0 | G1:0 | G2:0
[2026-02-07T14:29:24.831Z] [INFO   ] [PASSO 307]   ✓ Card 59: 3x2 FT (ft32) | (0.00%) | SG:0 | G1:0 | G2:0
[2026-02-07T14:29:24.831Z] [INFO   ] [PASSO 308] ═══════════════════════════════════════════════════════════
[2026-02-07T14:29:24.832Z] [INFO   ] [PASSO 309]   Processando Card 60/75...
[2026-02-07T14:29:24.873Z] [DEBUG  ] [PASSO 310]   ✓ Card 60: 4x1 FT (ft41) | (0.00%) | SG:0 | G1:0 | G2:0
[2026-02-07T14:29:24.874Z] [INFO   ] [PASSO 311]   ✓ Card 60: 4x1 FT (ft41) | (0.00%) | SG:0 | G1:0 | G2:0
[2026-02-07T14:29:24.875Z] [INFO   ] [PASSO 312] ═══════════════════════════════════════════════════════════
[2026-02-07T14:29:24.875Z] [INFO   ] [PASSO 313]   Processando Card 61/75...
[2026-02-07T14:29:24.915Z] [DEBUG  ] [PASSO 314]   ✓ Card 61: 4x3 FT (ft43) | (0.00%) | SG:0 | G1:0 | G2:0
[2026-02-07T14:29:24.916Z] [INFO   ] [PASSO 315]   ✓ Card 61: 4x3 FT (ft43) | (0.00%) | SG:0 | G1:0 | G2:0
[2026-02-07T14:29:24.917Z] [INFO   ] [PASSO 316] ═══════════════════════════════════════════════════════════
[2026-02-07T14:29:24.917Z] [INFO   ] [PASSO 317]   Processando Card 62/75...
[2026-02-07T14:29:24.958Z] [DEBUG  ] [PASSO 318]   ✓ Card 62: 4x4 FT (ft44) | (0.00%) | SG:0 | G1:0 | G2:0
[2026-02-07T14:29:24.959Z] [INFO   ] [PASSO 319]   ✓ Card 62: 4x4 FT (ft44) | (0.00%) | SG:0 | G1:0 | G2:0
[2026-02-07T14:29:24.959Z] [INFO   ] [PASSO 320] ═══════════════════════════════════════════════════════════
[2026-02-07T14:29:24.960Z] [INFO   ] [PASSO 321]   Processando Card 63/75...
[2026-02-07T14:29:24.997Z] [DEBUG  ] [PASSO 322]   ✓ Card 63: 0x4 FT (ft04) | (0.00%) | SG:0 | G1:0 | G2:0
[2026-02-07T14:29:24.997Z] [INFO   ] [PASSO 323]   ✓ Card 63: 0x4 FT (ft04) | (0.00%) | SG:0 | G1:0 | G2:0
[2026-02-07T14:29:24.998Z] [INFO   ] [PASSO 324] ═══════════════════════════════════════════════════════════
[2026-02-07T14:29:24.998Z] [INFO   ] [PASSO 325]   Processando Card 64/75...
[2026-02-07T14:29:25.035Z] [DEBUG  ] [PASSO 326]   ✓ Card 64: 1x4 FT (ft14) | (0.00%) | SG:0 | G1:0 | G2:0
[2026-02-07T14:29:25.036Z] [INFO   ] [PASSO 327]   ✓ Card 64: 1x4 FT (ft14) | (0.00%) | SG:0 | G1:0 | G2:0
[2026-02-07T14:29:25.037Z] [INFO   ] [PASSO 328] ═══════════════════════════════════════════════════════════
[2026-02-07T14:29:25.037Z] [INFO   ] [PASSO 329]   Processando Card 65/75...
[2026-02-07T14:29:25.083Z] [DEBUG  ] [PASSO 330]   ✓ Card 65: 2x4 FT (ft24) | (0.00%) | SG:0 | G1:0 | G2:0
[2026-02-07T14:29:25.084Z] [INFO   ] [PASSO 331]   ✓ Card 65: 2x4 FT (ft24) | (0.00%) | SG:0 | G1:0 | G2:0
[2026-02-07T14:29:25.085Z] [INFO   ] [PASSO 332] ═══════════════════════════════════════════════════════════
[2026-02-07T14:29:25.085Z] [INFO   ] [PASSO 333]   Processando Card 66/75...
[2026-02-07T14:29:25.128Z] [DEBUG  ] [PASSO 334]   ✓ Card 66: 3x4 FT (ft34) | (0.00%) | SG:0 | G1:0 | G2:0
[2026-02-07T14:29:25.129Z] [INFO   ] [PASSO 335]   ✓ Card 66: 3x4 FT (ft34) | (0.00%) | SG:0 | G1:0 | G2:0
[2026-02-07T14:29:25.129Z] [INFO   ] [PASSO 336] ═══════════════════════════════════════════════════════════
[2026-02-07T14:29:25.130Z] [INFO   ] [PASSO 337]   Processando Card 67/75...
[2026-02-07T14:29:25.169Z] [DEBUG  ] [PASSO 338]   ✓ Card 67: 5+ Visitante (ft50_f) | (0.00%) | SG:0 | G1:0 | G2:0
[2026-02-07T14:29:25.170Z] [INFO   ] [PASSO 339]   ✓ Card 67: 5+ Visitante (ft50_f) | (0.00%) | SG:0 | G1:0 | G2:0
[2026-02-07T14:29:25.171Z] [INFO   ] [PASSO 340] ═══════════════════════════════════════════════════════════
[2026-02-07T14:29:25.171Z] [INFO   ] [PASSO 341]   Processando Card 68/75...
[2026-02-07T14:29:25.212Z] [DEBUG  ] [PASSO 342]   ✓ Card 68: Handicap Casa (hac) | (0.00%) | SG:0 | G1:0 | G2:0
[2026-02-07T14:29:25.213Z] [INFO   ] [PASSO 343]   ✓ Card 68: Handicap Casa (hac) | (0.00%) | SG:0 | G1:0 | G2:0
[2026-02-07T14:29:25.213Z] [INFO   ] [PASSO 344] ═══════════════════════════════════════════════════════════
[2026-02-07T14:29:25.214Z] [INFO   ] [PASSO 345]   Processando Card 69/75...
[2026-02-07T14:29:25.255Z] [DEBUG  ] [PASSO 346]   ✓ Card 69: Handicap Visitante (hav) | (0.00%) | SG:0 | G1:0 | G2:0
[2026-02-07T14:29:25.255Z] [INFO   ] [PASSO 347]   ✓ Card 69: Handicap Visitante (hav) | (0.00%) | SG:0 | G1:0 | G2:0
[2026-02-07T14:29:25.256Z] [INFO   ] [PASSO 348] ═══════════════════════════════════════════════════════════
[2026-02-07T14:29:25.256Z] [INFO   ] [PASSO 349]   Processando Card 70/75...
[2026-02-07T14:29:25.297Z] [DEBUG  ] [PASSO 350]   ✓ Card 70: Over 0.5 (o05) | (100.00%) | SG:0 | G1:0 | G2:0
[2026-02-07T14:29:25.298Z] [INFO   ] [PASSO 351]   ✓ Card 70: Over 0.5 (o05) | (100.00%) | SG:0 | G1:0 | G2:0
[2026-02-07T14:29:25.298Z] [INFO   ] [PASSO 352] ═══════════════════════════════════════════════════════════
[2026-02-07T14:29:25.299Z] [INFO   ] [PASSO 353]   Processando Card 71/75...
[2026-02-07T14:29:25.339Z] [DEBUG  ] [PASSO 354]   ✓ Card 71: Over 1.5 (o15) | (100.00%) | SG:0 | G1:0 | G2:0
[2026-02-07T14:29:25.340Z] [INFO   ] [PASSO 355]   ✓ Card 71: Over 1.5 (o15) | (100.00%) | SG:0 | G1:0 | G2:0
[2026-02-07T14:29:25.341Z] [INFO   ] [PASSO 356] ═══════════════════════════════════════════════════════════
[2026-02-07T14:29:25.341Z] [INFO   ] [PASSO 357]   Processando Card 72/75...
[2026-02-07T14:29:25.383Z] [DEBUG  ] [PASSO 358]   ✓ Card 72: Under 3.5 (u35) | (95.45%) | SG:0 | G1:0 | G2:0
[2026-02-07T14:29:25.384Z] [INFO   ] [PASSO 359]   ✓ Card 72: Under 3.5 (u35) | (95.45%) | SG:0 | G1:0 | G2:0
[2026-02-07T14:29:25.384Z] [INFO   ] [PASSO 360] ═══════════════════════════════════════════════════════════
[2026-02-07T14:29:25.385Z] [INFO   ] [PASSO 361]   Processando Card 73/75...
[2026-02-07T14:29:25.425Z] [DEBUG  ] [PASSO 362]   ✓ Card 73: Under 2.5 (u25) | (90.91%) | SG:0 | G1:0 | G2:0
[2026-02-07T14:29:25.426Z] [INFO   ] [PASSO 363]   ✓ Card 73: Under 2.5 (u25) | (90.91%) | SG:0 | G1:0 | G2:0
[2026-02-07T14:29:25.426Z] [INFO   ] [PASSO 364] ═══════════════════════════════════════════════════════════
[2026-02-07T14:29:25.427Z] [INFO   ] [PASSO 365]   Processando Card 74/75...
[2026-02-07T14:29:25.468Z] [DEBUG  ] [PASSO 366]   ✓ Card 74: Under 1.5 (u15) | (72.73%) | SG:0 | G1:0 | G2:0
[2026-02-07T14:29:25.468Z] [INFO   ] [PASSO 367]   ✓ Card 74: Under 1.5 (u15) | (72.73%) | SG:0 | G1:0 | G2:0
[2026-02-07T14:29:25.469Z] [INFO   ] [PASSO 368] ═══════════════════════════════════════════════════════════
[2026-02-07T14:29:25.469Z] [INFO   ] [PASSO 369]   Processando Card 75/75...
[2026-02-07T14:29:25.510Z] [DEBUG  ] [PASSO 370]   ✓ Card 75: Under 0.5 (u05) | (31.82%) | SG:0 | G1:0 | G2:0
[2026-02-07T14:29:25.511Z] [INFO   ] [PASSO 371]   ✓ Card 75: Under 0.5 (u05) | (31.82%) | SG:0 | G1:0 | G2:0
[2026-02-07T14:29:25.512Z] [INFO   ] [PASSO 372] ═══════════════════════════════════════════════════════════
[2026-02-07T14:29:25.512Z] [INFO   ] [PASSO 373]   RESUMO DA EXTRAÇÃO:
[2026-02-07T14:29:25.513Z] [INFO   ] [PASSO 374]   Total de cards extraídos: 75
[2026-02-07T14:29:25.513Z] [INFO   ] [PASSO 375]   Timestamp: 2026-02-07T14:29:22.272Z
[2026-02-07T14:29:25.513Z] [INFO   ] [PASSO 376] ═══════════════════════════════════════════════════════════
[2026-02-07T14:29:25.514Z] [INFO   ] [PASSO 377] ═══════════════════════════════════════════════════════════
[2026-02-07T14:29:25.514Z] [INFO   ] [PASSO 378] SALVANDO CARDS NO BANCO DE DADOS...
[2026-02-07T14:29:25.515Z] [INFO   ] [PASSO 379]   Total de cards para inserir: 75
[2026-02-07T14:29:25.516Z] [INFO   ] [PASSO 380]   ═══════════════════════════════════════════════════════════════════
[2026-02-07T14:29:25.517Z] [INFO   ] [PASSO 381]   SALVANDO CARDS - NETWORK DO BROWSER
[2026-02-07T14:29:25.517Z] [INFO   ] [PASSO 382]   ═══════════════════════════════════════════════════════════════════
[2026-02-07T14:29:25.518Z] [INFO   ] [PASSO 383]   API URL: http://localhost:5000/api/resultados-cards/inserir-lote
[2026-02-07T14:29:25.518Z] [INFO   ] [PASSO 384]   Total cards: 75
[2026-02-07T14:29:25.520Z] [DEBUG  ] [PASSO 385]   Body Size: 13955 bytes
[2026-02-07T14:29:25.520Z] [DEBUG  ] [PASSO 386]   Body: [
  {
    "titulo": "Ambas Marcam Sim (ambs)",
    "padroes": "22/22",
    "percentual": "(100.00%)",
    "sg": 0,
    "g1": 0,
    "g2": 0,
    "data_hora_busca": "2026-02-07T14:29:22.272Z"
  },
  {
    "titulo": "Casa Marca Sim (cms)",
    "padroes": "22/22",
    "percentual": "(100.00%)",
    "sg": 0,
    "g1": 0,
    "g2": 0,
    "data_hora_busca": "2026-02-07T14:29:22.272Z"
  },
  {
    "titulo": "Visitante Marca Sim (vms)",
    "padroes": "22/22",
    "percentual": "(100.00%)",
    "sg": 0...
[2026-02-07T14:29:25.521Z] [INFO   ] [PASSO 387]   [NETWORK] Listeners registrados
[2026-02-07T14:29:25.521Z] [INFO   ] [PASSO 388]   ═══════════════════════════════════════════════════════════════════
[2026-02-07T14:29:25.522Z] [INFO   ] [PASSO 389]   ENVIANDO POST VIA BROWSER FETCH...
[2026-02-07T14:29:25.522Z] [INFO   ] [PASSO 390]   ═══════════════════════════════════════════════════════════════════
[2026-02-07T14:29:25.527Z] [DEBUG  ] [PASSO 391]   [NETWORK] Request: POST http://localhost:5000/api/resultados-cards/inserir-lote
[2026-02-07T14:29:25.596Z] [BROWSER-ERROR] [PASSO 392] Console Error: Failed to load resource: the server responded with a status of 404 (Not Found)
[2026-02-07T14:31:26.339Z] [INFO   ] [PASSO 1] ========================================
[2026-02-07T14:31:26.340Z] [INFO   ] [PASSO 2] INICIANDO BB TIPS ROBOT
[2026-02-07T14:31:26.340Z] [INFO   ] [PASSO 3] ========================================
[2026-02-07T14:31:26.341Z] [INFO   ] [PASSO 4] URL Base (BB Tips): https://app.bbtips.com.br
[2026-02-07T14:31:26.341Z] [INFO   ] [PASSO 5] API URL (Banco): http://localhost:5000
[2026-02-07T14:31:26.341Z] [INFO   ] [PASSO 6] Email: ****@***.***
[2026-02-07T14:31:26.342Z] [INFO   ] [PASSO 7] Inicializando browser...
[2026-02-07T14:31:27.157Z] [SUCCESS] [PASSO 8] Browser iniciado com sucesso
[2026-02-07T14:31:27.158Z] [INFO   ] [PASSO 9] ---------------------------------------
[2026-02-07T14:31:27.159Z] [INFO   ] [PASSO 10] INICIANDO LOGIN
[2026-02-07T14:31:27.160Z] [INFO   ] [PASSO 11] ---------------------------------------
[2026-02-07T14:31:27.161Z] [INFO   ] [PASSO 12] Navegando para: https://app.bbtips.com.br/login
[2026-02-07T14:31:32.305Z] [DEBUG  ] [PASSO 13] Título da página: BB Tips
[2026-02-07T14:31:32.305Z] [INFO   ] [PASSO 14] Procurando campo de email...
[2026-02-07T14:31:32.320Z] [SUCCESS] [PASSO 15] Campo de email encontrado
[2026-02-07T14:31:32.420Z] [INFO   ] [PASSO 16] Email preenchido
[2026-02-07T14:31:32.421Z] [INFO   ] [PASSO 17] Procurando campo de senha...
[2026-02-07T14:31:32.426Z] [SUCCESS] [PASSO 18] Campo de senha encontrado
[2026-02-07T14:31:32.464Z] [INFO   ] [PASSO 19] Senha preenchida
[2026-02-07T14:31:32.465Z] [INFO   ] [PASSO 20] Procurando botão de login...
[2026-02-07T14:31:32.471Z] [SUCCESS] [PASSO 21] Botão de login encontrado: "Entrar"
[2026-02-07T14:31:32.504Z] [INFO   ] [PASSO 22] Clicou no botão de login, aguardando...
[2026-02-07T14:31:37.514Z] [INFO   ] [PASSO 23] URL atual: https://app.bbtips.com.br/inicio
[2026-02-07T14:31:37.514Z] [SUCCESS] [PASSO 24] Login realizado com sucesso!
[2026-02-07T14:31:37.515Z] [INFO   ] [PASSO 25] URL após login: https://app.bbtips.com.br/inicio
[2026-02-07T14:31:37.516Z] [INFO   ] [PASSO 26] ---------------------------------------
[2026-02-07T14:31:37.517Z] [INFO   ] [PASSO 27] EXECUTANDO BUSCADOR DE PADRÕES
[2026-02-07T14:31:37.517Z] [INFO   ] [PASSO 28] ---------------------------------------
[2026-02-07T14:31:37.518Z] [INFO   ] [PASSO 29] URL Base do robô: https://app.bbtips.com.br
[2026-02-07T14:31:37.518Z] [INFO   ] [PASSO 30] Navegando para: https://app.bbtips.com.br/bots/novo
[2026-02-07T14:31:37.519Z] [DEBUG  ] [PASSO 31] URL atual antes de navegar: https://app.bbtips.com.br/inicio
[2026-02-07T14:31:39.527Z] [DEBUG  ] [PASSO 32] URL após navegar: https://app.bbtips.com.br/bots/novo
[2026-02-07T14:31:42.540Z] [DEBUG  ] [PASSO 33] Conteúdo da página: 23/02/2026
 Bet365 
 Betano 
 Kiron
 SportingBet
 Aviator 
 Blaze 
 Roletas
 Luiz Silva 
Criar Novo Robô
Layout Antigo
Público
Selecione a Liga que deseja atuar
TodasCopaEuroSuperPremier
Nome
Chat
×[B...
[2026-02-07T14:31:42.541Z] [INFO   ] [PASSO 34] Procurando botão Buscar Padrões...
[2026-02-07T14:31:42.545Z] [SUCCESS] [PASSO 35] Botão Buscar Padrões encontrado: "Buscador de Padrões 🤖"
[2026-02-07T14:31:44.574Z] [INFO   ] [PASSO 36] Procurando campo Máximo Pulos...
[2026-02-07T14:31:44.577Z] [WARN   ] [PASSO 37] Campo Máximo Pulos não encontrado via ng-select
[2026-02-07T14:31:44.579Z] [WARN   ] [PASSO 38] Campo Máximo Pulos não encontrado
[2026-02-07T14:31:44.580Z] [INFO   ] [PASSO 39] Procurando botão Buscar no modal...
[2026-02-07T14:31:44.584Z] [SUCCESS] [PASSO 40] Botão Buscar encontrado: "Buscar"
[2026-02-07T14:31:44.609Z] [INFO   ] [PASSO 41] Clicou em Buscar, aguardando resultados...
[2026-02-07T14:31:49.616Z] [INFO   ] [PASSO 42] Procurando resultados da busca...
[2026-02-07T14:31:51.631Z] [SUCCESS] [PASSO 43] Quinta tabela encontrada
[2026-02-07T14:31:51.635Z] [INFO   ] [PASSO 44] Clicando na primeira linha da quinta tabela...
[2026-02-07T14:31:52.701Z] [INFO   ] [PASSO 45] Procurando dialog SweetAlert2...
[2026-02-07T14:31:54.217Z] [SUCCESS] [PASSO 46] Modal SweetAlert2 encontrado
[2026-02-07T14:31:54.221Z] [SUCCESS] [PASSO 47] Botão encontrado: "Sim"
[2026-02-07T14:31:54.222Z] [SUCCESS] [PASSO 48] Clicando em "Sim"
[2026-02-07T14:31:54.295Z] [INFO   ] [PASSO 49] Clicou no botão Sim
[2026-02-07T14:31:55.804Z] [INFO   ] [PASSO 50] Procurando elemento para clicar...
[2026-02-07T14:31:56.826Z] [SUCCESS] [PASSO 51] Elemento encontrado
[2026-02-07T14:31:56.848Z] [INFO   ] [PASSO 52] Clicou no elemento div[2]
[2026-02-07T14:31:57.863Z] [INFO   ] [PASSO 53] Procurando span para clicar...
[2026-02-07T14:31:58.887Z] [SUCCESS] [PASSO 54] Span encontrado: "VER MAIS"
[2026-02-07T14:31:58.977Z] [INFO   ] [PASSO 55] Clicou no span
[2026-02-07T14:31:59.986Z] [INFO   ] [PASSO 56] ========================================
[2026-02-07T14:31:59.987Z] [INFO   ] [PASSO 57] EXTRAINDO DADOS DOS CARDS
[2026-02-07T14:31:59.988Z] [INFO   ] [PASSO 58] ========================================
[2026-02-07T14:31:59.989Z] [INFO   ] [PASSO 59] ╔══════════════════════════════════════════════════════════╗
[2026-02-07T14:31:59.989Z] [INFO   ] [PASSO 60] ║          EXTRAÇÃO DE DADOS DOS CARDS (XPath)         ║
[2026-02-07T14:31:59.989Z] [INFO   ] [PASSO 61] ╚══════════════════════════════════════════════════════════╝
[2026-02-07T14:31:59.990Z] [INFO   ] [PASSO 62] Timestamp: 2026-02-07T14:31:59.990Z
[2026-02-07T14:32:02.000Z] [INFO   ] [PASSO 63] ══════════════════════════════════════════════════════════
[2026-02-07T14:32:02.001Z] [INFO   ] [PASSO 64] BUSCA POR CONTAINER DE CARDS:
[2026-02-07T14:32:02.002Z] [INFO   ] [PASSO 65]   XPath Container: /html/body/app-root/div/app-robos-novo/div/div/div[5]/div[1]/div[1]/div[3]/div[3]/div[2]/div[2]/div[1]
[2026-02-07T14:32:02.010Z] [SUCCESS] [PASSO 66] Container encontrado
[2026-02-07T14:32:02.011Z] [INFO   ] [PASSO 67] ══════════════════════════════════════════════════════════
[2026-02-07T14:32:02.011Z] [INFO   ] [PASSO 68] BUSCA POR CARDS DENTRO DO CONTAINER:
[2026-02-07T14:32:02.012Z] [INFO   ] [PASSO 69]   XPath Cards: ./div[not(contains(@class, 'row'))]
[2026-02-07T14:32:02.095Z] [INFO   ] [PASSO 70]   Cards encontrados via XPath: 75
[2026-02-07T14:32:02.096Z] [SUCCESS] [PASSO 71] Total de cards encontrados: 75
[2026-02-07T14:32:02.096Z] [INFO   ] [PASSO 72] ═══════════════════════════════════════════════════════════
[2026-02-07T14:32:02.097Z] [INFO   ] [PASSO 73]   Processando Card 1/75...
[2026-02-07T14:32:02.138Z] [DEBUG  ] [PASSO 74]   ✓ Card 1: Ambas Marcam Sim (ambs) | (100.00%) | SG:0 | G1:0 | G2:0
[2026-02-07T14:32:02.139Z] [INFO   ] [PASSO 75]   ✓ Card 1: Ambas Marcam Sim (ambs) | (100.00%) | SG:0 | G1:0 | G2:0
[2026-02-07T14:32:02.139Z] [INFO   ] [PASSO 76] ═══════════════════════════════════════════════════════════
[2026-02-07T14:32:02.140Z] [INFO   ] [PASSO 77]   Processando Card 2/75...
[2026-02-07T14:32:02.179Z] [DEBUG  ] [PASSO 78]   ✓ Card 2: Casa Marca Sim (cms) | (100.00%) | SG:0 | G1:0 | G2:0
[2026-02-07T14:32:02.180Z] [INFO   ] [PASSO 79]   ✓ Card 2: Casa Marca Sim (cms) | (100.00%) | SG:0 | G1:0 | G2:0
[2026-02-07T14:32:02.180Z] [INFO   ] [PASSO 80] ═══════════════════════════════════════════════════════════
[2026-02-07T14:32:02.181Z] [INFO   ] [PASSO 81]   Processando Card 3/75...
[2026-02-07T14:32:02.220Z] [DEBUG  ] [PASSO 82]   ✓ Card 3: Visitante Marca Sim (vms) | (100.00%) | SG:0 | G1:0 | G2:0
[2026-02-07T14:32:02.221Z] [INFO   ] [PASSO 83]   ✓ Card 3: Visitante Marca Sim (vms) | (100.00%) | SG:0 | G1:0 | G2:0
[2026-02-07T14:32:02.221Z] [INFO   ] [PASSO 84] ═══════════════════════════════════════════════════════════
[2026-02-07T14:32:02.222Z] [INFO   ] [PASSO 85]   Processando Card 4/75...
[2026-02-07T14:32:02.261Z] [DEBUG  ] [PASSO 86]   ✓ Card 4: Ambas Não Marcam (ambn) | (90.91%) | SG:0 | G1:0 | G2:0
[2026-02-07T14:32:02.261Z] [INFO   ] [PASSO 87]   ✓ Card 4: Ambas Não Marcam (ambn) | (90.91%) | SG:0 | G1:0 | G2:0
[2026-02-07T14:32:02.262Z] [INFO   ] [PASSO 88] ═══════════════════════════════════════════════════════════
[2026-02-07T14:32:02.262Z] [INFO   ] [PASSO 89]   Processando Card 5/75...
[2026-02-07T14:32:02.300Z] [DEBUG  ] [PASSO 90]   ✓ Card 5: Over 2.5 (o25) | (86.36%) | SG:0 | G1:0 | G2:0
[2026-02-07T14:32:02.301Z] [INFO   ] [PASSO 91]   ✓ Card 5: Over 2.5 (o25) | (86.36%) | SG:0 | G1:0 | G2:0
[2026-02-07T14:32:02.301Z] [INFO   ] [PASSO 92] ═══════════════════════════════════════════════════════════
[2026-02-07T14:32:02.302Z] [INFO   ] [PASSO 93]   Processando Card 6/75...
[2026-02-07T14:32:02.340Z] [DEBUG  ] [PASSO 94]   ✓ Card 6: Casa (pmc) | (86.36%) | SG:0 | G1:0 | G2:0
[2026-02-07T14:32:02.341Z] [INFO   ] [PASSO 95]   ✓ Card 6: Casa (pmc) | (86.36%) | SG:0 | G1:0 | G2:0
[2026-02-07T14:32:02.341Z] [INFO   ] [PASSO 96] ═══════════════════════════════════════════════════════════
[2026-02-07T14:32:02.341Z] [INFO   ] [PASSO 97]   Processando Card 7/75...
[2026-02-07T14:32:02.380Z] [DEBUG  ] [PASSO 98]   ✓ Card 7: Visitante Não Marca (vmn) | (81.82%) | SG:0 | G1:0 | G2:0
[2026-02-07T14:32:02.380Z] [INFO   ] [PASSO 99]   ✓ Card 7: Visitante Não Marca (vmn) | (81.82%) | SG:0 | G1:0 | G2:0
[2026-02-07T14:32:02.381Z] [INFO   ] [PASSO 100] ═══════════════════════════════════════════════════════════
[2026-02-07T14:32:02.382Z] [INFO   ] [PASSO 101]   Processando Card 8/75...
[2026-02-07T14:32:02.422Z] [DEBUG  ] [PASSO 102]   ✓ Card 8: Casa (umc) | (81.82%) | SG:0 | G1:0 | G2:0
[2026-02-07T14:32:02.423Z] [INFO   ] [PASSO 103]   ✓ Card 8: Casa (umc) | (81.82%) | SG:0 | G1:0 | G2:0
[2026-02-07T14:32:02.423Z] [INFO   ] [PASSO 104] ═══════════════════════════════════════════════════════════
[2026-02-07T14:32:02.424Z] [INFO   ] [PASSO 105]   Processando Card 9/75...
[2026-02-07T14:32:02.470Z] [DEBUG  ] [PASSO 106]   ✓ Card 9: [HT] Empate (hte) | (77.27%) | SG:0 | G1:0 | G2:0
[2026-02-07T14:32:02.471Z] [INFO   ] [PASSO 107]   ✓ Card 9: [HT] Empate (hte) | (77.27%) | SG:0 | G1:0 | G2:0
[2026-02-07T14:32:02.472Z] [INFO   ] [PASSO 108] ═══════════════════════════════════════════════════════════
[2026-02-07T14:32:02.472Z] [INFO   ] [PASSO 109]   Processando Card 10/75...
[2026-02-07T14:32:02.513Z] [DEBUG  ] [PASSO 110]   ✓ Card 10: Vencedor Casa (ftc) | (72.73%) | SG:0 | G1:0 | G2:0
[2026-02-07T14:32:02.514Z] [INFO   ] [PASSO 111]   ✓ Card 10: Vencedor Casa (ftc) | (72.73%) | SG:0 | G1:0 | G2:0
[2026-02-07T14:32:02.514Z] [INFO   ] [PASSO 112] ═══════════════════════════════════════════════════════════
[2026-02-07T14:32:02.515Z] [INFO   ] [PASSO 113]   Processando Card 11/75...
[2026-02-07T14:32:02.556Z] [DEBUG  ] [PASSO 114]   ✓ Card 11: Empate (fte) | (72.73%) | SG:0 | G1:0 | G2:0
[2026-02-07T14:32:02.557Z] [INFO   ] [PASSO 115]   ✓ Card 11: Empate (fte) | (72.73%) | SG:0 | G1:0 | G2:0
[2026-02-07T14:32:02.557Z] [INFO   ] [PASSO 116] ═══════════════════════════════════════════════════════════
[2026-02-07T14:32:02.558Z] [INFO   ] [PASSO 117]   Processando Card 12/75...
[2026-02-07T14:32:02.599Z] [DEBUG  ] [PASSO 118]   ✓ Card 12: [HT] Vencedor Casa (htc) | (72.73%) | SG:0 | G1:0 | G2:0
[2026-02-07T14:32:02.600Z] [INFO   ] [PASSO 119]   ✓ Card 12: [HT] Vencedor Casa (htc) | (72.73%) | SG:0 | G1:0 | G2:0
[2026-02-07T14:32:02.600Z] [INFO   ] [PASSO 120] ═══════════════════════════════════════════════════════════
[2026-02-07T14:32:02.601Z] [INFO   ] [PASSO 121]   Processando Card 13/75...
[2026-02-07T14:32:02.642Z] [DEBUG  ] [PASSO 122]   ✓ Card 13: Visitante (pmv) | (68.18%) | SG:0 | G1:0 | G2:0
[2026-02-07T14:32:02.643Z] [INFO   ] [PASSO 123]   ✓ Card 13: Visitante (pmv) | (68.18%) | SG:0 | G1:0 | G2:0
[2026-02-07T14:32:02.643Z] [INFO   ] [PASSO 124] ═══════════════════════════════════════════════════════════
[2026-02-07T14:32:02.644Z] [INFO   ] [PASSO 125]   Processando Card 14/75...
[2026-02-07T14:32:02.686Z] [DEBUG  ] [PASSO 126]   ✓ Card 14: Visitante (umv) | (68.18%) | SG:0 | G1:0 | G2:0
[2026-02-07T14:32:02.686Z] [INFO   ] [PASSO 127]   ✓ Card 14: Visitante (umv) | (68.18%) | SG:0 | G1:0 | G2:0
[2026-02-07T14:32:02.687Z] [INFO   ] [PASSO 128] ═══════════════════════════════════════════════════════════
[2026-02-07T14:32:02.687Z] [INFO   ] [PASSO 129]   Processando Card 15/75...
[2026-02-07T14:32:02.728Z] [DEBUG  ] [PASSO 130]   ✓ Card 15: 0x0 HT (ht00) | (63.64%) | SG:0 | G1:0 | G2:0
[2026-02-07T14:32:02.729Z] [INFO   ] [PASSO 131]   ✓ Card 15: 0x0 HT (ht00) | (63.64%) | SG:0 | G1:0 | G2:0
[2026-02-07T14:32:02.730Z] [INFO   ] [PASSO 132] ═══════════════════════════════════════════════════════════
[2026-02-07T14:32:02.730Z] [INFO   ] [PASSO 133]   Processando Card 16/75...
[2026-02-07T14:32:02.771Z] [DEBUG  ] [PASSO 134]   ✓ Card 16: 2 Gols (ge2) | (59.09%) | SG:0 | G1:0 | G2:0
[2026-02-07T14:32:02.772Z] [INFO   ] [PASSO 135]   ✓ Card 16: 2 Gols (ge2) | (59.09%) | SG:0 | G1:0 | G2:0
[2026-02-07T14:32:02.772Z] [INFO   ] [PASSO 136] ═══════════════════════════════════════════════════════════
[2026-02-07T14:32:02.773Z] [INFO   ] [PASSO 137]   Processando Card 17/75...
[2026-02-07T14:32:02.811Z] [DEBUG  ] [PASSO 138]   ✓ Card 17: 1x0 HT (ht10) | (59.09%) | SG:0 | G1:0 | G2:0
[2026-02-07T14:32:02.812Z] [INFO   ] [PASSO 139]   ✓ Card 17: 1x0 HT (ht10) | (59.09%) | SG:0 | G1:0 | G2:0
[2026-02-07T14:32:02.813Z] [INFO   ] [PASSO 140] ═══════════════════════════════════════════════════════════
[2026-02-07T14:32:02.813Z] [INFO   ] [PASSO 141]   Processando Card 18/75...
[2026-02-07T14:32:02.855Z] [DEBUG  ] [PASSO 142]   ✓ Card 18: Resultado Empate / Ambas Sim (reas) | (59.09%) | SG:0 | G1:0 | G2:0
[2026-02-07T14:32:02.855Z] [INFO   ] [PASSO 143]   ✓ Card 18: Resultado Empate / Ambas Sim (reas) | (59.09%) | SG:0 | G1:0 | G2:0
[2026-02-07T14:32:02.856Z] [INFO   ] [PASSO 144] ═══════════════════════════════════════════════════════════
[2026-02-07T14:32:02.856Z] [INFO   ] [PASSO 145]   Processando Card 19/75...
[2026-02-07T14:32:02.896Z] [DEBUG  ] [PASSO 146]   ✓ Card 19: Over 3.5 (o35) | (54.55%) | SG:0 | G1:0 | G2:0
[2026-02-07T14:32:02.897Z] [INFO   ] [PASSO 147]   ✓ Card 19: Over 3.5 (o35) | (54.55%) | SG:0 | G1:0 | G2:0
[2026-02-07T14:32:02.897Z] [INFO   ] [PASSO 148] ═══════════════════════════════════════════════════════════
[2026-02-07T14:32:02.898Z] [INFO   ] [PASSO 149]   Processando Card 20/75...
[2026-02-07T14:32:02.937Z] [DEBUG  ] [PASSO 150]   ✓ Card 20: 3 Gols (ge3) | (54.55%) | SG:0 | G1:0 | G2:0
[2026-02-07T14:32:02.938Z] [INFO   ] [PASSO 151]   ✓ Card 20: 3 Gols (ge3) | (54.55%) | SG:0 | G1:0 | G2:0
[2026-02-07T14:32:02.938Z] [INFO   ] [PASSO 152] ═══════════════════════════════════════════════════════════
[2026-02-07T14:32:02.939Z] [INFO   ] [PASSO 153]   Processando Card 21/75...
[2026-02-07T14:32:02.977Z] [DEBUG  ] [PASSO 154]   ✓ Card 21: Resultado Casa / Ambas Não (rcan) | (54.55%) | SG:0 | G1:0 | G2:0
[2026-02-07T14:32:02.978Z] [INFO   ] [PASSO 155]   ✓ Card 21: Resultado Casa / Ambas Não (rcan) | (54.55%) | SG:0 | G1:0 | G2:0
[2026-02-07T14:32:02.978Z] [INFO   ] [PASSO 156] ═══════════════════════════════════════════════════════════
[2026-02-07T14:32:02.979Z] [INFO   ] [PASSO 157]   Processando Card 22/75...
[2026-02-07T14:32:03.020Z] [DEBUG  ] [PASSO 158]   ✓ Card 22: [HT] Vencedor Visitante (htv) | (50.00%) | SG:0 | G1:0 | G2:0
[2026-02-07T14:32:03.020Z] [INFO   ] [PASSO 159]   ✓ Card 22: [HT] Vencedor Visitante (htv) | (50.00%) | SG:0 | G1:0 | G2:0
[2026-02-07T14:32:03.021Z] [INFO   ] [PASSO 160] ═══════════════════════════════════════════════════════════
[2026-02-07T14:32:03.021Z] [INFO   ] [PASSO 161]   Processando Card 23/75...
[2026-02-07T14:32:03.060Z] [DEBUG  ] [PASSO 162]   ✓ Card 23: Resultado Casa / Ambas Sim (rcas) | (50.00%) | SG:0 | G1:0 | G2:0
[2026-02-07T14:32:03.061Z] [INFO   ] [PASSO 163]   ✓ Card 23: Resultado Casa / Ambas Sim (rcas) | (50.00%) | SG:0 | G1:0 | G2:0
[2026-02-07T14:32:03.061Z] [INFO   ] [PASSO 164] ═══════════════════════════════════════════════════════════
[2026-02-07T14:32:03.062Z] [INFO   ] [PASSO 165]   Processando Card 24/75...
[2026-02-07T14:32:03.102Z] [DEBUG  ] [PASSO 166]   ✓ Card 24: Casa Não Marca (cmn) | (45.45%) | SG:0 | G1:0 | G2:0
[2026-02-07T14:32:03.103Z] [INFO   ] [PASSO 167]   ✓ Card 24: Casa Não Marca (cmn) | (45.45%) | SG:0 | G1:0 | G2:0
[2026-02-07T14:32:03.103Z] [INFO   ] [PASSO 168] ═══════════════════════════════════════════════════════════
[2026-02-07T14:32:03.103Z] [INFO   ] [PASSO 169]   Processando Card 25/75...
[2026-02-07T14:32:03.142Z] [DEBUG  ] [PASSO 170]   ✓ Card 25: Vencedor Visitante (ftv) | (45.45%) | SG:0 | G1:0 | G2:0
[2026-02-07T14:32:03.143Z] [INFO   ] [PASSO 171]   ✓ Card 25: Vencedor Visitante (ftv) | (45.45%) | SG:0 | G1:0 | G2:0
[2026-02-07T14:32:03.143Z] [INFO   ] [PASSO 172] ═══════════════════════════════════════════════════════════
[2026-02-07T14:32:03.144Z] [INFO   ] [PASSO 173]   Processando Card 26/75...
[2026-02-07T14:32:03.186Z] [DEBUG  ] [PASSO 174]   ✓ Card 26: 1 Gols (ge1) | (45.45%) | SG:0 | G1:0 | G2:0
[2026-02-07T14:32:03.187Z] [INFO   ] [PASSO 175]   ✓ Card 26: 1 Gols (ge1) | (45.45%) | SG:0 | G1:0 | G2:0
[2026-02-07T14:32:03.187Z] [INFO   ] [PASSO 176] ═══════════════════════════════════════════════════════════
[2026-02-07T14:32:03.188Z] [INFO   ] [PASSO 177]   Processando Card 27/75...
[2026-02-07T14:32:03.225Z] [DEBUG  ] [PASSO 178]   ✓ Card 27: 4 Gols (ge4) | (45.45%) | SG:0 | G1:0 | G2:0
[2026-02-07T14:32:03.226Z] [INFO   ] [PASSO 179]   ✓ Card 27: 4 Gols (ge4) | (45.45%) | SG:0 | G1:0 | G2:0
[2026-02-07T14:32:03.227Z] [INFO   ] [PASSO 180] ═══════════════════════════════════════════════════════════
[2026-02-07T14:32:03.228Z] [INFO   ] [PASSO 181]   Processando Card 28/75...
[2026-02-07T14:32:03.266Z] [DEBUG  ] [PASSO 182]   ✓ Card 28: 1x1 FT (ft11) | (36.36%) | SG:0 | G1:0 | G2:0
[2026-02-07T14:32:03.267Z] [INFO   ] [PASSO 183]   ✓ Card 28: 1x1 FT (ft11) | (36.36%) | SG:0 | G1:0 | G2:0
[2026-02-07T14:32:03.267Z] [INFO   ] [PASSO 184] ═══════════════════════════════════════════════════════════
[2026-02-07T14:32:03.268Z] [INFO   ] [PASSO 185]   Processando Card 29/75...
[2026-02-07T14:32:03.306Z] [DEBUG  ] [PASSO 186]   ✓ Card 29: 1x1 HT (ht11) | (36.36%) | SG:0 | G1:0 | G2:0
[2026-02-07T14:32:03.307Z] [INFO   ] [PASSO 187]   ✓ Card 29: 1x1 HT (ht11) | (36.36%) | SG:0 | G1:0 | G2:0
[2026-02-07T14:32:03.307Z] [INFO   ] [PASSO 188] ═══════════════════════════════════════════════════════════
[2026-02-07T14:32:03.308Z] [INFO   ] [PASSO 189]   Processando Card 30/75...
[2026-02-07T14:32:03.345Z] [DEBUG  ] [PASSO 190]   ✓ Card 30: 0x1 HT (ht01) | (36.36%) | SG:0 | G1:0 | G2:0
[2026-02-07T14:32:03.346Z] [INFO   ] [PASSO 191]   ✓ Card 30: 0x1 HT (ht01) | (36.36%) | SG:0 | G1:0 | G2:0
[2026-02-07T14:32:03.346Z] [INFO   ] [PASSO 192] ═══════════════════════════════════════════════════════════
[2026-02-07T14:32:03.347Z] [INFO   ] [PASSO 193]   Processando Card 31/75...
[2026-02-07T14:32:03.386Z] [DEBUG  ] [PASSO 194]   ✓ Card 31: 0 Gols (ge0) | (31.82%) | SG:0 | G1:0 | G2:0
[2026-02-07T14:32:03.386Z] [INFO   ] [PASSO 195]   ✓ Card 31: 0 Gols (ge0) | (31.82%) | SG:0 | G1:0 | G2:0
[2026-02-07T14:32:03.387Z] [INFO   ] [PASSO 196] ═══════════════════════════════════════════════════════════
[2026-02-07T14:32:03.387Z] [INFO   ] [PASSO 197]   Processando Card 32/75...
[2026-02-07T14:32:03.425Z] [DEBUG  ] [PASSO 198]   ✓ Card 32: 1x0 FT (ft10) | (31.82%) | SG:0 | G1:0 | G2:0
[2026-02-07T14:32:03.425Z] [INFO   ] [PASSO 199]   ✓ Card 32: 1x0 FT (ft10) | (31.82%) | SG:0 | G1:0 | G2:0
[2026-02-07T14:32:03.426Z] [INFO   ] [PASSO 200] ═══════════════════════════════════════════════════════════
[2026-02-07T14:32:03.426Z] [INFO   ] [PASSO 201]   Processando Card 33/75...
[2026-02-07T14:32:03.467Z] [DEBUG  ] [PASSO 202]   ✓ Card 33: 0x0 FT (ft00) | (31.82%) | SG:0 | G1:0 | G2:0
[2026-02-07T14:32:03.468Z] [INFO   ] [PASSO 203]   ✓ Card 33: 0x0 FT (ft00) | (31.82%) | SG:0 | G1:0 | G2:0
[2026-02-07T14:32:03.469Z] [INFO   ] [PASSO 204] ═══════════════════════════════════════════════════════════
[2026-02-07T14:32:03.469Z] [INFO   ] [PASSO 205]   Processando Card 34/75...
[2026-02-07T14:32:03.508Z] [DEBUG  ] [PASSO 206]   ✓ Card 34: 2x0 HT (ht20) | (31.82%) | SG:0 | G1:0 | G2:0
[2026-02-07T14:32:03.509Z] [INFO   ] [PASSO 207]   ✓ Card 34: 2x0 HT (ht20) | (31.82%) | SG:0 | G1:0 | G2:0
[2026-02-07T14:32:03.510Z] [INFO   ] [PASSO 208] ═══════════════════════════════════════════════════════════
[2026-02-07T14:32:03.510Z] [INFO   ] [PASSO 209]   Processando Card 35/75...
[2026-02-07T14:32:03.547Z] [DEBUG  ] [PASSO 210]   ✓ Card 35: Resultado Visitante / Ambas Sim (rvas) | (31.82%) | SG:0 | G1:0 | G2:0
[2026-02-07T14:32:03.548Z] [INFO   ] [PASSO 211]   ✓ Card 35: Resultado Visitante / Ambas Sim (rvas) | (31.82%) | SG:0 | G1:0 | G2:0
[2026-02-07T14:32:03.548Z] [INFO   ] [PASSO 212] ═══════════════════════════════════════════════════════════
[2026-02-07T14:32:03.549Z] [INFO   ] [PASSO 213]   Processando Card 36/75...
[2026-02-07T14:32:03.586Z] [DEBUG  ] [PASSO 214]   ✓ Card 36: Resultado Empate / Ambas Não (rean) | (31.82%) | SG:0 | G1:0 | G2:0
[2026-02-07T14:32:03.587Z] [INFO   ] [PASSO 215]   ✓ Card 36: Resultado Empate / Ambas Não (rean) | (31.82%) | SG:0 | G1:0 | G2:0
[2026-02-07T14:32:03.587Z] [INFO   ] [PASSO 216] ═══════════════════════════════════════════════════════════
[2026-02-07T14:32:03.588Z] [INFO   ] [PASSO 217]   Processando Card 37/75...
[2026-02-07T14:32:03.627Z] [DEBUG  ] [PASSO 218]   ✓ Card 37: 2x1 FT (ft21) | (27.27%) | SG:0 | G1:0 | G2:0
[2026-02-07T14:32:03.628Z] [INFO   ] [PASSO 219]   ✓ Card 37: 2x1 FT (ft21) | (27.27%) | SG:0 | G1:0 | G2:0
[2026-02-07T14:32:03.628Z] [INFO   ] [PASSO 220] ═══════════════════════════════════════════════════════════
[2026-02-07T14:32:03.629Z] [INFO   ] [PASSO 221]   Processando Card 38/75...
[2026-02-07T14:32:03.668Z] [DEBUG  ] [PASSO 222]   ✓ Card 38: Resultado Visitante / Ambas Não (rvan) | (27.27%) | SG:0 | G1:0 | G2:0
[2026-02-07T14:32:03.669Z] [INFO   ] [PASSO 223]   ✓ Card 38: Resultado Visitante / Ambas Não (rvan) | (27.27%) | SG:0 | G1:0 | G2:0
[2026-02-07T14:32:03.670Z] [INFO   ] [PASSO 224] ═══════════════════════════════════════════════════════════
[2026-02-07T14:32:03.670Z] [INFO   ] [PASSO 225]   Processando Card 39/75...
[2026-02-07T14:32:03.709Z] [DEBUG  ] [PASSO 226]   ✓ Card 39: Over 5+ (o50) | (22.73%) | SG:0 | G1:0 | G2:0
[2026-02-07T14:32:03.709Z] [INFO   ] [PASSO 227]   ✓ Card 39: Over 5+ (o50) | (22.73%) | SG:0 | G1:0 | G2:0
[2026-02-07T14:32:03.710Z] [INFO   ] [PASSO 228] ═══════════════════════════════════════════════════════════
[2026-02-07T14:32:03.710Z] [INFO   ] [PASSO 229]   Processando Card 40/75...
[2026-02-07T14:32:03.755Z] [DEBUG  ] [PASSO 230]   ✓ Card 40: 2x0 FT (ft20) | (22.73%) | SG:0 | G1:0 | G2:0
[2026-02-07T14:32:03.756Z] [INFO   ] [PASSO 231]   ✓ Card 40: 2x0 FT (ft20) | (22.73%) | SG:0 | G1:0 | G2:0
[2026-02-07T14:32:03.756Z] [INFO   ] [PASSO 232] ═══════════════════════════════════════════════════════════
[2026-02-07T14:32:03.757Z] [INFO   ] [PASSO 233]   Processando Card 41/75...
[2026-02-07T14:32:03.794Z] [DEBUG  ] [PASSO 234]   ✓ Card 41: 3x1 FT (ft31) | (18.18%) | SG:0 | G1:0 | G2:0
[2026-02-07T14:32:03.795Z] [INFO   ] [PASSO 235]   ✓ Card 41: 3x1 FT (ft31) | (18.18%) | SG:0 | G1:0 | G2:0
[2026-02-07T14:32:03.795Z] [INFO   ] [PASSO 236] ═══════════════════════════════════════════════════════════
[2026-02-07T14:32:03.796Z] [INFO   ] [PASSO 237]   Processando Card 42/75...
[2026-02-07T14:32:03.835Z] [DEBUG  ] [PASSO 238]   ✓ Card 42: 2x2 FT (ft22) | (18.18%) | SG:0 | G1:0 | G2:0
[2026-02-07T14:32:03.836Z] [INFO   ] [PASSO 239]   ✓ Card 42: 2x2 FT (ft22) | (18.18%) | SG:0 | G1:0 | G2:0
[2026-02-07T14:32:03.836Z] [INFO   ] [PASSO 240] ═══════════════════════════════════════════════════════════
[2026-02-07T14:32:03.836Z] [INFO   ] [PASSO 241]   Processando Card 43/75...
[2026-02-07T14:32:03.874Z] [DEBUG  ] [PASSO 242]   ✓ Card 43: 1x2 FT (ft12) | (18.18%) | SG:0 | G1:0 | G2:0
[2026-02-07T14:32:03.875Z] [INFO   ] [PASSO 243]   ✓ Card 43: 1x2 FT (ft12) | (18.18%) | SG:0 | G1:0 | G2:0
[2026-02-07T14:32:03.875Z] [INFO   ] [PASSO 244] ═══════════════════════════════════════════════════════════
[2026-02-07T14:32:03.876Z] [INFO   ] [PASSO 245]   Processando Card 44/75...
[2026-02-07T14:32:03.914Z] [DEBUG  ] [PASSO 246]   ✓ Card 44: Outros HT (out) | (18.18%) | SG:0 | G1:0 | G2:0
[2026-02-07T14:32:03.915Z] [INFO   ] [PASSO 247]   ✓ Card 44: Outros HT (out) | (18.18%) | SG:0 | G1:0 | G2:0
[2026-02-07T14:32:03.915Z] [INFO   ] [PASSO 248] ═══════════════════════════════════════════════════════════
[2026-02-07T14:32:03.916Z] [INFO   ] [PASSO 249]   Processando Card 45/75...
[2026-02-07T14:32:03.953Z] [DEBUG  ] [PASSO 250]   ✓ Card 45: 5+ Gols (ge5) | (13.64%) | SG:0 | G1:0 | G2:0
[2026-02-07T14:32:03.954Z] [INFO   ] [PASSO 251]   ✓ Card 45: 5+ Gols (ge5) | (13.64%) | SG:0 | G1:0 | G2:0
[2026-02-07T14:32:03.955Z] [INFO   ] [PASSO 252] ═══════════════════════════════════════════════════════════
[2026-02-07T14:32:03.955Z] [INFO   ] [PASSO 253]   Processando Card 46/75...
[2026-02-07T14:32:03.993Z] [DEBUG  ] [PASSO 254]   ✓ Card 46: 0x1 FT (ft01) | (13.64%) | SG:0 | G1:0 | G2:0
[2026-02-07T14:32:03.994Z] [INFO   ] [PASSO 255]   ✓ Card 46: 0x1 FT (ft01) | (13.64%) | SG:0 | G1:0 | G2:0
[2026-02-07T14:32:03.995Z] [INFO   ] [PASSO 256] ═══════════════════════════════════════════════════════════
[2026-02-07T14:32:03.995Z] [INFO   ] [PASSO 257]   Processando Card 47/75...
[2026-02-07T14:32:04.035Z] [DEBUG  ] [PASSO 258]   ✓ Card 47: 0x2 HT (ht02) | (13.64%) | SG:0 | G1:0 | G2:0
[2026-02-07T14:32:04.036Z] [INFO   ] [PASSO 259]   ✓ Card 47: 0x2 HT (ht02) | (13.64%) | SG:0 | G1:0 | G2:0
[2026-02-07T14:32:04.036Z] [INFO   ] [PASSO 260] ═══════════════════════════════════════════════════════════
[2026-02-07T14:32:04.037Z] [INFO   ] [PASSO 261]   Processando Card 48/75...
[2026-02-07T14:32:04.073Z] [DEBUG  ] [PASSO 262]   ✓ Card 48: 4x0 FT (ft40) | (9.09%) | SG:0 | G1:0 | G2:0
[2026-02-07T14:32:04.074Z] [INFO   ] [PASSO 263]   ✓ Card 48: 4x0 FT (ft40) | (9.09%) | SG:0 | G1:0 | G2:0
[2026-02-07T14:32:04.075Z] [INFO   ] [PASSO 264] ═══════════════════════════════════════════════════════════
[2026-02-07T14:32:04.075Z] [INFO   ] [PASSO 265]   Processando Card 49/75...
[2026-02-07T14:32:04.113Z] [DEBUG  ] [PASSO 266]   ✓ Card 49: 0x3 FT (ft03) | (9.09%) | SG:0 | G1:0 | G2:0
[2026-02-07T14:32:04.114Z] [INFO   ] [PASSO 267]   ✓ Card 49: 0x3 FT (ft03) | (9.09%) | SG:0 | G1:0 | G2:0
[2026-02-07T14:32:04.114Z] [INFO   ] [PASSO 268] ═══════════════════════════════════════════════════════════
[2026-02-07T14:32:04.115Z] [INFO   ] [PASSO 269]   Processando Card 50/75...
[2026-02-07T14:32:04.152Z] [DEBUG  ] [PASSO 270]   ✓ Card 50: 1x3 FT (ft13) | (9.09%) | SG:0 | G1:0 | G2:0
[2026-02-07T14:32:04.153Z] [INFO   ] [PASSO 271]   ✓ Card 50: 1x3 FT (ft13) | (9.09%) | SG:0 | G1:0 | G2:0
[2026-02-07T14:32:04.154Z] [INFO   ] [PASSO 272] ═══════════════════════════════════════════════════════════
[2026-02-07T14:32:04.154Z] [INFO   ] [PASSO 273]   Processando Card 51/75...
[2026-02-07T14:32:04.193Z] [DEBUG  ] [PASSO 274]   ✓ Card 51: 2x3 FT (ft23) | (9.09%) | SG:0 | G1:0 | G2:0
[2026-02-07T14:32:04.194Z] [INFO   ] [PASSO 275]   ✓ Card 51: 2x3 FT (ft23) | (9.09%) | SG:0 | G1:0 | G2:0
[2026-02-07T14:32:04.194Z] [INFO   ] [PASSO 276] ═══════════════════════════════════════════════════════════
[2026-02-07T14:32:04.195Z] [INFO   ] [PASSO 277]   Processando Card 52/75...
[2026-02-07T14:32:04.232Z] [DEBUG  ] [PASSO 278]   ✓ Card 52: Viradinha (vira) | (9.09%) | SG:0 | G1:0 | G2:0
[2026-02-07T14:32:04.233Z] [INFO   ] [PASSO 279]   ✓ Card 52: Viradinha (vira) | (9.09%) | SG:0 | G1:0 | G2:0
[2026-02-07T14:32:04.233Z] [INFO   ] [PASSO 280] ═══════════════════════════════════════════════════════════
[2026-02-07T14:32:04.234Z] [INFO   ] [PASSO 281]   Processando Card 53/75...
[2026-02-07T14:32:04.275Z] [DEBUG  ] [PASSO 282]   ✓ Card 53: 4x2 FT (ft42) | (4.55%) | SG:0 | G1:0 | G2:0
[2026-02-07T14:32:04.276Z] [INFO   ] [PASSO 283]   ✓ Card 53: 4x2 FT (ft42) | (4.55%) | SG:0 | G1:0 | G2:0
[2026-02-07T14:32:04.276Z] [INFO   ] [PASSO 284] ═══════════════════════════════════════════════════════════
[2026-02-07T14:32:04.277Z] [INFO   ] [PASSO 285]   Processando Card 54/75...
[2026-02-07T14:32:04.315Z] [DEBUG  ] [PASSO 286]   ✓ Card 54: 5+ Casa (ft50_c) | (4.55%) | SG:0 | G1:0 | G2:0
[2026-02-07T14:32:04.315Z] [INFO   ] [PASSO 287]   ✓ Card 54: 5+ Casa (ft50_c) | (4.55%) | SG:0 | G1:0 | G2:0
[2026-02-07T14:32:04.316Z] [INFO   ] [PASSO 288] ═══════════════════════════════════════════════════════════
[2026-02-07T14:32:04.316Z] [INFO   ] [PASSO 289]   Processando Card 55/75...
[2026-02-07T14:32:04.364Z] [DEBUG  ] [PASSO 290]   ✓ Card 55: 3x3 FT (ft33) | (4.55%) | SG:0 | G1:0 | G2:0
[2026-02-07T14:32:04.365Z] [INFO   ] [PASSO 291]   ✓ Card 55: 3x3 FT (ft33) | (4.55%) | SG:0 | G1:0 | G2:0
[2026-02-07T14:32:04.366Z] [INFO   ] [PASSO 292] ═══════════════════════════════════════════════════════════
[2026-02-07T14:32:04.366Z] [INFO   ] [PASSO 293]   Processando Card 56/75...
[2026-02-07T14:32:04.409Z] [DEBUG  ] [PASSO 294]   ✓ Card 56: 5+ Empate (ft50_e) | (4.55%) | SG:0 | G1:0 | G2:0
[2026-02-07T14:32:04.410Z] [INFO   ] [PASSO 295]   ✓ Card 56: 5+ Empate (ft50_e) | (4.55%) | SG:0 | G1:0 | G2:0
[2026-02-07T14:32:04.410Z] [INFO   ] [PASSO 296] ═══════════════════════════════════════════════════════════
[2026-02-07T14:32:04.411Z] [INFO   ] [PASSO 297]   Processando Card 57/75...
[2026-02-07T14:32:04.448Z] [DEBUG  ] [PASSO 298]   ✓ Card 57: 0x2 FT (ft02) | (4.55%) | SG:0 | G1:0 | G2:0
[2026-02-07T14:32:04.449Z] [INFO   ] [PASSO 299]   ✓ Card 57: 0x2 FT (ft02) | (4.55%) | SG:0 | G1:0 | G2:0
[2026-02-07T14:32:04.450Z] [INFO   ] [PASSO 300] ═══════════════════════════════════════════════════════════
[2026-02-07T14:32:04.450Z] [INFO   ] [PASSO 301]   Processando Card 58/75...
[2026-02-07T14:32:04.488Z] [DEBUG  ] [PASSO 302]   ✓ Card 58: 3x0 FT (ft30) | (0.00%) | SG:0 | G1:0 | G2:0
[2026-02-07T14:32:04.489Z] [INFO   ] [PASSO 303]   ✓ Card 58: 3x0 FT (ft30) | (0.00%) | SG:0 | G1:0 | G2:0
[2026-02-07T14:32:04.489Z] [INFO   ] [PASSO 304] ═══════════════════════════════════════════════════════════
[2026-02-07T14:32:04.490Z] [INFO   ] [PASSO 305]   Processando Card 59/75...
[2026-02-07T14:32:04.529Z] [DEBUG  ] [PASSO 306]   ✓ Card 59: 3x2 FT (ft32) | (0.00%) | SG:0 | G1:0 | G2:0
[2026-02-07T14:32:04.529Z] [INFO   ] [PASSO 307]   ✓ Card 59: 3x2 FT (ft32) | (0.00%) | SG:0 | G1:0 | G2:0
[2026-02-07T14:32:04.530Z] [INFO   ] [PASSO 308] ═══════════════════════════════════════════════════════════
[2026-02-07T14:32:04.530Z] [INFO   ] [PASSO 309]   Processando Card 60/75...
[2026-02-07T14:32:04.570Z] [DEBUG  ] [PASSO 310]   ✓ Card 60: 4x1 FT (ft41) | (0.00%) | SG:0 | G1:0 | G2:0
[2026-02-07T14:32:04.571Z] [INFO   ] [PASSO 311]   ✓ Card 60: 4x1 FT (ft41) | (0.00%) | SG:0 | G1:0 | G2:0
[2026-02-07T14:32:04.571Z] [INFO   ] [PASSO 312] ═══════════════════════════════════════════════════════════
[2026-02-07T14:32:04.572Z] [INFO   ] [PASSO 313]   Processando Card 61/75...
[2026-02-07T14:32:04.610Z] [DEBUG  ] [PASSO 314]   ✓ Card 61: 4x3 FT (ft43) | (0.00%) | SG:0 | G1:0 | G2:0
[2026-02-07T14:32:04.611Z] [INFO   ] [PASSO 315]   ✓ Card 61: 4x3 FT (ft43) | (0.00%) | SG:0 | G1:0 | G2:0
[2026-02-07T14:32:04.612Z] [INFO   ] [PASSO 316] ═══════════════════════════════════════════════════════════
[2026-02-07T14:32:04.612Z] [INFO   ] [PASSO 317]   Processando Card 62/75...
[2026-02-07T14:32:04.650Z] [DEBUG  ] [PASSO 318]   ✓ Card 62: 4x4 FT (ft44) | (0.00%) | SG:0 | G1:0 | G2:0
[2026-02-07T14:32:04.651Z] [INFO   ] [PASSO 319]   ✓ Card 62: 4x4 FT (ft44) | (0.00%) | SG:0 | G1:0 | G2:0
[2026-02-07T14:32:04.651Z] [INFO   ] [PASSO 320] ═══════════════════════════════════════════════════════════
[2026-02-07T14:32:04.652Z] [INFO   ] [PASSO 321]   Processando Card 63/75...
[2026-02-07T14:32:04.692Z] [DEBUG  ] [PASSO 322]   ✓ Card 63: 0x4 FT (ft04) | (0.00%) | SG:0 | G1:0 | G2:0
[2026-02-07T14:32:04.693Z] [INFO   ] [PASSO 323]   ✓ Card 63: 0x4 FT (ft04) | (0.00%) | SG:0 | G1:0 | G2:0
[2026-02-07T14:32:04.693Z] [INFO   ] [PASSO 324] ═══════════════════════════════════════════════════════════
[2026-02-07T14:32:04.694Z] [INFO   ] [PASSO 325]   Processando Card 64/75...
[2026-02-07T14:32:04.733Z] [DEBUG  ] [PASSO 326]   ✓ Card 64: 1x4 FT (ft14) | (0.00%) | SG:0 | G1:0 | G2:0
[2026-02-07T14:32:04.734Z] [INFO   ] [PASSO 327]   ✓ Card 64: 1x4 FT (ft14) | (0.00%) | SG:0 | G1:0 | G2:0
[2026-02-07T14:32:04.734Z] [INFO   ] [PASSO 328] ═══════════════════════════════════════════════════════════
[2026-02-07T14:32:04.735Z] [INFO   ] [PASSO 329]   Processando Card 65/75...
[2026-02-07T14:32:04.773Z] [DEBUG  ] [PASSO 330]   ✓ Card 65: 2x4 FT (ft24) | (0.00%) | SG:0 | G1:0 | G2:0
[2026-02-07T14:32:04.774Z] [INFO   ] [PASSO 331]   ✓ Card 65: 2x4 FT (ft24) | (0.00%) | SG:0 | G1:0 | G2:0
[2026-02-07T14:32:04.774Z] [INFO   ] [PASSO 332] ═══════════════════════════════════════════════════════════
[2026-02-07T14:32:04.775Z] [INFO   ] [PASSO 333]   Processando Card 66/75...
[2026-02-07T14:32:04.814Z] [DEBUG  ] [PASSO 334]   ✓ Card 66: 3x4 FT (ft34) | (0.00%) | SG:0 | G1:0 | G2:0
[2026-02-07T14:32:04.815Z] [INFO   ] [PASSO 335]   ✓ Card 66: 3x4 FT (ft34) | (0.00%) | SG:0 | G1:0 | G2:0
[2026-02-07T14:32:04.815Z] [INFO   ] [PASSO 336] ═══════════════════════════════════════════════════════════
[2026-02-07T14:32:04.816Z] [INFO   ] [PASSO 337]   Processando Card 67/75...
[2026-02-07T14:32:04.860Z] [DEBUG  ] [PASSO 338]   ✓ Card 67: 5+ Visitante (ft50_f) | (0.00%) | SG:0 | G1:0 | G2:0
[2026-02-07T14:32:04.861Z] [INFO   ] [PASSO 339]   ✓ Card 67: 5+ Visitante (ft50_f) | (0.00%) | SG:0 | G1:0 | G2:0
[2026-02-07T14:32:04.861Z] [INFO   ] [PASSO 340] ═══════════════════════════════════════════════════════════
[2026-02-07T14:32:04.862Z] [INFO   ] [PASSO 341]   Processando Card 68/75...
[2026-02-07T14:32:04.921Z] [DEBUG  ] [PASSO 342]   ✓ Card 68: Handicap Casa (hac) | (0.00%) | SG:0 | G1:0 | G2:0
[2026-02-07T14:32:04.923Z] [INFO   ] [PASSO 343]   ✓ Card 68: Handicap Casa (hac) | (0.00%) | SG:0 | G1:0 | G2:0
[2026-02-07T14:32:04.924Z] [INFO   ] [PASSO 344] ═══════════════════════════════════════════════════════════
[2026-02-07T14:32:04.924Z] [INFO   ] [PASSO 345]   Processando Card 69/75...
[2026-02-07T14:32:04.984Z] [DEBUG  ] [PASSO 346]   ✓ Card 69: Handicap Visitante (hav) | (0.00%) | SG:0 | G1:0 | G2:0
[2026-02-07T14:32:04.985Z] [INFO   ] [PASSO 347]   ✓ Card 69: Handicap Visitante (hav) | (0.00%) | SG:0 | G1:0 | G2:0
[2026-02-07T14:32:04.988Z] [INFO   ] [PASSO 348] ═══════════════════════════════════════════════════════════
[2026-02-07T14:32:04.989Z] [INFO   ] [PASSO 349]   Processando Card 70/75...
[2026-02-07T14:32:05.043Z] [DEBUG  ] [PASSO 350]   ✓ Card 70: Over 0.5 (o05) | (100.00%) | SG:0 | G1:0 | G2:0
[2026-02-07T14:32:05.044Z] [INFO   ] [PASSO 351]   ✓ Card 70: Over 0.5 (o05) | (100.00%) | SG:0 | G1:0 | G2:0
[2026-02-07T14:32:05.045Z] [INFO   ] [PASSO 352] ═══════════════════════════════════════════════════════════
[2026-02-07T14:32:05.045Z] [INFO   ] [PASSO 353]   Processando Card 71/75...
[2026-02-07T14:32:05.083Z] [DEBUG  ] [PASSO 354]   ✓ Card 71: Over 1.5 (o15) | (100.00%) | SG:0 | G1:0 | G2:0
[2026-02-07T14:32:05.083Z] [INFO   ] [PASSO 355]   ✓ Card 71: Over 1.5 (o15) | (100.00%) | SG:0 | G1:0 | G2:0
[2026-02-07T14:32:05.084Z] [INFO   ] [PASSO 356] ═══════════════════════════════════════════════════════════
[2026-02-07T14:32:05.084Z] [INFO   ] [PASSO 357]   Processando Card 72/75...
[2026-02-07T14:32:05.124Z] [DEBUG  ] [PASSO 358]   ✓ Card 72: Under 3.5 (u35) | (95.45%) | SG:0 | G1:0 | G2:0
[2026-02-07T14:32:05.125Z] [INFO   ] [PASSO 359]   ✓ Card 72: Under 3.5 (u35) | (95.45%) | SG:0 | G1:0 | G2:0
[2026-02-07T14:32:05.125Z] [INFO   ] [PASSO 360] ═══════════════════════════════════════════════════════════
[2026-02-07T14:32:05.126Z] [INFO   ] [PASSO 361]   Processando Card 73/75...
[2026-02-07T14:32:05.163Z] [DEBUG  ] [PASSO 362]   ✓ Card 73: Under 2.5 (u25) | (90.91%) | SG:0 | G1:0 | G2:0
[2026-02-07T14:32:05.163Z] [INFO   ] [PASSO 363]   ✓ Card 73: Under 2.5 (u25) | (90.91%) | SG:0 | G1:0 | G2:0
[2026-02-07T14:32:05.164Z] [INFO   ] [PASSO 364] ═══════════════════════════════════════════════════════════
[2026-02-07T14:32:05.164Z] [INFO   ] [PASSO 365]   Processando Card 74/75...
[2026-02-07T14:32:05.204Z] [DEBUG  ] [PASSO 366]   ✓ Card 74: Under 1.5 (u15) | (72.73%) | SG:0 | G1:0 | G2:0
[2026-02-07T14:32:05.205Z] [INFO   ] [PASSO 367]   ✓ Card 74: Under 1.5 (u15) | (72.73%) | SG:0 | G1:0 | G2:0
[2026-02-07T14:32:05.205Z] [INFO   ] [PASSO 368] ═══════════════════════════════════════════════════════════
[2026-02-07T14:32:05.206Z] [INFO   ] [PASSO 369]   Processando Card 75/75...
[2026-02-07T14:32:05.251Z] [DEBUG  ] [PASSO 370]   ✓ Card 75: Under 0.5 (u05) | (31.82%) | SG:0 | G1:0 | G2:0
[2026-02-07T14:32:05.252Z] [INFO   ] [PASSO 371]   ✓ Card 75: Under 0.5 (u05) | (31.82%) | SG:0 | G1:0 | G2:0
[2026-02-07T14:32:05.252Z] [INFO   ] [PASSO 372] ═══════════════════════════════════════════════════════════
[2026-02-07T14:32:05.253Z] [INFO   ] [PASSO 373]   RESUMO DA EXTRAÇÃO:
[2026-02-07T14:32:05.253Z] [INFO   ] [PASSO 374]   Total de cards extraídos: 75
[2026-02-07T14:32:05.254Z] [INFO   ] [PASSO 375]   Timestamp: 2026-02-07T14:32:02.096Z
[2026-02-07T14:32:05.254Z] [INFO   ] [PASSO 376] ═══════════════════════════════════════════════════════════
[2026-02-07T14:32:05.254Z] [INFO   ] [PASSO 377] ═══════════════════════════════════════════════════════════
[2026-02-07T14:32:05.255Z] [INFO   ] [PASSO 378] SALVANDO CARDS NO BANCO DE DADOS...
[2026-02-07T14:32:05.255Z] [INFO   ] [PASSO 379]   Total de cards para inserir: 75
[2026-02-07T14:32:05.257Z] [INFO   ] [PASSO 380]   ═══════════════════════════════════════════════════════════════════
[2026-02-07T14:32:05.257Z] [INFO   ] [PASSO 381]   SALVANDO CARDS - NETWORK DO BROWSER
[2026-02-07T14:32:05.258Z] [INFO   ] [PASSO 382]   ═══════════════════════════════════════════════════════════════════
[2026-02-07T14:32:05.258Z] [INFO   ] [PASSO 383]   API URL: http://localhost:5000/api/resultados-cards/inserir-lote
[2026-02-07T14:32:05.259Z] [INFO   ] [PASSO 384]   Total cards: 75
[2026-02-07T14:32:05.259Z] [DEBUG  ] [PASSO 385]   Body Size: 13955 bytes
[2026-02-07T14:32:05.260Z] [DEBUG  ] [PASSO 386]   Body: [
  {
    "titulo": "Ambas Marcam Sim (ambs)",
    "padroes": "22/22",
    "percentual": "(100.00%)",
    "sg": 0,
    "g1": 0,
    "g2": 0,
    "data_hora_busca": "2026-02-07T14:32:02.096Z"
  },
  {
    "titulo": "Casa Marca Sim (cms)",
    "padroes": "22/22",
    "percentual": "(100.00%)",
    "sg": 0,
    "g1": 0,
    "g2": 0,
    "data_hora_busca": "2026-02-07T14:32:02.096Z"
  },
  {
    "titulo": "Visitante Marca Sim (vms)",
    "padroes": "22/22",
    "percentual": "(100.00%)",
    "sg": 0...
[2026-02-07T14:32:05.260Z] [INFO   ] [PASSO 387]   [NETWORK] Listeners registrados
[2026-02-07T14:32:05.261Z] [INFO   ] [PASSO 388]   ═══════════════════════════════════════════════════════════════════
[2026-02-07T14:32:05.261Z] [INFO   ] [PASSO 389]   ENVIANDO POST VIA BROWSER FETCH...
[2026-02-07T14:32:05.262Z] [INFO   ] [PASSO 390]   ═══════════════════════════════════════════════════════════════════
[2026-02-07T14:32:05.266Z] [DEBUG  ] [PASSO 391]   [NETWORK] Request: POST http://localhost:5000/api/resultados-cards/inserir-lote
[2026-02-07T14:32:05.272Z] [DEBUG  ] [PASSO 392]   [NETWORK] Response: http://localhost:5000/api/resultados-cards/inserir-lote -> 404
[2026-02-07T14:32:05.273Z] [BROWSER-ERROR] [PASSO 393] Console Error: Failed to load resource: the server responded with a status of 404 (Not Found)
[2026-02-07T14:32:05.274Z] [INFO   ] [PASSO 394]   ═══════════════════════════════════════════════════════════════════
[2026-02-07T14:32:05.275Z] [INFO   ] [PASSO 395]   RESULTADO DA REQUISIÇÃO
[2026-02-07T14:32:05.275Z] [INFO   ] [PASSO 396]   ═══════════════════════════════════════════════════════════════════
[2026-02-07T14:32:05.276Z] [INFO   ] [PASSO 397]   Status: 404 Not Found
[2026-02-07T14:32:05.276Z] [INFO   ] [PASSO 398]   Success: false
[2026-02-07T14:32:05.277Z] [INFO   ] [PASSO 399]   Duration: 7ms
[2026-02-07T14:32:05.277Z] [DEBUG  ] [PASSO 400]   Response Body: N/A
[2026-02-07T14:32:05.278Z] [DEBUG  ] [PASSO 401]   Network Logs: [
  {
    "type": "request",
    "url": "http://localhost:5000/api/resultados-cards/inserir-lote",
    "method": "POST",
    "headers": {
      "sec-ch-ua": "\"Chromium\";v=\"121\", \"Not A(Brand\";v=\"99\"",
      "accept": "application/json",
      "content-type": "application/json",
      "referer": "",
      "sec-ch-ua-mobile": "?0",
      "user-agent": "Mozilla/5.0 (Windows NT 10.0; Win64; x64) AppleWebKit/537.36 (KHTML, like Gecko) Chrome/121.0.0.0 Safari/537.36",
      "sec-ch-ua-platform": "\"Windows\""
    }
  },
  {
    "type": "response",
    "url": "http://localhost:5000/api/resultados-cards/inserir-lote",
    "status": 404,
    "headers": {
      "content-length": "0",
      "date": "Sat, 07 Feb 2026 14:32:04 GMT",
      "server": "Kestrel"
    }
  }
]
[2026-02-07T14:32:05.278Z] [ERROR  ] [PASSO 402]   ✗ Falha: 404 - Not Found
[2026-02-07T14:32:05.279Z] [ERROR  ] [PASSO 403] Erro ao salvar cards: HTTP 404
[2026-02-07T14:32:05.279Z] [INFO   ] [PASSO 404] ═══════════════════════════════════════════════════════════
[2026-02-07T14:32:05.280Z] [INFO   ] [PASSO 405] RESUMO DA EXTRAÇÃO:
[2026-02-07T14:32:05.280Z] [INFO   ] [PASSO 406]   Total de cards processados: 75
[2026-02-07T14:32:05.281Z] [INFO   ] [PASSO 407]   Cards inseridos no banco: 0
[2026-02-07T14:32:05.281Z] [INFO   ] [PASSO 408]   Timestamp: 2026-02-07T14:32:02.096Z
[2026-02-07T14:32:05.281Z] [SUCCESS] [PASSO 409] Extraídos 75 cards com sucesso
[2026-02-07T14:32:05.282Z] [INFO   ] [PASSO 410] Card 1: Ambas Marcam Sim (ambs) | Percentual: (100.00%) | SG: 0 | G1: 0 | G2: 0
[2026-02-07T14:32:05.282Z] [INFO   ] [PASSO 411] Card 2: Casa Marca Sim (cms) | Percentual: (100.00%) | SG: 0 | G1: 0 | G2: 0
[2026-02-07T14:32:05.283Z] [INFO   ] [PASSO 412] Card 3: Visitante Marca Sim (vms) | Percentual: (100.00%) | SG: 0 | G1: 0 | G2: 0
[2026-02-07T14:32:05.283Z] [INFO   ] [PASSO 413] Card 4: Ambas Não Marcam (ambn) | Percentual: (90.91%) | SG: 0 | G1: 0 | G2: 0
[2026-02-07T14:32:05.284Z] [INFO   ] [PASSO 414] Card 5: Over 2.5 (o25) | Percentual: (86.36%) | SG: 0 | G1: 0 | G2: 0
[2026-02-07T14:32:05.284Z] [INFO   ] [PASSO 415] Card 6: Casa (pmc) | Percentual: (86.36%) | SG: 0 | G1: 0 | G2: 0
[2026-02-07T14:32:05.285Z] [INFO   ] [PASSO 416] Card 7: Visitante Não Marca (vmn) | Percentual: (81.82%) | SG: 0 | G1: 0 | G2: 0
[2026-02-07T14:32:05.285Z] [INFO   ] [PASSO 417] Card 8: Casa (umc) | Percentual: (81.82%) | SG: 0 | G1: 0 | G2: 0
[2026-02-07T14:32:05.285Z] [INFO   ] [PASSO 418] Card 9: [HT] Empate (hte) | Percentual: (77.27%) | SG: 0 | G1: 0 | G2: 0
[2026-02-07T14:32:05.286Z] [INFO   ] [PASSO 419] Card 10: Vencedor Casa (ftc) | Percentual: (72.73%) | SG: 0 | G1: 0 | G2: 0
[2026-02-07T14:32:05.287Z] [INFO   ] [PASSO 420] Card 11: Empate (fte) | Percentual: (72.73%) | SG: 0 | G1: 0 | G2: 0
[2026-02-07T14:32:05.287Z] [INFO   ] [PASSO 421] Card 12: [HT] Vencedor Casa (htc) | Percentual: (72.73%) | SG: 0 | G1: 0 | G2: 0
[2026-02-07T14:32:05.287Z] [INFO   ] [PASSO 422] Card 13: Visitante (pmv) | Percentual: (68.18%) | SG: 0 | G1: 0 | G2: 0
[2026-02-07T14:32:05.288Z] [INFO   ] [PASSO 423] Card 14: Visitante (umv) | Percentual: (68.18%) | SG: 0 | G1: 0 | G2: 0
[2026-02-07T14:32:05.288Z] [INFO   ] [PASSO 424] Card 15: 0x0 HT (ht00) | Percentual: (63.64%) | SG: 0 | G1: 0 | G2: 0
[2026-02-07T14:32:05.289Z] [INFO   ] [PASSO 425] Card 16: 2 Gols (ge2) | Percentual: (59.09%) | SG: 0 | G1: 0 | G2: 0
[2026-02-07T14:32:05.289Z] [INFO   ] [PASSO 426] Card 17: 1x0 HT (ht10) | Percentual: (59.09%) | SG: 0 | G1: 0 | G2: 0
[2026-02-07T14:32:05.290Z] [INFO   ] [PASSO 427] Card 18: Resultado Empate / Ambas Sim (reas) | Percentual: (59.09%) | SG: 0 | G1: 0 | G2: 0
[2026-02-07T14:32:05.290Z] [INFO   ] [PASSO 428] Card 19: Over 3.5 (o35) | Percentual: (54.55%) | SG: 0 | G1: 0 | G2: 0
[2026-02-07T14:32:05.291Z] [INFO   ] [PASSO 429] Card 20: 3 Gols (ge3) | Percentual: (54.55%) | SG: 0 | G1: 0 | G2: 0
[2026-02-07T14:32:05.291Z] [INFO   ] [PASSO 430] Card 21: Resultado Casa / Ambas Não (rcan) | Percentual: (54.55%) | SG: 0 | G1: 0 | G2: 0
[2026-02-07T14:32:05.292Z] [INFO   ] [PASSO 431] Card 22: [HT] Vencedor Visitante (htv) | Percentual: (50.00%) | SG: 0 | G1: 0 | G2: 0
[2026-02-07T14:32:05.292Z] [INFO   ] [PASSO 432] Card 23: Resultado Casa / Ambas Sim (rcas) | Percentual: (50.00%) | SG: 0 | G1: 0 | G2: 0
[2026-02-07T14:32:05.293Z] [INFO   ] [PASSO 433] Card 24: Casa Não Marca (cmn) | Percentual: (45.45%) | SG: 0 | G1: 0 | G2: 0
[2026-02-07T14:32:05.293Z] [INFO   ] [PASSO 434] Card 25: Vencedor Visitante (ftv) | Percentual: (45.45%) | SG: 0 | G1: 0 | G2: 0
[2026-02-07T14:32:05.294Z] [INFO   ] [PASSO 435] Card 26: 1 Gols (ge1) | Percentual: (45.45%) | SG: 0 | G1: 0 | G2: 0
[2026-02-07T14:32:05.294Z] [INFO   ] [PASSO 436] Card 27: 4 Gols (ge4) | Percentual: (45.45%) | SG: 0 | G1: 0 | G2: 0
[2026-02-07T14:32:05.294Z] [INFO   ] [PASSO 437] Card 28: 1x1 FT (ft11) | Percentual: (36.36%) | SG: 0 | G1: 0 | G2: 0
[2026-02-07T14:32:05.295Z] [INFO   ] [PASSO 438] Card 29: 1x1 HT (ht11) | Percentual: (36.36%) | SG: 0 | G1: 0 | G2: 0
[2026-02-07T14:32:05.295Z] [INFO   ] [PASSO 439] Card 30: 0x1 HT (ht01) | Percentual: (36.36%) | SG: 0 | G1: 0 | G2: 0
[2026-02-07T14:32:05.296Z] [INFO   ] [PASSO 440] Card 31: 0 Gols (ge0) | Percentual: (31.82%) | SG: 0 | G1: 0 | G2: 0
[2026-02-07T14:32:05.296Z] [INFO   ] [PASSO 441] Card 32: 1x0 FT (ft10) | Percentual: (31.82%) | SG: 0 | G1: 0 | G2: 0
[2026-02-07T14:32:05.297Z] [INFO   ] [PASSO 442] Card 33: 0x0 FT (ft00) | Percentual: (31.82%) | SG: 0 | G1: 0 | G2: 0
[2026-02-07T14:32:05.297Z] [INFO   ] [PASSO 443] Card 34: 2x0 HT (ht20) | Percentual: (31.82%) | SG: 0 | G1: 0 | G2: 0
[2026-02-07T14:32:05.298Z] [INFO   ] [PASSO 444] Card 35: Resultado Visitante / Ambas Sim (rvas) | Percentual: (31.82%) | SG: 0 | G1: 0 | G2: 0
[2026-02-07T14:32:05.298Z] [INFO   ] [PASSO 445] Card 36: Resultado Empate / Ambas Não (rean) | Percentual: (31.82%) | SG: 0 | G1: 0 | G2: 0
[2026-02-07T14:32:05.299Z] [INFO   ] [PASSO 446] Card 37: 2x1 FT (ft21) | Percentual: (27.27%) | SG: 0 | G1: 0 | G2: 0
[2026-02-07T14:32:05.299Z] [INFO   ] [PASSO 447] Card 38: Resultado Visitante / Ambas Não (rvan) | Percentual: (27.27%) | SG: 0 | G1: 0 | G2: 0
[2026-02-07T14:32:05.300Z] [INFO   ] [PASSO 448] Card 39: Over 5+ (o50) | Percentual: (22.73%) | SG: 0 | G1: 0 | G2: 0
[2026-02-07T14:32:05.300Z] [INFO   ] [PASSO 449] Card 40: 2x0 FT (ft20) | Percentual: (22.73%) | SG: 0 | G1: 0 | G2: 0
[2026-02-07T14:32:05.300Z] [INFO   ] [PASSO 450] Card 41: 3x1 FT (ft31) | Percentual: (18.18%) | SG: 0 | G1: 0 | G2: 0
[2026-02-07T14:32:05.301Z] [INFO   ] [PASSO 451] Card 42: 2x2 FT (ft22) | Percentual: (18.18%) | SG: 0 | G1: 0 | G2: 0
[2026-02-07T14:32:05.301Z] [INFO   ] [PASSO 452] Card 43: 1x2 FT (ft12) | Percentual: (18.18%) | SG: 0 | G1: 0 | G2: 0
[2026-02-07T14:32:05.302Z] [INFO   ] [PASSO 453] Card 44: Outros HT (out) | Percentual: (18.18%) | SG: 0 | G1: 0 | G2: 0
[2026-02-07T14:32:05.303Z] [INFO   ] [PASSO 454] Card 45: 5+ Gols (ge5) | Percentual: (13.64%) | SG: 0 | G1: 0 | G2: 0
[2026-02-07T14:32:05.303Z] [INFO   ] [PASSO 455] Card 46: 0x1 FT (ft01) | Percentual: (13.64%) | SG: 0 | G1: 0 | G2: 0
[2026-02-07T14:32:05.304Z] [INFO   ] [PASSO 456] Card 47: 0x2 HT (ht02) | Percentual: (13.64%) | SG: 0 | G1: 0 | G2: 0
[2026-02-07T14:32:05.304Z] [INFO   ] [PASSO 457] Card 48: 4x0 FT (ft40) | Percentual: (9.09%) | SG: 0 | G1: 0 | G2: 0
[2026-02-07T14:32:05.305Z] [INFO   ] [PASSO 458] Card 49: 0x3 FT (ft03) | Percentual: (9.09%) | SG: 0 | G1: 0 | G2: 0
[2026-02-07T14:32:05.305Z] [INFO   ] [PASSO 459] Card 50: 1x3 FT (ft13) | Percentual: (9.09%) | SG: 0 | G1: 0 | G2: 0
[2026-02-07T14:32:05.305Z] [INFO   ] [PASSO 460] Card 51: 2x3 FT (ft23) | Percentual: (9.09%) | SG: 0 | G1: 0 | G2: 0
[2026-02-07T14:32:05.306Z] [INFO   ] [PASSO 461] Card 52: Viradinha (vira) | Percentual: (9.09%) | SG: 0 | G1: 0 | G2: 0
[2026-02-07T14:32:05.306Z] [INFO   ] [PASSO 462] Card 53: 4x2 FT (ft42) | Percentual: (4.55%) | SG: 0 | G1: 0 | G2: 0
[2026-02-07T14:32:05.307Z] [INFO   ] [PASSO 463] Card 54: 5+ Casa (ft50_c) | Percentual: (4.55%) | SG: 0 | G1: 0 | G2: 0
[2026-02-07T14:32:05.307Z] [INFO   ] [PASSO 464] Card 55: 3x3 FT (ft33) | Percentual: (4.55%) | SG: 0 | G1: 0 | G2: 0
[2026-02-07T14:32:05.308Z] [INFO   ] [PASSO 465] Card 56: 5+ Empate (ft50_e) | Percentual: (4.55%) | SG: 0 | G1: 0 | G2: 0
[2026-02-07T14:32:05.308Z] [INFO   ] [PASSO 466] Card 57: 0x2 FT (ft02) | Percentual: (4.55%) | SG: 0 | G1: 0 | G2: 0
[2026-02-07T14:32:05.309Z] [INFO   ] [PASSO 467] Card 58: 3x0 FT (ft30) | Percentual: (0.00%) | SG: 0 | G1: 0 | G2: 0
[2026-02-07T14:32:05.309Z] [INFO   ] [PASSO 468] Card 59: 3x2 FT (ft32) | Percentual: (0.00%) | SG: 0 | G1: 0 | G2: 0
[2026-02-07T14:32:05.310Z] [INFO   ] [PASSO 469] Card 60: 4x1 FT (ft41) | Percentual: (0.00%) | SG: 0 | G1: 0 | G2: 0
[2026-02-07T14:32:05.310Z] [INFO   ] [PASSO 470] Card 61: 4x3 FT (ft43) | Percentual: (0.00%) | SG: 0 | G1: 0 | G2: 0
[2026-02-07T14:32:05.311Z] [INFO   ] [PASSO 471] Card 62: 4x4 FT (ft44) | Percentual: (0.00%) | SG: 0 | G1: 0 | G2: 0
[2026-02-07T14:32:05.311Z] [INFO   ] [PASSO 472] Card 63: 0x4 FT (ft04) | Percentual: (0.00%) | SG: 0 | G1: 0 | G2: 0
[2026-02-07T14:32:05.312Z] [INFO   ] [PASSO 473] Card 64: 1x4 FT (ft14) | Percentual: (0.00%) | SG: 0 | G1: 0 | G2: 0
[2026-02-07T14:32:05.312Z] [INFO   ] [PASSO 474] Card 65: 2x4 FT (ft24) | Percentual: (0.00%) | SG: 0 | G1: 0 | G2: 0
[2026-02-07T14:32:05.313Z] [INFO   ] [PASSO 475] Card 66: 3x4 FT (ft34) | Percentual: (0.00%) | SG: 0 | G1: 0 | G2: 0
[2026-02-07T14:32:05.313Z] [INFO   ] [PASSO 476] Card 67: 5+ Visitante (ft50_f) | Percentual: (0.00%) | SG: 0 | G1: 0 | G2: 0
[2026-02-07T14:32:05.313Z] [INFO   ] [PASSO 477] Card 68: Handicap Casa (hac) | Percentual: (0.00%) | SG: 0 | G1: 0 | G2: 0
[2026-02-07T14:32:05.314Z] [INFO   ] [PASSO 478] Card 69: Handicap Visitante (hav) | Percentual: (0.00%) | SG: 0 | G1: 0 | G2: 0
[2026-02-07T14:32:05.314Z] [INFO   ] [PASSO 479] Card 70: Over 0.5 (o05) | Percentual: (100.00%) | SG: 0 | G1: 0 | G2: 0
[2026-02-07T14:32:05.315Z] [INFO   ] [PASSO 480] Card 71: Over 1.5 (o15) | Percentual: (100.00%) | SG: 0 | G1: 0 | G2: 0
[2026-02-07T14:32:05.315Z] [INFO   ] [PASSO 481] Card 72: Under 3.5 (u35) | Percentual: (95.45%) | SG: 0 | G1: 0 | G2: 0
[2026-02-07T14:32:05.316Z] [INFO   ] [PASSO 482] Card 73: Under 2.5 (u25) | Percentual: (90.91%) | SG: 0 | G1: 0 | G2: 0
[2026-02-07T14:32:05.316Z] [INFO   ] [PASSO 483] Card 74: Under 1.5 (u15) | Percentual: (72.73%) | SG: 0 | G1: 0 | G2: 0
[2026-02-07T14:32:05.317Z] [INFO   ] [PASSO 484] Card 75: Under 0.5 (u05) | Percentual: (31.82%) | SG: 0 | G1: 0 | G2: 0
[2026-02-07T14:32:05.317Z] [SUCCESS] [PASSO 485] ========================================
[2026-02-07T14:32:05.317Z] [SUCCESS] [PASSO 486] BUSCADOR DE PADRÕES CONCLUÍDO COM SUCESSO!
[2026-02-07T14:32:05.318Z] [SUCCESS] [PASSO 487] ========================================
[2026-02-07T14:32:05.665Z] [INFO   ] [PASSO 488] Browser fechado
[2026-02-07T14:32:05.666Z] [INFO   ] [PASSO 489] ========================================
[2026-02-07T14:32:05.666Z] [INFO   ] [PASSO 490] ROBÔ FINALIZADO
[2026-02-07T14:32:05.667Z] [INFO   ] [PASSO 491] Total de passos: 490
[2026-02-07T14:32:05.667Z] [INFO   ] [PASSO 492] ========================================
[2026-02-07T17:07:25.643Z] [INFO   ] [PASSO 1] ========================================
[2026-02-07T17:07:25.644Z] [INFO   ] [PASSO 2] INICIANDO BB TIPS ROBOT
[2026-02-07T17:07:25.644Z] [INFO   ] [PASSO 3] ========================================
[2026-02-07T17:07:25.645Z] [INFO   ] [PASSO 4] URL Base (BB Tips): https://app.bbtips.com.br
[2026-02-07T17:07:25.645Z] [INFO   ] [PASSO 5] API URL (Banco): http://localhost:5000
[2026-02-07T17:07:25.646Z] [INFO   ] [PASSO 6] Email: ****@***.***
[2026-02-07T17:07:25.646Z] [INFO   ] [PASSO 7] Inicializando browser...
[2026-02-07T17:07:27.297Z] [SUCCESS] [PASSO 8] Browser iniciado com sucesso
[2026-02-07T17:07:27.298Z] [INFO   ] [PASSO 9] ---------------------------------------
[2026-02-07T17:07:27.299Z] [INFO   ] [PASSO 10] INICIANDO LOGIN
[2026-02-07T17:07:27.299Z] [INFO   ] [PASSO 11] ---------------------------------------
[2026-02-07T17:07:27.300Z] [INFO   ] [PASSO 12] Navegando para: https://app.bbtips.com.br/login
[2026-02-07T17:07:32.524Z] [DEBUG  ] [PASSO 13] Título da página: BB Tips
[2026-02-07T17:07:32.525Z] [INFO   ] [PASSO 14] Procurando campo de email...
[2026-02-07T17:07:32.811Z] [SUCCESS] [PASSO 15] Campo de email encontrado
[2026-02-07T17:07:32.931Z] [INFO   ] [PASSO 16] Email preenchido
[2026-02-07T17:07:32.931Z] [INFO   ] [PASSO 17] Procurando campo de senha...
[2026-02-07T17:07:32.936Z] [SUCCESS] [PASSO 18] Campo de senha encontrado
[2026-02-07T17:07:32.967Z] [INFO   ] [PASSO 19] Senha preenchida
[2026-02-07T17:07:32.968Z] [INFO   ] [PASSO 20] Procurando botão de login...
[2026-02-07T17:07:32.974Z] [SUCCESS] [PASSO 21] Botão de login encontrado: "Entrar"
[2026-02-07T17:07:33.006Z] [INFO   ] [PASSO 22] Clicou no botão de login, aguardando...
[2026-02-07T17:07:38.018Z] [INFO   ] [PASSO 23] URL atual: https://app.bbtips.com.br/inicio
[2026-02-07T17:07:38.019Z] [SUCCESS] [PASSO 24] Login realizado com sucesso!
[2026-02-07T17:07:38.019Z] [INFO   ] [PASSO 25] URL após login: https://app.bbtips.com.br/inicio
[2026-02-07T17:07:38.021Z] [INFO   ] [PASSO 26] ---------------------------------------
[2026-02-07T17:07:38.021Z] [INFO   ] [PASSO 27] EXECUTANDO BUSCADOR DE PADRÕES
[2026-02-07T17:07:38.021Z] [INFO   ] [PASSO 28] ---------------------------------------
[2026-02-07T17:07:38.022Z] [INFO   ] [PASSO 29] URL Base do robô: https://app.bbtips.com.br
[2026-02-07T17:07:38.022Z] [INFO   ] [PASSO 30] Navegando para: https://app.bbtips.com.br/bots/novo
[2026-02-07T17:07:38.023Z] [DEBUG  ] [PASSO 31] URL atual antes de navegar: https://app.bbtips.com.br/inicio
[2026-02-07T17:07:39.643Z] [DEBUG  ] [PASSO 32] URL após navegar: https://app.bbtips.com.br/bots/novo
[2026-02-07T17:07:42.671Z] [DEBUG  ] [PASSO 33] Conteúdo da página: 23/02/2026
 Bet365 
 Betano 
 Kiron
 SportingBet
 Aviator 
 Blaze 
 Roletas
 Luiz Silva 
Criar Novo Robô
Layout Antigo
Público
Selecione a Liga que deseja atuar
TodasCopaEuroSuperPremier
Nome
Chat
×[B...
[2026-02-07T17:07:42.671Z] [INFO   ] [PASSO 34] Procurando botão Buscar Padrões...
[2026-02-07T17:07:42.677Z] [SUCCESS] [PASSO 35] Botão Buscar Padrões encontrado: "Buscador de Padrões 🤖"
[2026-02-07T17:07:44.720Z] [INFO   ] [PASSO 36] Procurando campo Máximo Pulos...
[2026-02-07T17:07:44.723Z] [WARN   ] [PASSO 37] Campo Máximo Pulos não encontrado via ng-select
[2026-02-07T17:07:44.726Z] [WARN   ] [PASSO 38] Campo Máximo Pulos não encontrado
[2026-02-07T17:07:44.726Z] [INFO   ] [PASSO 39] Procurando botão Buscar no modal...
[2026-02-07T17:07:44.730Z] [SUCCESS] [PASSO 40] Botão Buscar encontrado: "Buscar"
[2026-02-07T17:07:44.758Z] [INFO   ] [PASSO 41] Clicou em Buscar, aguardando resultados...
[2026-02-07T17:07:49.762Z] [INFO   ] [PASSO 42] Procurando resultados da busca...
[2026-02-07T17:07:51.768Z] [SUCCESS] [PASSO 43] Quinta tabela encontrada
[2026-02-07T17:07:51.771Z] [INFO   ] [PASSO 44] Clicando na primeira linha da quinta tabela...
[2026-02-07T17:07:52.825Z] [INFO   ] [PASSO 45] Procurando dialog SweetAlert2...
[2026-02-07T17:07:54.344Z] [SUCCESS] [PASSO 46] Modal SweetAlert2 encontrado
[2026-02-07T17:07:54.349Z] [SUCCESS] [PASSO 47] Botão encontrado: "Sim"
[2026-02-07T17:07:54.350Z] [SUCCESS] [PASSO 48] Clicando em "Sim"
[2026-02-07T17:07:54.447Z] [INFO   ] [PASSO 49] Clicou no botão Sim
[2026-02-07T17:07:55.955Z] [INFO   ] [PASSO 50] Procurando elemento para clicar...
[2026-02-07T17:07:56.978Z] [SUCCESS] [PASSO 51] Elemento encontrado
[2026-02-07T17:07:56.999Z] [INFO   ] [PASSO 52] Clicou no elemento div[2]
[2026-02-07T17:07:58.003Z] [INFO   ] [PASSO 53] Procurando span para clicar...
[2026-02-07T17:07:59.024Z] [SUCCESS] [PASSO 54] Span encontrado: "VER MAIS"
[2026-02-07T17:07:59.181Z] [INFO   ] [PASSO 55] Clicou no span
[2026-02-07T17:08:00.188Z] [INFO   ] [PASSO 56] ========================================
[2026-02-07T17:08:00.189Z] [INFO   ] [PASSO 57] EXTRAINDO DADOS DOS CARDS
[2026-02-07T17:08:00.190Z] [INFO   ] [PASSO 58] ========================================
[2026-02-07T17:08:00.190Z] [INFO   ] [PASSO 59] ╔══════════════════════════════════════════════════════════╗
[2026-02-07T17:08:00.191Z] [INFO   ] [PASSO 60] ║          EXTRAÇÃO DE DADOS DOS CARDS (XPath)         ║
[2026-02-07T17:08:00.191Z] [INFO   ] [PASSO 61] ╚══════════════════════════════════════════════════════════╝
[2026-02-07T17:08:00.192Z] [INFO   ] [PASSO 62] Timestamp: 2026-02-07T17:08:00.192Z
[2026-02-07T17:08:02.198Z] [INFO   ] [PASSO 63] ══════════════════════════════════════════════════════════
[2026-02-07T17:08:02.199Z] [INFO   ] [PASSO 64] BUSCA POR CONTAINER DE CARDS:
[2026-02-07T17:08:02.199Z] [INFO   ] [PASSO 65]   XPath Container: /html/body/app-root/div/app-robos-novo/div/div/div[5]/div[1]/div[1]/div[3]/div[3]/div[2]/div[2]/div[1]
[2026-02-07T17:08:02.208Z] [SUCCESS] [PASSO 66] Container encontrado
[2026-02-07T17:08:02.208Z] [INFO   ] [PASSO 67] ══════════════════════════════════════════════════════════
[2026-02-07T17:08:02.209Z] [INFO   ] [PASSO 68] BUSCA POR CARDS DENTRO DO CONTAINER:
[2026-02-07T17:08:02.209Z] [INFO   ] [PASSO 69]   XPath Cards: ./div[not(contains(@class, 'row'))]
[2026-02-07T17:08:02.261Z] [INFO   ] [PASSO 70]   Cards encontrados via XPath: 75
[2026-02-07T17:08:02.261Z] [SUCCESS] [PASSO 71] Total de cards encontrados: 75
[2026-02-07T17:08:02.262Z] [INFO   ] [PASSO 72] ═══════════════════════════════════════════════════════════
[2026-02-07T17:08:02.262Z] [INFO   ] [PASSO 73]   Processando Card 1/75...
[2026-02-07T17:08:02.299Z] [DEBUG  ] [PASSO 74]   ✓ Card 1: Ambas Marcam Sim (ambs) | (100.00%) | SG:0 | G1:0 | G2:0
[2026-02-07T17:08:02.299Z] [INFO   ] [PASSO 75]   ✓ Card 1: Ambas Marcam Sim (ambs) | (100.00%) | SG:0 | G1:0 | G2:0
[2026-02-07T17:08:02.300Z] [INFO   ] [PASSO 76] ═══════════════════════════════════════════════════════════
[2026-02-07T17:08:02.300Z] [INFO   ] [PASSO 77]   Processando Card 2/75...
[2026-02-07T17:08:02.335Z] [DEBUG  ] [PASSO 78]   ✓ Card 2: Casa Marca Sim (cms) | (100.00%) | SG:0 | G1:0 | G2:0
[2026-02-07T17:08:02.335Z] [INFO   ] [PASSO 79]   ✓ Card 2: Casa Marca Sim (cms) | (100.00%) | SG:0 | G1:0 | G2:0
[2026-02-07T17:08:02.336Z] [INFO   ] [PASSO 80] ═══════════════════════════════════════════════════════════
[2026-02-07T17:08:02.336Z] [INFO   ] [PASSO 81]   Processando Card 3/75...
[2026-02-07T17:08:02.369Z] [DEBUG  ] [PASSO 82]   ✓ Card 3: Visitante Marca Sim (vms) | (100.00%) | SG:0 | G1:0 | G2:0
[2026-02-07T17:08:02.369Z] [INFO   ] [PASSO 83]   ✓ Card 3: Visitante Marca Sim (vms) | (100.00%) | SG:0 | G1:0 | G2:0
[2026-02-07T17:08:02.370Z] [INFO   ] [PASSO 84] ═══════════════════════════════════════════════════════════
[2026-02-07T17:08:02.370Z] [INFO   ] [PASSO 85]   Processando Card 4/75...
[2026-02-07T17:08:02.403Z] [DEBUG  ] [PASSO 86]   ✓ Card 4: Ambas Não Marcam (ambn) | (89.47%) | SG:0 | G1:0 | G2:0
[2026-02-07T17:08:02.403Z] [INFO   ] [PASSO 87]   ✓ Card 4: Ambas Não Marcam (ambn) | (89.47%) | SG:0 | G1:0 | G2:0
[2026-02-07T17:08:02.404Z] [INFO   ] [PASSO 88] ═══════════════════════════════════════════════════════════
[2026-02-07T17:08:02.404Z] [INFO   ] [PASSO 89]   Processando Card 5/75...
[2026-02-07T17:08:02.449Z] [DEBUG  ] [PASSO 90]   ✓ Card 5: Over 2.5 (o25) | (84.21%) | SG:0 | G1:0 | G2:0
[2026-02-07T17:08:02.450Z] [INFO   ] [PASSO 91]   ✓ Card 5: Over 2.5 (o25) | (84.21%) | SG:0 | G1:0 | G2:0
[2026-02-07T17:08:02.450Z] [INFO   ] [PASSO 92] ═══════════════════════════════════════════════════════════
[2026-02-07T17:08:02.451Z] [INFO   ] [PASSO 93]   Processando Card 6/75...
[2026-02-07T17:08:02.509Z] [DEBUG  ] [PASSO 94]   ✓ Card 6: Visitante Não Marca (vmn) | (84.21%) | SG:0 | G1:0 | G2:0
[2026-02-07T17:08:02.510Z] [INFO   ] [PASSO 95]   ✓ Card 6: Visitante Não Marca (vmn) | (84.21%) | SG:0 | G1:0 | G2:0
[2026-02-07T17:08:02.510Z] [INFO   ] [PASSO 96] ═══════════════════════════════════════════════════════════
[2026-02-07T17:08:02.511Z] [INFO   ] [PASSO 97]   Processando Card 7/75...
[2026-02-07T17:08:02.560Z] [DEBUG  ] [PASSO 98]   ✓ Card 7: [HT] Empate (hte) | (84.21%) | SG:0 | G1:0 | G2:0
[2026-02-07T17:08:02.564Z] [INFO   ] [PASSO 99]   ✓ Card 7: [HT] Empate (hte) | (84.21%) | SG:0 | G1:0 | G2:0
[2026-02-07T17:08:02.564Z] [INFO   ] [PASSO 100] ═══════════════════════════════════════════════════════════
[2026-02-07T17:08:02.565Z] [INFO   ] [PASSO 101]   Processando Card 8/75...
[2026-02-07T17:08:02.603Z] [DEBUG  ] [PASSO 102]   ✓ Card 8: Casa (pmc) | (84.21%) | SG:0 | G1:0 | G2:0
[2026-02-07T17:08:02.603Z] [INFO   ] [PASSO 103]   ✓ Card 8: Casa (pmc) | (84.21%) | SG:0 | G1:0 | G2:0
[2026-02-07T17:08:02.604Z] [INFO   ] [PASSO 104] ═══════════════════════════════════════════════════════════
[2026-02-07T17:08:02.604Z] [INFO   ] [PASSO 105]   Processando Card 9/75...
[2026-02-07T17:08:02.639Z] [DEBUG  ] [PASSO 106]   ✓ Card 9: Casa (umc) | (78.95%) | SG:0 | G1:0 | G2:0
[2026-02-07T17:08:02.639Z] [INFO   ] [PASSO 107]   ✓ Card 9: Casa (umc) | (78.95%) | SG:0 | G1:0 | G2:0
[2026-02-07T17:08:02.640Z] [INFO   ] [PASSO 108] ═══════════════════════════════════════════════════════════
[2026-02-07T17:08:02.640Z] [INFO   ] [PASSO 109]   Processando Card 10/75...
[2026-02-07T17:08:02.671Z] [DEBUG  ] [PASSO 110]   ✓ Card 10: Empate (fte) | (73.68%) | SG:0 | G1:0 | G2:0
[2026-02-07T17:08:02.672Z] [INFO   ] [PASSO 111]   ✓ Card 10: Empate (fte) | (73.68%) | SG:0 | G1:0 | G2:0
[2026-02-07T17:08:02.672Z] [INFO   ] [PASSO 112] ═══════════════════════════════════════════════════════════
[2026-02-07T17:08:02.673Z] [INFO   ] [PASSO 113]   Processando Card 11/75...
[2026-02-07T17:08:02.705Z] [DEBUG  ] [PASSO 114]   ✓ Card 11: Visitante (umv) | (73.68%) | SG:0 | G1:0 | G2:0
[2026-02-07T17:08:02.705Z] [INFO   ] [PASSO 115]   ✓ Card 11: Visitante (umv) | (73.68%) | SG:0 | G1:0 | G2:0
[2026-02-07T17:08:02.706Z] [INFO   ] [PASSO 116] ═══════════════════════════════════════════════════════════
[2026-02-07T17:08:02.706Z] [INFO   ] [PASSO 117]   Processando Card 12/75...
[2026-02-07T17:08:02.739Z] [DEBUG  ] [PASSO 118]   ✓ Card 12: Vencedor Casa (ftc) | (68.42%) | SG:0 | G1:0 | G2:0
[2026-02-07T17:08:02.739Z] [INFO   ] [PASSO 119]   ✓ Card 12: Vencedor Casa (ftc) | (68.42%) | SG:0 | G1:0 | G2:0
[2026-02-07T17:08:02.740Z] [INFO   ] [PASSO 120] ═══════════════════════════════════════════════════════════
[2026-02-07T17:08:02.740Z] [INFO   ] [PASSO 121]   Processando Card 13/75...
[2026-02-07T17:08:02.771Z] [DEBUG  ] [PASSO 122]   ✓ Card 13: 0x0 HT (ht00) | (68.42%) | SG:0 | G1:0 | G2:0
[2026-02-07T17:08:02.772Z] [INFO   ] [PASSO 123]   ✓ Card 13: 0x0 HT (ht00) | (68.42%) | SG:0 | G1:0 | G2:0
[2026-02-07T17:08:02.772Z] [INFO   ] [PASSO 124] ═══════════════════════════════════════════════════════════
[2026-02-07T17:08:02.773Z] [INFO   ] [PASSO 125]   Processando Card 14/75...
[2026-02-07T17:08:02.806Z] [DEBUG  ] [PASSO 126]   ✓ Card 14: Visitante (pmv) | (68.42%) | SG:0 | G1:0 | G2:0
[2026-02-07T17:08:02.806Z] [INFO   ] [PASSO 127]   ✓ Card 14: Visitante (pmv) | (68.42%) | SG:0 | G1:0 | G2:0
[2026-02-07T17:08:02.806Z] [INFO   ] [PASSO 128] ═══════════════════════════════════════════════════════════
[2026-02-07T17:08:02.807Z] [INFO   ] [PASSO 129]   Processando Card 15/75...
[2026-02-07T17:08:02.849Z] [DEBUG  ] [PASSO 130]   ✓ Card 15: [HT] Vencedor Casa (htc) | (63.16%) | SG:0 | G1:0 | G2:0
[2026-02-07T17:08:02.850Z] [INFO   ] [PASSO 131]   ✓ Card 15: [HT] Vencedor Casa (htc) | (63.16%) | SG:0 | G1:0 | G2:0
[2026-02-07T17:08:02.850Z] [INFO   ] [PASSO 132] ═══════════════════════════════════════════════════════════
[2026-02-07T17:08:02.851Z] [INFO   ] [PASSO 133]   Processando Card 16/75...
[2026-02-07T17:08:02.893Z] [DEBUG  ] [PASSO 134]   ✓ Card 16: 2 Gols (ge2) | (63.16%) | SG:0 | G1:0 | G2:0
[2026-02-07T17:08:02.893Z] [INFO   ] [PASSO 135]   ✓ Card 16: 2 Gols (ge2) | (63.16%) | SG:0 | G1:0 | G2:0
[2026-02-07T17:08:02.893Z] [INFO   ] [PASSO 136] ═══════════════════════════════════════════════════════════
[2026-02-07T17:08:02.894Z] [INFO   ] [PASSO 137]   Processando Card 17/75...
[2026-02-07T17:08:02.934Z] [DEBUG  ] [PASSO 138]   ✓ Card 17: Over 3.5 (o35) | (57.89%) | SG:0 | G1:0 | G2:0
[2026-02-07T17:08:02.935Z] [INFO   ] [PASSO 139]   ✓ Card 17: Over 3.5 (o35) | (57.89%) | SG:0 | G1:0 | G2:0
[2026-02-07T17:08:02.935Z] [INFO   ] [PASSO 140] ═══════════════════════════════════════════════════════════
[2026-02-07T17:08:02.936Z] [INFO   ] [PASSO 141]   Processando Card 18/75...
[2026-02-07T17:08:02.968Z] [DEBUG  ] [PASSO 142]   ✓ Card 18: Resultado Empate / Ambas Sim (reas) | (57.89%) | SG:0 | G1:0 | G2:0
[2026-02-07T17:08:02.969Z] [INFO   ] [PASSO 143]   ✓ Card 18: Resultado Empate / Ambas Sim (reas) | (57.89%) | SG:0 | G1:0 | G2:0
[2026-02-07T17:08:02.969Z] [INFO   ] [PASSO 144] ═══════════════════════════════════════════════════════════
[2026-02-07T17:08:02.970Z] [INFO   ] [PASSO 145]   Processando Card 19/75...
[2026-02-07T17:08:03.003Z] [DEBUG  ] [PASSO 146]   ✓ Card 19: Casa Não Marca (cmn) | (52.63%) | SG:0 | G1:0 | G2:0
[2026-02-07T17:08:03.003Z] [INFO   ] [PASSO 147]   ✓ Card 19: Casa Não Marca (cmn) | (52.63%) | SG:0 | G1:0 | G2:0
[2026-02-07T17:08:03.003Z] [INFO   ] [PASSO 148] ═══════════════════════════════════════════════════════════
[2026-02-07T17:08:03.004Z] [INFO   ] [PASSO 149]   Processando Card 20/75...
[2026-02-07T17:08:03.036Z] [DEBUG  ] [PASSO 150]   ✓ Card 20: [HT] Vencedor Visitante (htv) | (52.63%) | SG:0 | G1:0 | G2:0
[2026-02-07T17:08:03.036Z] [INFO   ] [PASSO 151]   ✓ Card 20: [HT] Vencedor Visitante (htv) | (52.63%) | SG:0 | G1:0 | G2:0
[2026-02-07T17:08:03.037Z] [INFO   ] [PASSO 152] ═══════════════════════════════════════════════════════════
[2026-02-07T17:08:03.037Z] [INFO   ] [PASSO 153]   Processando Card 21/75...
[2026-02-07T17:08:03.069Z] [DEBUG  ] [PASSO 154]   ✓ Card 21: Resultado Casa / Ambas Não (rcan) | (52.63%) | SG:0 | G1:0 | G2:0
[2026-02-07T17:08:03.069Z] [INFO   ] [PASSO 155]   ✓ Card 21: Resultado Casa / Ambas Não (rcan) | (52.63%) | SG:0 | G1:0 | G2:0
[2026-02-07T17:08:03.069Z] [INFO   ] [PASSO 156] ═══════════════════════════════════════════════════════════
[2026-02-07T17:08:03.070Z] [INFO   ] [PASSO 157]   Processando Card 22/75...
[2026-02-07T17:08:03.103Z] [DEBUG  ] [PASSO 158]   ✓ Card 22: Vencedor Visitante (ftv) | (47.37%) | SG:0 | G1:0 | G2:0
[2026-02-07T17:08:03.103Z] [INFO   ] [PASSO 159]   ✓ Card 22: Vencedor Visitante (ftv) | (47.37%) | SG:0 | G1:0 | G2:0
[2026-02-07T17:08:03.103Z] [INFO   ] [PASSO 160] ═══════════════════════════════════════════════════════════
[2026-02-07T17:08:03.104Z] [INFO   ] [PASSO 161]   Processando Card 23/75...
[2026-02-07T17:08:03.135Z] [DEBUG  ] [PASSO 162]   ✓ Card 23: 3 Gols (ge3) | (47.37%) | SG:0 | G1:0 | G2:0
[2026-02-07T17:08:03.136Z] [INFO   ] [PASSO 163]   ✓ Card 23: 3 Gols (ge3) | (47.37%) | SG:0 | G1:0 | G2:0
[2026-02-07T17:08:03.136Z] [INFO   ] [PASSO 164] ═══════════════════════════════════════════════════════════
[2026-02-07T17:08:03.136Z] [INFO   ] [PASSO 165]   Processando Card 24/75...
[2026-02-07T17:08:03.174Z] [DEBUG  ] [PASSO 166]   ✓ Card 24: 1x0 HT (ht10) | (47.37%) | SG:0 | G1:0 | G2:0
[2026-02-07T17:08:03.175Z] [INFO   ] [PASSO 167]   ✓ Card 24: 1x0 HT (ht10) | (47.37%) | SG:0 | G1:0 | G2:0
[2026-02-07T17:08:03.175Z] [INFO   ] [PASSO 168] ═══════════════════════════════════════════════════════════
[2026-02-07T17:08:03.176Z] [INFO   ] [PASSO 169]   Processando Card 25/75...
[2026-02-07T17:08:03.210Z] [DEBUG  ] [PASSO 170]   ✓ Card 25: 1 Gols (ge1) | (42.11%) | SG:0 | G1:0 | G2:0
[2026-02-07T17:08:03.211Z] [INFO   ] [PASSO 171]   ✓ Card 25: 1 Gols (ge1) | (42.11%) | SG:0 | G1:0 | G2:0
[2026-02-07T17:08:03.211Z] [INFO   ] [PASSO 172] ═══════════════════════════════════════════════════════════
[2026-02-07T17:08:03.211Z] [INFO   ] [PASSO 173]   Processando Card 26/75...
[2026-02-07T17:08:03.243Z] [DEBUG  ] [PASSO 174]   ✓ Card 26: 4 Gols (ge4) | (42.11%) | SG:0 | G1:0 | G2:0
[2026-02-07T17:08:03.244Z] [INFO   ] [PASSO 175]   ✓ Card 26: 4 Gols (ge4) | (42.11%) | SG:0 | G1:0 | G2:0
[2026-02-07T17:08:03.244Z] [INFO   ] [PASSO 176] ═══════════════════════════════════════════════════════════
[2026-02-07T17:08:03.244Z] [INFO   ] [PASSO 177]   Processando Card 27/75...
[2026-02-07T17:08:03.277Z] [DEBUG  ] [PASSO 178]   ✓ Card 27: Resultado Casa / Ambas Sim (rcas) | (42.11%) | SG:0 | G1:0 | G2:0
[2026-02-07T17:08:03.278Z] [INFO   ] [PASSO 179]   ✓ Card 27: Resultado Casa / Ambas Sim (rcas) | (42.11%) | SG:0 | G1:0 | G2:0
[2026-02-07T17:08:03.278Z] [INFO   ] [PASSO 180] ═══════════════════════════════════════════════════════════
[2026-02-07T17:08:03.279Z] [INFO   ] [PASSO 181]   Processando Card 28/75...
[2026-02-07T17:08:03.311Z] [DEBUG  ] [PASSO 182]   ✓ Card 28: 0 Gols (ge0) | (36.84%) | SG:0 | G1:0 | G2:0
[2026-02-07T17:08:03.312Z] [INFO   ] [PASSO 183]   ✓ Card 28: 0 Gols (ge0) | (36.84%) | SG:0 | G1:0 | G2:0
[2026-02-07T17:08:03.312Z] [INFO   ] [PASSO 184] ═══════════════════════════════════════════════════════════
[2026-02-07T17:08:03.312Z] [INFO   ] [PASSO 185]   Processando Card 29/75...
[2026-02-07T17:08:03.345Z] [DEBUG  ] [PASSO 186]   ✓ Card 29: 0x0 FT (ft00) | (36.84%) | SG:0 | G1:0 | G2:0
[2026-02-07T17:08:03.345Z] [INFO   ] [PASSO 187]   ✓ Card 29: 0x0 FT (ft00) | (36.84%) | SG:0 | G1:0 | G2:0
[2026-02-07T17:08:03.346Z] [INFO   ] [PASSO 188] ═══════════════════════════════════════════════════════════
[2026-02-07T17:08:03.346Z] [INFO   ] [PASSO 189]   Processando Card 30/75...
[2026-02-07T17:08:03.388Z] [DEBUG  ] [PASSO 190]   ✓ Card 30: 1x1 FT (ft11) | (36.84%) | SG:0 | G1:0 | G2:0
[2026-02-07T17:08:03.389Z] [INFO   ] [PASSO 191]   ✓ Card 30: 1x1 FT (ft11) | (36.84%) | SG:0 | G1:0 | G2:0
[2026-02-07T17:08:03.390Z] [INFO   ] [PASSO 192] ═══════════════════════════════════════════════════════════
[2026-02-07T17:08:03.390Z] [INFO   ] [PASSO 193]   Processando Card 31/75...
[2026-02-07T17:08:03.422Z] [DEBUG  ] [PASSO 194]   ✓ Card 31: 1x1 HT (ht11) | (36.84%) | SG:0 | G1:0 | G2:0
[2026-02-07T17:08:03.422Z] [INFO   ] [PASSO 195]   ✓ Card 31: 1x1 HT (ht11) | (36.84%) | SG:0 | G1:0 | G2:0
[2026-02-07T17:08:03.423Z] [INFO   ] [PASSO 196] ═══════════════════════════════════════════════════════════
[2026-02-07T17:08:03.423Z] [INFO   ] [PASSO 197]   Processando Card 32/75...
[2026-02-07T17:08:03.459Z] [DEBUG  ] [PASSO 198]   ✓ Card 32: 0x1 HT (ht01) | (36.84%) | SG:0 | G1:0 | G2:0
[2026-02-07T17:08:03.460Z] [INFO   ] [PASSO 199]   ✓ Card 32: 0x1 HT (ht01) | (36.84%) | SG:0 | G1:0 | G2:0
[2026-02-07T17:08:03.460Z] [INFO   ] [PASSO 200] ═══════════════════════════════════════════════════════════
[2026-02-07T17:08:03.461Z] [INFO   ] [PASSO 201]   Processando Card 33/75...
[2026-02-07T17:08:03.492Z] [DEBUG  ] [PASSO 202]   ✓ Card 33: Resultado Visitante / Ambas Sim (rvas) | (36.84%) | SG:0 | G1:0 | G2:0
[2026-02-07T17:08:03.493Z] [INFO   ] [PASSO 203]   ✓ Card 33: Resultado Visitante / Ambas Sim (rvas) | (36.84%) | SG:0 | G1:0 | G2:0
[2026-02-07T17:08:03.493Z] [INFO   ] [PASSO 204] ═══════════════════════════════════════════════════════════
[2026-02-07T17:08:03.493Z] [INFO   ] [PASSO 205]   Processando Card 34/75...
[2026-02-07T17:08:03.524Z] [DEBUG  ] [PASSO 206]   ✓ Card 34: Resultado Empate / Ambas Não (rean) | (36.84%) | SG:0 | G1:0 | G2:0
[2026-02-07T17:08:03.524Z] [INFO   ] [PASSO 207]   ✓ Card 34: Resultado Empate / Ambas Não (rean) | (36.84%) | SG:0 | G1:0 | G2:0
[2026-02-07T17:08:03.525Z] [INFO   ] [PASSO 208] ═══════════════════════════════════════════════════════════
[2026-02-07T17:08:03.525Z] [INFO   ] [PASSO 209]   Processando Card 35/75...
[2026-02-07T17:08:03.560Z] [DEBUG  ] [PASSO 210]   ✓ Card 35: 2x0 HT (ht20) | (31.58%) | SG:0 | G1:0 | G2:0
[2026-02-07T17:08:03.560Z] [INFO   ] [PASSO 211]   ✓ Card 35: 2x0 HT (ht20) | (31.58%) | SG:0 | G1:0 | G2:0
[2026-02-07T17:08:03.561Z] [INFO   ] [PASSO 212] ═══════════════════════════════════════════════════════════
[2026-02-07T17:08:03.561Z] [INFO   ] [PASSO 213]   Processando Card 36/75...
[2026-02-07T17:08:03.610Z] [DEBUG  ] [PASSO 214]   ✓ Card 36: Resultado Visitante / Ambas Não (rvan) | (31.58%) | SG:0 | G1:0 | G2:0
[2026-02-07T17:08:03.614Z] [INFO   ] [PASSO 215]   ✓ Card 36: Resultado Visitante / Ambas Não (rvan) | (31.58%) | SG:0 | G1:0 | G2:0
[2026-02-07T17:08:03.615Z] [INFO   ] [PASSO 216] ═══════════════════════════════════════════════════════════
[2026-02-07T17:08:03.615Z] [INFO   ] [PASSO 217]   Processando Card 37/75...
[2026-02-07T17:08:03.675Z] [DEBUG  ] [PASSO 218]   ✓ Card 37: Over 5+ (o50) | (26.32%) | SG:0 | G1:0 | G2:0
[2026-02-07T17:08:03.675Z] [INFO   ] [PASSO 219]   ✓ Card 37: Over 5+ (o50) | (26.32%) | SG:0 | G1:0 | G2:0
[2026-02-07T17:08:03.676Z] [INFO   ] [PASSO 220] ═══════════════════════════════════════════════════════════
[2026-02-07T17:08:03.676Z] [INFO   ] [PASSO 221]   Processando Card 38/75...
[2026-02-07T17:08:03.728Z] [DEBUG  ] [PASSO 222]   ✓ Card 38: 1x0 FT (ft10) | (26.32%) | SG:0 | G1:0 | G2:0
[2026-02-07T17:08:03.728Z] [INFO   ] [PASSO 223]   ✓ Card 38: 1x0 FT (ft10) | (26.32%) | SG:0 | G1:0 | G2:0
[2026-02-07T17:08:03.729Z] [INFO   ] [PASSO 224] ═══════════════════════════════════════════════════════════
[2026-02-07T17:08:03.729Z] [INFO   ] [PASSO 225]   Processando Card 39/75...
[2026-02-07T17:08:03.773Z] [DEBUG  ] [PASSO 226]   ✓ Card 39: 2x0 FT (ft20) | (26.32%) | SG:0 | G1:0 | G2:0
[2026-02-07T17:08:03.774Z] [INFO   ] [PASSO 227]   ✓ Card 39: 2x0 FT (ft20) | (26.32%) | SG:0 | G1:0 | G2:0
[2026-02-07T17:08:03.774Z] [INFO   ] [PASSO 228] ═══════════════════════════════════════════════════════════
[2026-02-07T17:08:03.775Z] [INFO   ] [PASSO 229]   Processando Card 40/75...
[2026-02-07T17:08:03.809Z] [DEBUG  ] [PASSO 230]   ✓ Card 40: 5+ Gols (ge5) | (21.05%) | SG:0 | G1:0 | G2:0
[2026-02-07T17:08:03.810Z] [INFO   ] [PASSO 231]   ✓ Card 40: 5+ Gols (ge5) | (21.05%) | SG:0 | G1:0 | G2:0
[2026-02-07T17:08:03.810Z] [INFO   ] [PASSO 232] ═══════════════════════════════════════════════════════════
[2026-02-07T17:08:03.811Z] [INFO   ] [PASSO 233]   Processando Card 41/75...
[2026-02-07T17:08:03.843Z] [DEBUG  ] [PASSO 234]   ✓ Card 41: 2x1 FT (ft21) | (21.05%) | SG:0 | G1:0 | G2:0
[2026-02-07T17:08:03.844Z] [INFO   ] [PASSO 235]   ✓ Card 41: 2x1 FT (ft21) | (21.05%) | SG:0 | G1:0 | G2:0
[2026-02-07T17:08:03.844Z] [INFO   ] [PASSO 236] ═══════════════════════════════════════════════════════════
[2026-02-07T17:08:03.845Z] [INFO   ] [PASSO 237]   Processando Card 42/75...
[2026-02-07T17:08:03.877Z] [DEBUG  ] [PASSO 238]   ✓ Card 42: 3x1 FT (ft31) | (21.05%) | SG:0 | G1:0 | G2:0
[2026-02-07T17:08:03.878Z] [INFO   ] [PASSO 239]   ✓ Card 42: 3x1 FT (ft31) | (21.05%) | SG:0 | G1:0 | G2:0
[2026-02-07T17:08:03.878Z] [INFO   ] [PASSO 240] ═══════════════════════════════════════════════════════════
[2026-02-07T17:08:03.878Z] [INFO   ] [PASSO 241]   Processando Card 43/75...
[2026-02-07T17:08:03.912Z] [DEBUG  ] [PASSO 242]   ✓ Card 43: Outros HT (out) | (21.05%) | SG:0 | G1:0 | G2:0
[2026-02-07T17:08:03.913Z] [INFO   ] [PASSO 243]   ✓ Card 43: Outros HT (out) | (21.05%) | SG:0 | G1:0 | G2:0
[2026-02-07T17:08:03.913Z] [INFO   ] [PASSO 244] ═══════════════════════════════════════════════════════════
[2026-02-07T17:08:03.914Z] [INFO   ] [PASSO 245]   Processando Card 44/75...
[2026-02-07T17:08:03.951Z] [DEBUG  ] [PASSO 246]   ✓ Card 44: 2x2 FT (ft22) | (15.79%) | SG:0 | G1:0 | G2:0
[2026-02-07T17:08:03.951Z] [INFO   ] [PASSO 247]   ✓ Card 44: 2x2 FT (ft22) | (15.79%) | SG:0 | G1:0 | G2:0
[2026-02-07T17:08:03.952Z] [INFO   ] [PASSO 248] ═══════════════════════════════════════════════════════════
[2026-02-07T17:08:03.952Z] [INFO   ] [PASSO 249]   Processando Card 45/75...
[2026-02-07T17:08:03.985Z] [DEBUG  ] [PASSO 250]   ✓ Card 45: 0x1 FT (ft01) | (15.79%) | SG:0 | G1:0 | G2:0
[2026-02-07T17:08:03.985Z] [INFO   ] [PASSO 251]   ✓ Card 45: 0x1 FT (ft01) | (15.79%) | SG:0 | G1:0 | G2:0
[2026-02-07T17:08:03.986Z] [INFO   ] [PASSO 252] ═══════════════════════════════════════════════════════════
[2026-02-07T17:08:03.986Z] [INFO   ] [PASSO 253]   Processando Card 46/75...
[2026-02-07T17:08:04.021Z] [DEBUG  ] [PASSO 254]   ✓ Card 46: 1x2 FT (ft12) | (15.79%) | SG:0 | G1:0 | G2:0
[2026-02-07T17:08:04.022Z] [INFO   ] [PASSO 255]   ✓ Card 46: 1x2 FT (ft12) | (15.79%) | SG:0 | G1:0 | G2:0
[2026-02-07T17:08:04.022Z] [INFO   ] [PASSO 256] ═══════════════════════════════════════════════════════════
[2026-02-07T17:08:04.023Z] [INFO   ] [PASSO 257]   Processando Card 47/75...
[2026-02-07T17:08:04.056Z] [DEBUG  ] [PASSO 258]   ✓ Card 47: 2x3 FT (ft23) | (15.79%) | SG:0 | G1:0 | G2:0
[2026-02-07T17:08:04.056Z] [INFO   ] [PASSO 259]   ✓ Card 47: 2x3 FT (ft23) | (15.79%) | SG:0 | G1:0 | G2:0
[2026-02-07T17:08:04.057Z] [INFO   ] [PASSO 260] ═══════════════════════════════════════════════════════════
[2026-02-07T17:08:04.057Z] [INFO   ] [PASSO 261]   Processando Card 48/75...
[2026-02-07T17:08:04.089Z] [DEBUG  ] [PASSO 262]   ✓ Card 48: 0x3 FT (ft03) | (10.53%) | SG:0 | G1:0 | G2:0
[2026-02-07T17:08:04.090Z] [INFO   ] [PASSO 263]   ✓ Card 48: 0x3 FT (ft03) | (10.53%) | SG:0 | G1:0 | G2:0
[2026-02-07T17:08:04.090Z] [INFO   ] [PASSO 264] ═══════════════════════════════════════════════════════════
[2026-02-07T17:08:04.090Z] [INFO   ] [PASSO 265]   Processando Card 49/75...
[2026-02-07T17:08:04.125Z] [DEBUG  ] [PASSO 266]   ✓ Card 49: 1x3 FT (ft13) | (10.53%) | SG:0 | G1:0 | G2:0
[2026-02-07T17:08:04.126Z] [INFO   ] [PASSO 267]   ✓ Card 49: 1x3 FT (ft13) | (10.53%) | SG:0 | G1:0 | G2:0
[2026-02-07T17:08:04.126Z] [INFO   ] [PASSO 268] ═══════════════════════════════════════════════════════════
[2026-02-07T17:08:04.126Z] [INFO   ] [PASSO 269]   Processando Card 50/75...
[2026-02-07T17:08:04.156Z] [DEBUG  ] [PASSO 270]   ✓ Card 50: 0x2 HT (ht02) | (10.53%) | SG:0 | G1:0 | G2:0
[2026-02-07T17:08:04.156Z] [INFO   ] [PASSO 271]   ✓ Card 50: 0x2 HT (ht02) | (10.53%) | SG:0 | G1:0 | G2:0
[2026-02-07T17:08:04.157Z] [INFO   ] [PASSO 272] ═══════════════════════════════════════════════════════════
[2026-02-07T17:08:04.157Z] [INFO   ] [PASSO 273]   Processando Card 51/75...
[2026-02-07T17:08:04.187Z] [DEBUG  ] [PASSO 274]   ✓ Card 51: Viradinha (vira) | (10.53%) | SG:0 | G1:0 | G2:0
[2026-02-07T17:08:04.187Z] [INFO   ] [PASSO 275]   ✓ Card 51: Viradinha (vira) | (10.53%) | SG:0 | G1:0 | G2:0
[2026-02-07T17:08:04.188Z] [INFO   ] [PASSO 276] ═══════════════════════════════════════════════════════════
[2026-02-07T17:08:04.188Z] [INFO   ] [PASSO 277]   Processando Card 52/75...
[2026-02-07T17:08:04.217Z] [DEBUG  ] [PASSO 278]   ✓ Card 52: 4x0 FT (ft40) | (5.26%) | SG:0 | G1:0 | G2:0
[2026-02-07T17:08:04.218Z] [INFO   ] [PASSO 279]   ✓ Card 52: 4x0 FT (ft40) | (5.26%) | SG:0 | G1:0 | G2:0
[2026-02-07T17:08:04.218Z] [INFO   ] [PASSO 280] ═══════════════════════════════════════════════════════════
[2026-02-07T17:08:04.218Z] [INFO   ] [PASSO 281]   Processando Card 53/75...
[2026-02-07T17:08:04.248Z] [DEBUG  ] [PASSO 282]   ✓ Card 53: 5+ Casa (ft50_c) | (5.26%) | SG:0 | G1:0 | G2:0
[2026-02-07T17:08:04.249Z] [INFO   ] [PASSO 283]   ✓ Card 53: 5+ Casa (ft50_c) | (5.26%) | SG:0 | G1:0 | G2:0
[2026-02-07T17:08:04.249Z] [INFO   ] [PASSO 284] ═══════════════════════════════════════════════════════════
[2026-02-07T17:08:04.249Z] [INFO   ] [PASSO 285]   Processando Card 54/75...
[2026-02-07T17:08:04.278Z] [DEBUG  ] [PASSO 286]   ✓ Card 54: 3x3 FT (ft33) | (5.26%) | SG:0 | G1:0 | G2:0
[2026-02-07T17:08:04.279Z] [INFO   ] [PASSO 287]   ✓ Card 54: 3x3 FT (ft33) | (5.26%) | SG:0 | G1:0 | G2:0
[2026-02-07T17:08:04.279Z] [INFO   ] [PASSO 288] ═══════════════════════════════════════════════════════════
[2026-02-07T17:08:04.280Z] [INFO   ] [PASSO 289]   Processando Card 55/75...
[2026-02-07T17:08:04.309Z] [DEBUG  ] [PASSO 290]   ✓ Card 55: 5+ Empate (ft50_e) | (5.26%) | SG:0 | G1:0 | G2:0
[2026-02-07T17:08:04.309Z] [INFO   ] [PASSO 291]   ✓ Card 55: 5+ Empate (ft50_e) | (5.26%) | SG:0 | G1:0 | G2:0
[2026-02-07T17:08:04.309Z] [INFO   ] [PASSO 292] ═══════════════════════════════════════════════════════════
[2026-02-07T17:08:04.310Z] [INFO   ] [PASSO 293]   Processando Card 56/75...
[2026-02-07T17:08:04.339Z] [DEBUG  ] [PASSO 294]   ✓ Card 56: 0x2 FT (ft02) | (5.26%) | SG:0 | G1:0 | G2:0
[2026-02-07T17:08:04.340Z] [INFO   ] [PASSO 295]   ✓ Card 56: 0x2 FT (ft02) | (5.26%) | SG:0 | G1:0 | G2:0
[2026-02-07T17:08:04.340Z] [INFO   ] [PASSO 296] ═══════════════════════════════════════════════════════════
[2026-02-07T17:08:04.340Z] [INFO   ] [PASSO 297]   Processando Card 57/75...
[2026-02-07T17:08:04.370Z] [DEBUG  ] [PASSO 298]   ✓ Card 57: 3x0 FT (ft30) | (0.00%) | SG:0 | G1:0 | G2:0
[2026-02-07T17:08:04.370Z] [INFO   ] [PASSO 299]   ✓ Card 57: 3x0 FT (ft30) | (0.00%) | SG:0 | G1:0 | G2:0
[2026-02-07T17:08:04.371Z] [INFO   ] [PASSO 300] ═══════════════════════════════════════════════════════════
[2026-02-07T17:08:04.371Z] [INFO   ] [PASSO 301]   Processando Card 58/75...
[2026-02-07T17:08:04.401Z] [DEBUG  ] [PASSO 302]   ✓ Card 58: 3x2 FT (ft32) | (0.00%) | SG:0 | G1:0 | G2:0
[2026-02-07T17:08:04.401Z] [INFO   ] [PASSO 303]   ✓ Card 58: 3x2 FT (ft32) | (0.00%) | SG:0 | G1:0 | G2:0
[2026-02-07T17:08:04.402Z] [INFO   ] [PASSO 304] ═══════════════════════════════════════════════════════════
[2026-02-07T17:08:04.402Z] [INFO   ] [PASSO 305]   Processando Card 59/75...
[2026-02-07T17:08:04.432Z] [DEBUG  ] [PASSO 306]   ✓ Card 59: 4x1 FT (ft41) | (0.00%) | SG:0 | G1:0 | G2:0
[2026-02-07T17:08:04.433Z] [INFO   ] [PASSO 307]   ✓ Card 59: 4x1 FT (ft41) | (0.00%) | SG:0 | G1:0 | G2:0
[2026-02-07T17:08:04.433Z] [INFO   ] [PASSO 308] ═══════════════════════════════════════════════════════════
[2026-02-07T17:08:04.433Z] [INFO   ] [PASSO 309]   Processando Card 60/75...
[2026-02-07T17:08:04.466Z] [DEBUG  ] [PASSO 310]   ✓ Card 60: 4x2 FT (ft42) | (0.00%) | SG:0 | G1:0 | G2:0
[2026-02-07T17:08:04.467Z] [INFO   ] [PASSO 311]   ✓ Card 60: 4x2 FT (ft42) | (0.00%) | SG:0 | G1:0 | G2:0
[2026-02-07T17:08:04.467Z] [INFO   ] [PASSO 312] ═══════════════════════════════════════════════════════════
[2026-02-07T17:08:04.468Z] [INFO   ] [PASSO 313]   Processando Card 61/75...
[2026-02-07T17:08:04.500Z] [DEBUG  ] [PASSO 314]   ✓ Card 61: 4x3 FT (ft43) | (0.00%) | SG:0 | G1:0 | G2:0
[2026-02-07T17:08:04.500Z] [INFO   ] [PASSO 315]   ✓ Card 61: 4x3 FT (ft43) | (0.00%) | SG:0 | G1:0 | G2:0
[2026-02-07T17:08:04.501Z] [INFO   ] [PASSO 316] ═══════════════════════════════════════════════════════════
[2026-02-07T17:08:04.501Z] [INFO   ] [PASSO 317]   Processando Card 62/75...
[2026-02-07T17:08:04.533Z] [DEBUG  ] [PASSO 318]   ✓ Card 62: 4x4 FT (ft44) | (0.00%) | SG:0 | G1:0 | G2:0
[2026-02-07T17:08:04.534Z] [INFO   ] [PASSO 319]   ✓ Card 62: 4x4 FT (ft44) | (0.00%) | SG:0 | G1:0 | G2:0
[2026-02-07T17:08:04.534Z] [INFO   ] [PASSO 320] ═══════════════════════════════════════════════════════════
[2026-02-07T17:08:04.534Z] [INFO   ] [PASSO 321]   Processando Card 63/75...
[2026-02-07T17:08:04.567Z] [DEBUG  ] [PASSO 322]   ✓ Card 63: 0x4 FT (ft04) | (0.00%) | SG:0 | G1:0 | G2:0
[2026-02-07T17:08:04.568Z] [INFO   ] [PASSO 323]   ✓ Card 63: 0x4 FT (ft04) | (0.00%) | SG:0 | G1:0 | G2:0
[2026-02-07T17:08:04.568Z] [INFO   ] [PASSO 324] ═══════════════════════════════════════════════════════════
[2026-02-07T17:08:04.568Z] [INFO   ] [PASSO 325]   Processando Card 64/75...
[2026-02-07T17:08:04.601Z] [DEBUG  ] [PASSO 326]   ✓ Card 64: 1x4 FT (ft14) | (0.00%) | SG:0 | G1:0 | G2:0
[2026-02-07T17:08:04.602Z] [INFO   ] [PASSO 327]   ✓ Card 64: 1x4 FT (ft14) | (0.00%) | SG:0 | G1:0 | G2:0
[2026-02-07T17:08:04.602Z] [INFO   ] [PASSO 328] ═══════════════════════════════════════════════════════════
[2026-02-07T17:08:04.602Z] [INFO   ] [PASSO 329]   Processando Card 65/75...
[2026-02-07T17:08:04.634Z] [DEBUG  ] [PASSO 330]   ✓ Card 65: 2x4 FT (ft24) | (0.00%) | SG:0 | G1:0 | G2:0
[2026-02-07T17:08:04.635Z] [INFO   ] [PASSO 331]   ✓ Card 65: 2x4 FT (ft24) | (0.00%) | SG:0 | G1:0 | G2:0
[2026-02-07T17:08:04.635Z] [INFO   ] [PASSO 332] ═══════════════════════════════════════════════════════════
[2026-02-07T17:08:04.635Z] [INFO   ] [PASSO 333]   Processando Card 66/75...
[2026-02-07T17:08:04.672Z] [DEBUG  ] [PASSO 334]   ✓ Card 66: 3x4 FT (ft34) | (0.00%) | SG:0 | G1:0 | G2:0
[2026-02-07T17:08:04.673Z] [INFO   ] [PASSO 335]   ✓ Card 66: 3x4 FT (ft34) | (0.00%) | SG:0 | G1:0 | G2:0
[2026-02-07T17:08:04.673Z] [INFO   ] [PASSO 336] ═══════════════════════════════════════════════════════════
[2026-02-07T17:08:04.673Z] [INFO   ] [PASSO 337]   Processando Card 67/75...
[2026-02-07T17:08:04.704Z] [DEBUG  ] [PASSO 338]   ✓ Card 67: 5+ Visitante (ft50_f) | (0.00%) | SG:0 | G1:0 | G2:0
[2026-02-07T17:08:04.705Z] [INFO   ] [PASSO 339]   ✓ Card 67: 5+ Visitante (ft50_f) | (0.00%) | SG:0 | G1:0 | G2:0
[2026-02-07T17:08:04.705Z] [INFO   ] [PASSO 340] ═══════════════════════════════════════════════════════════
[2026-02-07T17:08:04.706Z] [INFO   ] [PASSO 341]   Processando Card 68/75...
[2026-02-07T17:08:04.734Z] [DEBUG  ] [PASSO 342]   ✓ Card 68: Handicap Casa (hac) | (0.00%) | SG:0 | G1:0 | G2:0
[2026-02-07T17:08:04.735Z] [INFO   ] [PASSO 343]   ✓ Card 68: Handicap Casa (hac) | (0.00%) | SG:0 | G1:0 | G2:0
[2026-02-07T17:08:04.735Z] [INFO   ] [PASSO 344] ═══════════════════════════════════════════════════════════
[2026-02-07T17:08:04.735Z] [INFO   ] [PASSO 345]   Processando Card 69/75...
[2026-02-07T17:08:04.769Z] [DEBUG  ] [PASSO 346]   ✓ Card 69: Handicap Visitante (hav) | (0.00%) | SG:0 | G1:0 | G2:0
[2026-02-07T17:08:04.770Z] [INFO   ] [PASSO 347]   ✓ Card 69: Handicap Visitante (hav) | (0.00%) | SG:0 | G1:0 | G2:0
[2026-02-07T17:08:04.770Z] [INFO   ] [PASSO 348] ═══════════════════════════════════════════════════════════
[2026-02-07T17:08:04.770Z] [INFO   ] [PASSO 349]   Processando Card 70/75...
[2026-02-07T17:08:04.805Z] [DEBUG  ] [PASSO 350]   ✓ Card 70: Over 0.5 (o05) | (100.00%) | SG:0 | G1:0 | G2:0
[2026-02-07T17:08:04.806Z] [INFO   ] [PASSO 351]   ✓ Card 70: Over 0.5 (o05) | (100.00%) | SG:0 | G1:0 | G2:0
[2026-02-07T17:08:04.806Z] [INFO   ] [PASSO 352] ═══════════════════════════════════════════════════════════
[2026-02-07T17:08:04.807Z] [INFO   ] [PASSO 353]   Processando Card 71/75...
[2026-02-07T17:08:04.856Z] [DEBUG  ] [PASSO 354]   ✓ Card 71: Over 1.5 (o15) | (100.00%) | SG:0 | G1:0 | G2:0
[2026-02-07T17:08:04.856Z] [INFO   ] [PASSO 355]   ✓ Card 71: Over 1.5 (o15) | (100.00%) | SG:0 | G1:0 | G2:0
[2026-02-07T17:08:04.857Z] [INFO   ] [PASSO 356] ═══════════════════════════════════════════════════════════
[2026-02-07T17:08:04.857Z] [INFO   ] [PASSO 357]   Processando Card 72/75...
[2026-02-07T17:08:04.913Z] [DEBUG  ] [PASSO 358]   ✓ Card 72: Under 3.5 (u35) | (94.74%) | SG:0 | G1:0 | G2:0
[2026-02-07T17:08:04.916Z] [INFO   ] [PASSO 359]   ✓ Card 72: Under 3.5 (u35) | (94.74%) | SG:0 | G1:0 | G2:0
[2026-02-07T17:08:04.916Z] [INFO   ] [PASSO 360] ═══════════════════════════════════════════════════════════
[2026-02-07T17:08:04.917Z] [INFO   ] [PASSO 361]   Processando Card 73/75...
[2026-02-07T17:08:04.955Z] [DEBUG  ] [PASSO 362]   ✓ Card 73: Under 2.5 (u25) | (89.47%) | SG:0 | G1:0 | G2:0
[2026-02-07T17:08:04.956Z] [INFO   ] [PASSO 363]   ✓ Card 73: Under 2.5 (u25) | (89.47%) | SG:0 | G1:0 | G2:0
[2026-02-07T17:08:04.956Z] [INFO   ] [PASSO 364] ═══════════════════════════════════════════════════════════
[2026-02-07T17:08:04.956Z] [INFO   ] [PASSO 365]   Processando Card 74/75...
[2026-02-07T17:08:04.994Z] [DEBUG  ] [PASSO 366]   ✓ Card 74: Under 1.5 (u15) | (73.68%) | SG:0 | G1:0 | G2:0
[2026-02-07T17:08:04.995Z] [INFO   ] [PASSO 367]   ✓ Card 74: Under 1.5 (u15) | (73.68%) | SG:0 | G1:0 | G2:0
[2026-02-07T17:08:04.995Z] [INFO   ] [PASSO 368] ═══════════════════════════════════════════════════════════
[2026-02-07T17:08:04.996Z] [INFO   ] [PASSO 369]   Processando Card 75/75...
[2026-02-07T17:08:05.028Z] [DEBUG  ] [PASSO 370]   ✓ Card 75: Under 0.5 (u05) | (36.84%) | SG:0 | G1:0 | G2:0
[2026-02-07T17:08:05.029Z] [INFO   ] [PASSO 371]   ✓ Card 75: Under 0.5 (u05) | (36.84%) | SG:0 | G1:0 | G2:0
[2026-02-07T17:08:05.029Z] [INFO   ] [PASSO 372] ═══════════════════════════════════════════════════════════
[2026-02-07T17:08:05.030Z] [INFO   ] [PASSO 373]   RESUMO DA EXTRAÇÃO:
[2026-02-07T17:08:05.030Z] [INFO   ] [PASSO 374]   Total de cards extraídos: 75
[2026-02-07T17:08:05.030Z] [INFO   ] [PASSO 375]   Timestamp: 2026-02-07T17:08:02.262Z
[2026-02-07T17:08:05.031Z] [INFO   ] [PASSO 376] ═══════════════════════════════════════════════════════════
[2026-02-07T17:08:05.031Z] [INFO   ] [PASSO 377] ═══════════════════════════════════════════════════════════
[2026-02-07T17:08:05.032Z] [INFO   ] [PASSO 378] SALVANDO CARDS NO BANCO DE DADOS...
[2026-02-07T17:08:05.032Z] [INFO   ] [PASSO 379]   Total de cards para inserir: 75
[2026-02-07T17:08:05.033Z] [INFO   ] [PASSO 380]   ═══════════════════════════════════════════════════════════════════
[2026-02-07T17:08:05.033Z] [INFO   ] [PASSO 381]   SALVANDO CARDS - NETWORK DO BROWSER
[2026-02-07T17:08:05.034Z] [INFO   ] [PASSO 382]   ═══════════════════════════════════════════════════════════════════
[2026-02-07T17:08:05.034Z] [INFO   ] [PASSO 383]   API URL: http://localhost:5000/api/resultados-cards/inserir-lote
[2026-02-07T17:08:05.034Z] [INFO   ] [PASSO 384]   Total cards: 75
[2026-02-07T17:08:05.035Z] [DEBUG  ] [PASSO 385]   Body Size: 13953 bytes
[2026-02-07T17:08:05.035Z] [DEBUG  ] [PASSO 386]   Body: [
  {
    "titulo": "Ambas Marcam Sim (ambs)",
    "padroes": "19/19",
    "percentual": "(100.00%)",
    "sg": 0,
    "g1": 0,
    "g2": 0,
    "data_hora_busca": "2026-02-07T17:08:02.262Z"
  },
  {
    "titulo": "Casa Marca Sim (cms)",
    "padroes": "19/19",
    "percentual": "(100.00%)",
    "sg": 0,
    "g1": 0,
    "g2": 0,
    "data_hora_busca": "2026-02-07T17:08:02.262Z"
  },
  {
    "titulo": "Visitante Marca Sim (vms)",
    "padroes": "19/19",
    "percentual": "(100.00%)",
    "sg": 0...
[2026-02-07T17:08:05.036Z] [INFO   ] [PASSO 387]   [NETWORK] Listeners registrados
[2026-02-07T17:08:05.036Z] [INFO   ] [PASSO 388]   ═══════════════════════════════════════════════════════════════════
[2026-02-07T17:08:05.036Z] [INFO   ] [PASSO 389]   ENVIANDO POST VIA BROWSER FETCH...
[2026-02-07T17:08:05.037Z] [INFO   ] [PASSO 390]   ═══════════════════════════════════════════════════════════════════
[2026-02-07T17:08:05.042Z] [DEBUG  ] [PASSO 391]   [NETWORK] Request: POST http://localhost:5000/api/resultados-cards/inserir-lote
[2026-02-07T17:08:07.385Z] [ERROR  ] [PASSO 392]   [NETWORK] Failed: http://localhost:5000/api/resultados-cards/inserir-lote -> NO_RESPONSE
[2026-02-07T17:08:07.386Z] [BROWSER-ERROR] [PASSO 393] Console Error: Failed to load resource: net::ERR_CONNECTION_REFUSED
[2026-02-07T17:08:07.386Z] [INFO   ] [PASSO 394]   ═══════════════════════════════════════════════════════════════════
[2026-02-07T17:08:07.387Z] [INFO   ] [PASSO 395]   RESULTADO DA REQUISIÇÃO
[2026-02-07T17:08:07.387Z] [INFO   ] [PASSO 396]   ═══════════════════════════════════════════════════════════════════
[2026-02-07T17:08:07.387Z] [INFO   ] [PASSO 397]   Status: undefined 
[2026-02-07T17:08:07.388Z] [INFO   ] [PASSO 398]   Success: false
[2026-02-07T17:08:07.388Z] [INFO   ] [PASSO 399]   Duration: N/Ams
[2026-02-07T17:08:07.388Z] [ERROR  ] [PASSO 400]   Fetch Error: Failed to fetch
[2026-02-07T17:08:07.389Z] [ERROR  ] [PASSO 401]   Error Name: TypeError
[2026-02-07T17:08:07.389Z] [ERROR  ] [PASSO 402]   Stack: TypeError: Failed to fetch
    at https://app.bbtips.com.br/polyfills-EONH2QZO.js:1:78853
    at _0x359625.<computed> (https://app.bbtips.com.br/polyfills-EONH2QZO.js:1:28980)
    at pptr:evaluate;BBTipsRobo.salvarCardsNoBanco%20(C%3A%5CUsers%5Cluizs%5COneDrive%5CDocumentos%5CGitHub%5Capp-bbtips%5Csrc%5Crobot%5Csrc%5Cservices%5CrobotService.js%3A841%3A46):5:44
[2026-02-07T17:08:07.390Z] [DEBUG  ] [PASSO 403]   Response Body: N/A
[2026-02-07T17:08:07.390Z] [DEBUG  ] [PASSO 404]   Network Logs: [
  {
    "type": "request",
    "url": "http://localhost:5000/api/resultados-cards/inserir-lote",
    "method": "POST",
    "headers": {
      "sec-ch-ua": "\"Chromium\";v=\"121\", \"Not A(Brand\";v=\"99\"",
      "accept": "application/json",
      "content-type": "application/json",
      "referer": "",
      "sec-ch-ua-mobile": "?0",
      "user-agent": "Mozilla/5.0 (Windows NT 10.0; Win64; x64) AppleWebKit/537.36 (KHTML, like Gecko) Chrome/121.0.0.0 Safari/537.36",
      "sec-ch-ua-platform": "\"Windows\""
    }
  },
  {
    "type": "failed",
    "url": "http://localhost:5000/api/resultados-cards/inserir-lote",
    "error": "NO_RESPONSE"
  }
]
[2026-02-07T17:08:07.390Z] [ERROR  ] [PASSO 405]   ✗ Falha: undefined - undefined
[2026-02-07T17:08:07.391Z] [ERROR  ] [PASSO 406] Erro ao salvar cards: Failed to fetch
[2026-02-07T17:08:07.391Z] [INFO   ] [PASSO 407] ═══════════════════════════════════════════════════════════
[2026-02-07T17:08:07.391Z] [INFO   ] [PASSO 408] RESUMO DA EXTRAÇÃO:
[2026-02-07T17:08:07.392Z] [INFO   ] [PASSO 409]   Total de cards processados: 75
[2026-02-07T17:08:07.392Z] [INFO   ] [PASSO 410]   Cards inseridos no banco: 0
[2026-02-07T17:08:07.393Z] [INFO   ] [PASSO 411]   Timestamp: 2026-02-07T17:08:02.262Z
[2026-02-07T17:08:07.393Z] [SUCCESS] [PASSO 412] Extraídos 75 cards com sucesso
[2026-02-07T17:08:07.393Z] [INFO   ] [PASSO 413] Card 1: Ambas Marcam Sim (ambs) | Percentual: (100.00%) | SG: 0 | G1: 0 | G2: 0
[2026-02-07T17:08:07.394Z] [INFO   ] [PASSO 414] Card 2: Casa Marca Sim (cms) | Percentual: (100.00%) | SG: 0 | G1: 0 | G2: 0
[2026-02-07T17:08:07.394Z] [INFO   ] [PASSO 415] Card 3: Visitante Marca Sim (vms) | Percentual: (100.00%) | SG: 0 | G1: 0 | G2: 0
[2026-02-07T17:08:07.394Z] [INFO   ] [PASSO 416] Card 4: Ambas Não Marcam (ambn) | Percentual: (89.47%) | SG: 0 | G1: 0 | G2: 0
[2026-02-07T17:08:07.395Z] [INFO   ] [PASSO 417] Card 5: Over 2.5 (o25) | Percentual: (84.21%) | SG: 0 | G1: 0 | G2: 0
[2026-02-07T17:08:07.395Z] [INFO   ] [PASSO 418] Card 6: Visitante Não Marca (vmn) | Percentual: (84.21%) | SG: 0 | G1: 0 | G2: 0
[2026-02-07T17:08:07.395Z] [INFO   ] [PASSO 419] Card 7: [HT] Empate (hte) | Percentual: (84.21%) | SG: 0 | G1: 0 | G2: 0
[2026-02-07T17:08:07.396Z] [INFO   ] [PASSO 420] Card 8: Casa (pmc) | Percentual: (84.21%) | SG: 0 | G1: 0 | G2: 0
[2026-02-07T17:08:07.396Z] [INFO   ] [PASSO 421] Card 9: Casa (umc) | Percentual: (78.95%) | SG: 0 | G1: 0 | G2: 0
[2026-02-07T17:08:07.397Z] [INFO   ] [PASSO 422] Card 10: Empate (fte) | Percentual: (73.68%) | SG: 0 | G1: 0 | G2: 0
[2026-02-07T17:08:07.397Z] [INFO   ] [PASSO 423] Card 11: Visitante (umv) | Percentual: (73.68%) | SG: 0 | G1: 0 | G2: 0
[2026-02-07T17:08:07.397Z] [INFO   ] [PASSO 424] Card 12: Vencedor Casa (ftc) | Percentual: (68.42%) | SG: 0 | G1: 0 | G2: 0
[2026-02-07T17:08:07.398Z] [INFO   ] [PASSO 425] Card 13: 0x0 HT (ht00) | Percentual: (68.42%) | SG: 0 | G1: 0 | G2: 0
[2026-02-07T17:08:07.398Z] [INFO   ] [PASSO 426] Card 14: Visitante (pmv) | Percentual: (68.42%) | SG: 0 | G1: 0 | G2: 0
[2026-02-07T17:08:07.398Z] [INFO   ] [PASSO 427] Card 15: [HT] Vencedor Casa (htc) | Percentual: (63.16%) | SG: 0 | G1: 0 | G2: 0
[2026-02-07T17:08:07.399Z] [INFO   ] [PASSO 428] Card 16: 2 Gols (ge2) | Percentual: (63.16%) | SG: 0 | G1: 0 | G2: 0
[2026-02-07T17:08:07.399Z] [INFO   ] [PASSO 429] Card 17: Over 3.5 (o35) | Percentual: (57.89%) | SG: 0 | G1: 0 | G2: 0
[2026-02-07T17:08:07.400Z] [INFO   ] [PASSO 430] Card 18: Resultado Empate / Ambas Sim (reas) | Percentual: (57.89%) | SG: 0 | G1: 0 | G2: 0
[2026-02-07T17:08:07.400Z] [INFO   ] [PASSO 431] Card 19: Casa Não Marca (cmn) | Percentual: (52.63%) | SG: 0 | G1: 0 | G2: 0
[2026-02-07T17:08:07.400Z] [INFO   ] [PASSO 432] Card 20: [HT] Vencedor Visitante (htv) | Percentual: (52.63%) | SG: 0 | G1: 0 | G2: 0
[2026-02-07T17:08:07.401Z] [INFO   ] [PASSO 433] Card 21: Resultado Casa / Ambas Não (rcan) | Percentual: (52.63%) | SG: 0 | G1: 0 | G2: 0
[2026-02-07T17:08:07.401Z] [INFO   ] [PASSO 434] Card 22: Vencedor Visitante (ftv) | Percentual: (47.37%) | SG: 0 | G1: 0 | G2: 0
[2026-02-07T17:08:07.401Z] [INFO   ] [PASSO 435] Card 23: 3 Gols (ge3) | Percentual: (47.37%) | SG: 0 | G1: 0 | G2: 0
[2026-02-07T17:08:07.402Z] [INFO   ] [PASSO 436] Card 24: 1x0 HT (ht10) | Percentual: (47.37%) | SG: 0 | G1: 0 | G2: 0
[2026-02-07T17:08:07.403Z] [INFO   ] [PASSO 437] Card 25: 1 Gols (ge1) | Percentual: (42.11%) | SG: 0 | G1: 0 | G2: 0
[2026-02-07T17:08:07.403Z] [INFO   ] [PASSO 438] Card 26: 4 Gols (ge4) | Percentual: (42.11%) | SG: 0 | G1: 0 | G2: 0
[2026-02-07T17:08:07.404Z] [INFO   ] [PASSO 439] Card 27: Resultado Casa / Ambas Sim (rcas) | Percentual: (42.11%) | SG: 0 | G1: 0 | G2: 0
[2026-02-07T17:08:07.404Z] [INFO   ] [PASSO 440] Card 28: 0 Gols (ge0) | Percentual: (36.84%) | SG: 0 | G1: 0 | G2: 0
[2026-02-07T17:08:07.404Z] [INFO   ] [PASSO 441] Card 29: 0x0 FT (ft00) | Percentual: (36.84%) | SG: 0 | G1: 0 | G2: 0
[2026-02-07T17:08:07.405Z] [INFO   ] [PASSO 442] Card 30: 1x1 FT (ft11) | Percentual: (36.84%) | SG: 0 | G1: 0 | G2: 0
[2026-02-07T17:08:07.405Z] [INFO   ] [PASSO 443] Card 31: 1x1 HT (ht11) | Percentual: (36.84%) | SG: 0 | G1: 0 | G2: 0
[2026-02-07T17:08:07.405Z] [INFO   ] [PASSO 444] Card 32: 0x1 HT (ht01) | Percentual: (36.84%) | SG: 0 | G1: 0 | G2: 0
[2026-02-07T17:08:07.406Z] [INFO   ] [PASSO 445] Card 33: Resultado Visitante / Ambas Sim (rvas) | Percentual: (36.84%) | SG: 0 | G1: 0 | G2: 0
[2026-02-07T17:08:07.406Z] [INFO   ] [PASSO 446] Card 34: Resultado Empate / Ambas Não (rean) | Percentual: (36.84%) | SG: 0 | G1: 0 | G2: 0
[2026-02-07T17:08:07.406Z] [INFO   ] [PASSO 447] Card 35: 2x0 HT (ht20) | Percentual: (31.58%) | SG: 0 | G1: 0 | G2: 0
[2026-02-07T17:08:07.407Z] [INFO   ] [PASSO 448] Card 36: Resultado Visitante / Ambas Não (rvan) | Percentual: (31.58%) | SG: 0 | G1: 0 | G2: 0
[2026-02-07T17:08:07.407Z] [INFO   ] [PASSO 449] Card 37: Over 5+ (o50) | Percentual: (26.32%) | SG: 0 | G1: 0 | G2: 0
[2026-02-07T17:08:07.407Z] [INFO   ] [PASSO 450] Card 38: 1x0 FT (ft10) | Percentual: (26.32%) | SG: 0 | G1: 0 | G2: 0
[2026-02-07T17:08:07.408Z] [INFO   ] [PASSO 451] Card 39: 2x0 FT (ft20) | Percentual: (26.32%) | SG: 0 | G1: 0 | G2: 0
[2026-02-07T17:08:07.408Z] [INFO   ] [PASSO 452] Card 40: 5+ Gols (ge5) | Percentual: (21.05%) | SG: 0 | G1: 0 | G2: 0
[2026-02-07T17:08:07.409Z] [INFO   ] [PASSO 453] Card 41: 2x1 FT (ft21) | Percentual: (21.05%) | SG: 0 | G1: 0 | G2: 0
[2026-02-07T17:08:07.409Z] [INFO   ] [PASSO 454] Card 42: 3x1 FT (ft31) | Percentual: (21.05%) | SG: 0 | G1: 0 | G2: 0
[2026-02-07T17:08:07.409Z] [INFO   ] [PASSO 455] Card 43: Outros HT (out) | Percentual: (21.05%) | SG: 0 | G1: 0 | G2: 0
[2026-02-07T17:08:07.410Z] [INFO   ] [PASSO 456] Card 44: 2x2 FT (ft22) | Percentual: (15.79%) | SG: 0 | G1: 0 | G2: 0
[2026-02-07T17:08:07.410Z] [INFO   ] [PASSO 457] Card 45: 0x1 FT (ft01) | Percentual: (15.79%) | SG: 0 | G1: 0 | G2: 0
[2026-02-07T17:08:07.410Z] [INFO   ] [PASSO 458] Card 46: 1x2 FT (ft12) | Percentual: (15.79%) | SG: 0 | G1: 0 | G2: 0
[2026-02-07T17:08:07.411Z] [INFO   ] [PASSO 459] Card 47: 2x3 FT (ft23) | Percentual: (15.79%) | SG: 0 | G1: 0 | G2: 0
[2026-02-07T17:08:07.411Z] [INFO   ] [PASSO 460] Card 48: 0x3 FT (ft03) | Percentual: (10.53%) | SG: 0 | G1: 0 | G2: 0
[2026-02-07T17:08:07.411Z] [INFO   ] [PASSO 461] Card 49: 1x3 FT (ft13) | Percentual: (10.53%) | SG: 0 | G1: 0 | G2: 0
[2026-02-07T17:08:07.412Z] [INFO   ] [PASSO 462] Card 50: 0x2 HT (ht02) | Percentual: (10.53%) | SG: 0 | G1: 0 | G2: 0
[2026-02-07T17:08:07.412Z] [INFO   ] [PASSO 463] Card 51: Viradinha (vira) | Percentual: (10.53%) | SG: 0 | G1: 0 | G2: 0
[2026-02-07T17:08:07.413Z] [INFO   ] [PASSO 464] Card 52: 4x0 FT (ft40) | Percentual: (5.26%) | SG: 0 | G1: 0 | G2: 0
[2026-02-07T17:08:07.413Z] [INFO   ] [PASSO 465] Card 53: 5+ Casa (ft50_c) | Percentual: (5.26%) | SG: 0 | G1: 0 | G2: 0
[2026-02-07T17:08:07.413Z] [INFO   ] [PASSO 466] Card 54: 3x3 FT (ft33) | Percentual: (5.26%) | SG: 0 | G1: 0 | G2: 0
[2026-02-07T17:08:07.414Z] [INFO   ] [PASSO 467] Card 55: 5+ Empate (ft50_e) | Percentual: (5.26%) | SG: 0 | G1: 0 | G2: 0
[2026-02-07T17:08:07.414Z] [INFO   ] [PASSO 468] Card 56: 0x2 FT (ft02) | Percentual: (5.26%) | SG: 0 | G1: 0 | G2: 0
[2026-02-07T17:08:07.414Z] [INFO   ] [PASSO 469] Card 57: 3x0 FT (ft30) | Percentual: (0.00%) | SG: 0 | G1: 0 | G2: 0
[2026-02-07T17:08:07.415Z] [INFO   ] [PASSO 470] Card 58: 3x2 FT (ft32) | Percentual: (0.00%) | SG: 0 | G1: 0 | G2: 0
[2026-02-07T17:08:07.415Z] [INFO   ] [PASSO 471] Card 59: 4x1 FT (ft41) | Percentual: (0.00%) | SG: 0 | G1: 0 | G2: 0
[2026-02-07T17:08:07.415Z] [INFO   ] [PASSO 472] Card 60: 4x2 FT (ft42) | Percentual: (0.00%) | SG: 0 | G1: 0 | G2: 0
[2026-02-07T17:08:07.416Z] [INFO   ] [PASSO 473] Card 61: 4x3 FT (ft43) | Percentual: (0.00%) | SG: 0 | G1: 0 | G2: 0
[2026-02-07T17:08:07.416Z] [INFO   ] [PASSO 474] Card 62: 4x4 FT (ft44) | Percentual: (0.00%) | SG: 0 | G1: 0 | G2: 0
[2026-02-07T17:08:07.416Z] [INFO   ] [PASSO 475] Card 63: 0x4 FT (ft04) | Percentual: (0.00%) | SG: 0 | G1: 0 | G2: 0
[2026-02-07T17:08:07.417Z] [INFO   ] [PASSO 476] Card 64: 1x4 FT (ft14) | Percentual: (0.00%) | SG: 0 | G1: 0 | G2: 0
[2026-02-07T17:08:07.417Z] [INFO   ] [PASSO 477] Card 65: 2x4 FT (ft24) | Percentual: (0.00%) | SG: 0 | G1: 0 | G2: 0
[2026-02-07T17:08:07.417Z] [INFO   ] [PASSO 478] Card 66: 3x4 FT (ft34) | Percentual: (0.00%) | SG: 0 | G1: 0 | G2: 0
[2026-02-07T17:08:07.418Z] [INFO   ] [PASSO 479] Card 67: 5+ Visitante (ft50_f) | Percentual: (0.00%) | SG: 0 | G1: 0 | G2: 0
[2026-02-07T17:08:07.418Z] [INFO   ] [PASSO 480] Card 68: Handicap Casa (hac) | Percentual: (0.00%) | SG: 0 | G1: 0 | G2: 0
[2026-02-07T17:08:07.419Z] [INFO   ] [PASSO 481] Card 69: Handicap Visitante (hav) | Percentual: (0.00%) | SG: 0 | G1: 0 | G2: 0
[2026-02-07T17:08:07.419Z] [INFO   ] [PASSO 482] Card 70: Over 0.5 (o05) | Percentual: (100.00%) | SG: 0 | G1: 0 | G2: 0
[2026-02-07T17:08:07.419Z] [INFO   ] [PASSO 483] Card 71: Over 1.5 (o15) | Percentual: (100.00%) | SG: 0 | G1: 0 | G2: 0
[2026-02-07T17:08:07.420Z] [INFO   ] [PASSO 484] Card 72: Under 3.5 (u35) | Percentual: (94.74%) | SG: 0 | G1: 0 | G2: 0
[2026-02-07T17:08:07.420Z] [INFO   ] [PASSO 485] Card 73: Under 2.5 (u25) | Percentual: (89.47%) | SG: 0 | G1: 0 | G2: 0
[2026-02-07T17:08:07.420Z] [INFO   ] [PASSO 486] Card 74: Under 1.5 (u15) | Percentual: (73.68%) | SG: 0 | G1: 0 | G2: 0
[2026-02-07T17:08:07.421Z] [INFO   ] [PASSO 487] Card 75: Under 0.5 (u05) | Percentual: (36.84%) | SG: 0 | G1: 0 | G2: 0
[2026-02-07T17:08:07.421Z] [SUCCESS] [PASSO 488] ========================================
[2026-02-07T17:08:07.421Z] [SUCCESS] [PASSO 489] BUSCADOR DE PADRÕES CONCLUÍDO COM SUCESSO!
[2026-02-07T17:08:07.422Z] [SUCCESS] [PASSO 490] ========================================
[2026-02-07T17:08:07.754Z] [INFO   ] [PASSO 491] Browser fechado
[2026-02-07T17:08:07.755Z] [INFO   ] [PASSO 492] ========================================
[2026-02-07T17:08:07.755Z] [INFO   ] [PASSO 493] ROBÔ FINALIZADO
[2026-02-07T17:08:07.756Z] [INFO   ] [PASSO 494] Total de passos: 493
[2026-02-07T17:08:07.756Z] [INFO   ] [PASSO 495] ========================================
[2026-02-07T17:10:01.909Z] [INFO   ] [PASSO 1] ========================================
[2026-02-07T17:10:01.909Z] [INFO   ] [PASSO 2] INICIANDO BB TIPS ROBOT
[2026-02-07T17:10:01.910Z] [INFO   ] [PASSO 3] ========================================
[2026-02-07T17:10:01.910Z] [INFO   ] [PASSO 4] URL Base (BB Tips): https://app.bbtips.com.br
[2026-02-07T17:10:01.910Z] [INFO   ] [PASSO 5] API URL (Banco): http://localhost:5000
[2026-02-07T17:10:01.911Z] [INFO   ] [PASSO 6] Email: ****@***.***
[2026-02-07T17:10:01.911Z] [INFO   ] [PASSO 7] Inicializando browser...
[2026-02-07T17:10:02.742Z] [SUCCESS] [PASSO 8] Browser iniciado com sucesso
[2026-02-07T17:10:02.743Z] [INFO   ] [PASSO 9] ---------------------------------------
[2026-02-07T17:10:02.744Z] [INFO   ] [PASSO 10] INICIANDO LOGIN
[2026-02-07T17:10:02.744Z] [INFO   ] [PASSO 11] ---------------------------------------
[2026-02-07T17:10:02.745Z] [INFO   ] [PASSO 12] Navegando para: https://app.bbtips.com.br/login
[2026-02-07T17:10:07.701Z] [DEBUG  ] [PASSO 13] Título da página: BB Tips
[2026-02-07T17:10:07.701Z] [INFO   ] [PASSO 14] Procurando campo de email...
[2026-02-07T17:10:07.717Z] [SUCCESS] [PASSO 15] Campo de email encontrado
[2026-02-07T17:10:07.818Z] [INFO   ] [PASSO 16] Email preenchido
[2026-02-07T17:10:07.818Z] [INFO   ] [PASSO 17] Procurando campo de senha...
[2026-02-07T17:10:07.823Z] [SUCCESS] [PASSO 18] Campo de senha encontrado
[2026-02-07T17:10:07.861Z] [INFO   ] [PASSO 19] Senha preenchida
[2026-02-07T17:10:07.862Z] [INFO   ] [PASSO 20] Procurando botão de login...
[2026-02-07T17:10:07.868Z] [SUCCESS] [PASSO 21] Botão de login encontrado: "Entrar"
[2026-02-07T17:10:07.894Z] [INFO   ] [PASSO 22] Clicou no botão de login, aguardando...
[2026-02-07T17:10:12.897Z] [INFO   ] [PASSO 23] URL atual: https://app.bbtips.com.br/inicio
[2026-02-07T17:10:12.898Z] [SUCCESS] [PASSO 24] Login realizado com sucesso!
[2026-02-07T17:10:12.898Z] [INFO   ] [PASSO 25] URL após login: https://app.bbtips.com.br/inicio
[2026-02-07T17:10:12.900Z] [INFO   ] [PASSO 26] ---------------------------------------
[2026-02-07T17:10:12.900Z] [INFO   ] [PASSO 27] EXECUTANDO BUSCADOR DE PADRÕES
[2026-02-07T17:10:12.900Z] [INFO   ] [PASSO 28] ---------------------------------------
[2026-02-07T17:10:12.901Z] [INFO   ] [PASSO 29] URL Base do robô: https://app.bbtips.com.br
[2026-02-07T17:10:12.901Z] [INFO   ] [PASSO 30] Navegando para: https://app.bbtips.com.br/bots/novo
[2026-02-07T17:10:12.902Z] [DEBUG  ] [PASSO 31] URL atual antes de navegar: https://app.bbtips.com.br/inicio
[2026-02-07T17:10:14.675Z] [DEBUG  ] [PASSO 32] URL após navegar: https://app.bbtips.com.br/bots/novo
[2026-02-07T17:10:17.703Z] [DEBUG  ] [PASSO 33] Conteúdo da página: 23/02/2026
 Bet365 
 Betano 
 Kiron
 SportingBet
 Aviator 
 Blaze 
 Roletas
 Luiz Silva 
Criar Novo Robô
Layout Antigo
Público
Selecione a Liga que deseja atuar
TodasCopaEuroSuperPremier
Nome
Chat
×[B...
[2026-02-07T17:10:17.703Z] [INFO   ] [PASSO 34] Procurando botão Buscar Padrões...
[2026-02-07T17:10:17.710Z] [SUCCESS] [PASSO 35] Botão Buscar Padrões encontrado: "Buscador de Padrões 🤖"
[2026-02-07T17:10:19.750Z] [INFO   ] [PASSO 36] Procurando campo Máximo Pulos...
[2026-02-07T17:10:19.753Z] [WARN   ] [PASSO 37] Campo Máximo Pulos não encontrado via ng-select
[2026-02-07T17:10:19.756Z] [WARN   ] [PASSO 38] Campo Máximo Pulos não encontrado
[2026-02-07T17:10:19.756Z] [INFO   ] [PASSO 39] Procurando botão Buscar no modal...
[2026-02-07T17:10:19.760Z] [SUCCESS] [PASSO 40] Botão Buscar encontrado: "Buscar"
[2026-02-07T17:10:19.782Z] [INFO   ] [PASSO 41] Clicou em Buscar, aguardando resultados...
[2026-02-07T17:10:24.788Z] [INFO   ] [PASSO 42] Procurando resultados da busca...
[2026-02-07T17:10:26.802Z] [SUCCESS] [PASSO 43] Quinta tabela encontrada
[2026-02-07T17:10:26.806Z] [INFO   ] [PASSO 44] Clicando na primeira linha da quinta tabela...
[2026-02-07T17:10:27.844Z] [INFO   ] [PASSO 45] Procurando dialog SweetAlert2...
[2026-02-07T17:10:29.354Z] [SUCCESS] [PASSO 46] Modal SweetAlert2 encontrado
[2026-02-07T17:10:29.358Z] [SUCCESS] [PASSO 47] Botão encontrado: "Sim"
[2026-02-07T17:10:29.359Z] [SUCCESS] [PASSO 48] Clicando em "Sim"
[2026-02-07T17:10:29.438Z] [INFO   ] [PASSO 49] Clicou no botão Sim
[2026-02-07T17:10:30.953Z] [INFO   ] [PASSO 50] Procurando elemento para clicar...
[2026-02-07T17:10:31.975Z] [SUCCESS] [PASSO 51] Elemento encontrado
[2026-02-07T17:10:31.999Z] [INFO   ] [PASSO 52] Clicou no elemento div[2]
[2026-02-07T17:10:33.014Z] [INFO   ] [PASSO 53] Procurando span para clicar...
[2026-02-07T17:10:34.036Z] [SUCCESS] [PASSO 54] Span encontrado: "VER MAIS"
[2026-02-07T17:10:34.212Z] [INFO   ] [PASSO 55] Clicou no span
[2026-02-07T17:10:35.215Z] [INFO   ] [PASSO 56] ========================================
[2026-02-07T17:10:35.216Z] [INFO   ] [PASSO 57] EXTRAINDO DADOS DOS CARDS
[2026-02-07T17:10:35.216Z] [INFO   ] [PASSO 58] ========================================
[2026-02-07T17:10:35.217Z] [INFO   ] [PASSO 59] ╔══════════════════════════════════════════════════════════╗
[2026-02-07T17:10:35.217Z] [INFO   ] [PASSO 60] ║          EXTRAÇÃO DE DADOS DOS CARDS (XPath)         ║
[2026-02-07T17:10:35.217Z] [INFO   ] [PASSO 61] ╚══════════════════════════════════════════════════════════╝
[2026-02-07T17:10:35.218Z] [INFO   ] [PASSO 62] Timestamp: 2026-02-07T17:10:35.218Z
[2026-02-07T17:10:37.231Z] [INFO   ] [PASSO 63] ══════════════════════════════════════════════════════════
[2026-02-07T17:10:37.232Z] [INFO   ] [PASSO 64] BUSCA POR CONTAINER DE CARDS:
[2026-02-07T17:10:37.232Z] [INFO   ] [PASSO 65]   XPath Container: /html/body/app-root/div/app-robos-novo/div/div/div[5]/div[1]/div[1]/div[3]/div[3]/div[2]/div[2]/div[1]
[2026-02-07T17:10:37.240Z] [SUCCESS] [PASSO 66] Container encontrado
[2026-02-07T17:10:37.241Z] [INFO   ] [PASSO 67] ══════════════════════════════════════════════════════════
[2026-02-07T17:10:37.241Z] [INFO   ] [PASSO 68] BUSCA POR CARDS DENTRO DO CONTAINER:
[2026-02-07T17:10:37.241Z] [INFO   ] [PASSO 69]   XPath Cards: ./div[not(contains(@class, 'row'))]
[2026-02-07T17:10:37.308Z] [INFO   ] [PASSO 70]   Cards encontrados via XPath: 75
[2026-02-07T17:10:37.309Z] [SUCCESS] [PASSO 71] Total de cards encontrados: 75
[2026-02-07T17:10:37.309Z] [INFO   ] [PASSO 72] ═══════════════════════════════════════════════════════════
[2026-02-07T17:10:37.309Z] [INFO   ] [PASSO 73]   Processando Card 1/75...
[2026-02-07T17:10:37.347Z] [DEBUG  ] [PASSO 74]   ✓ Card 1: Ambas Marcam Sim (ambs) | (100.00%) | SG:0 | G1:0 | G2:0
[2026-02-07T17:10:37.348Z] [INFO   ] [PASSO 75]   ✓ Card 1: Ambas Marcam Sim (ambs) | (100.00%) | SG:0 | G1:0 | G2:0
[2026-02-07T17:10:37.348Z] [INFO   ] [PASSO 76] ═══════════════════════════════════════════════════════════
[2026-02-07T17:10:37.349Z] [INFO   ] [PASSO 77]   Processando Card 2/75...
[2026-02-07T17:10:37.384Z] [DEBUG  ] [PASSO 78]   ✓ Card 2: Casa Marca Sim (cms) | (100.00%) | SG:0 | G1:0 | G2:0
[2026-02-07T17:10:37.385Z] [INFO   ] [PASSO 79]   ✓ Card 2: Casa Marca Sim (cms) | (100.00%) | SG:0 | G1:0 | G2:0
[2026-02-07T17:10:37.385Z] [INFO   ] [PASSO 80] ═══════════════════════════════════════════════════════════
[2026-02-07T17:10:37.385Z] [INFO   ] [PASSO 81]   Processando Card 3/75...
[2026-02-07T17:10:37.422Z] [DEBUG  ] [PASSO 82]   ✓ Card 3: Visitante Marca Sim (vms) | (100.00%) | SG:0 | G1:0 | G2:0
[2026-02-07T17:10:37.422Z] [INFO   ] [PASSO 83]   ✓ Card 3: Visitante Marca Sim (vms) | (100.00%) | SG:0 | G1:0 | G2:0
[2026-02-07T17:10:37.423Z] [INFO   ] [PASSO 84] ═══════════════════════════════════════════════════════════
[2026-02-07T17:10:37.423Z] [INFO   ] [PASSO 85]   Processando Card 4/75...
[2026-02-07T17:10:37.469Z] [DEBUG  ] [PASSO 86]   ✓ Card 4: Ambas Não Marcam (ambn) | (89.47%) | SG:0 | G1:0 | G2:0
[2026-02-07T17:10:37.469Z] [INFO   ] [PASSO 87]   ✓ Card 4: Ambas Não Marcam (ambn) | (89.47%) | SG:0 | G1:0 | G2:0
[2026-02-07T17:10:37.470Z] [INFO   ] [PASSO 88] ═══════════════════════════════════════════════════════════
[2026-02-07T17:10:37.470Z] [INFO   ] [PASSO 89]   Processando Card 5/75...
[2026-02-07T17:10:37.505Z] [DEBUG  ] [PASSO 90]   ✓ Card 5: Over 2.5 (o25) | (84.21%) | SG:0 | G1:0 | G2:0
[2026-02-07T17:10:37.505Z] [INFO   ] [PASSO 91]   ✓ Card 5: Over 2.5 (o25) | (84.21%) | SG:0 | G1:0 | G2:0
[2026-02-07T17:10:37.506Z] [INFO   ] [PASSO 92] ═══════════════════════════════════════════════════════════
[2026-02-07T17:10:37.506Z] [INFO   ] [PASSO 93]   Processando Card 6/75...
[2026-02-07T17:10:37.541Z] [DEBUG  ] [PASSO 94]   ✓ Card 6: Visitante Não Marca (vmn) | (84.21%) | SG:0 | G1:0 | G2:0
[2026-02-07T17:10:37.541Z] [INFO   ] [PASSO 95]   ✓ Card 6: Visitante Não Marca (vmn) | (84.21%) | SG:0 | G1:0 | G2:0
[2026-02-07T17:10:37.542Z] [INFO   ] [PASSO 96] ═══════════════════════════════════════════════════════════
[2026-02-07T17:10:37.542Z] [INFO   ] [PASSO 97]   Processando Card 7/75...
[2026-02-07T17:10:37.578Z] [DEBUG  ] [PASSO 98]   ✓ Card 7: [HT] Empate (hte) | (84.21%) | SG:0 | G1:0 | G2:0
[2026-02-07T17:10:37.579Z] [INFO   ] [PASSO 99]   ✓ Card 7: [HT] Empate (hte) | (84.21%) | SG:0 | G1:0 | G2:0
[2026-02-07T17:10:37.579Z] [INFO   ] [PASSO 100] ═══════════════════════════════════════════════════════════
[2026-02-07T17:10:37.580Z] [INFO   ] [PASSO 101]   Processando Card 8/75...
[2026-02-07T17:10:37.615Z] [DEBUG  ] [PASSO 102]   ✓ Card 8: Casa (pmc) | (84.21%) | SG:0 | G1:0 | G2:0
[2026-02-07T17:10:37.616Z] [INFO   ] [PASSO 103]   ✓ Card 8: Casa (pmc) | (84.21%) | SG:0 | G1:0 | G2:0
[2026-02-07T17:10:37.616Z] [INFO   ] [PASSO 104] ═══════════════════════════════════════════════════════════
[2026-02-07T17:10:37.617Z] [INFO   ] [PASSO 105]   Processando Card 9/75...
[2026-02-07T17:10:37.654Z] [DEBUG  ] [PASSO 106]   ✓ Card 9: Casa (umc) | (78.95%) | SG:0 | G1:0 | G2:0
[2026-02-07T17:10:37.655Z] [INFO   ] [PASSO 107]   ✓ Card 9: Casa (umc) | (78.95%) | SG:0 | G1:0 | G2:0
[2026-02-07T17:10:37.655Z] [INFO   ] [PASSO 108] ═══════════════════════════════════════════════════════════
[2026-02-07T17:10:37.655Z] [INFO   ] [PASSO 109]   Processando Card 10/75...
[2026-02-07T17:10:37.690Z] [DEBUG  ] [PASSO 110]   ✓ Card 10: Empate (fte) | (73.68%) | SG:0 | G1:0 | G2:0
[2026-02-07T17:10:37.691Z] [INFO   ] [PASSO 111]   ✓ Card 10: Empate (fte) | (73.68%) | SG:0 | G1:0 | G2:0
[2026-02-07T17:10:37.692Z] [INFO   ] [PASSO 112] ═══════════════════════════════════════════════════════════
[2026-02-07T17:10:37.692Z] [INFO   ] [PASSO 113]   Processando Card 11/75...
[2026-02-07T17:10:37.726Z] [DEBUG  ] [PASSO 114]   ✓ Card 11: Visitante (umv) | (73.68%) | SG:0 | G1:0 | G2:0
[2026-02-07T17:10:37.727Z] [INFO   ] [PASSO 115]   ✓ Card 11: Visitante (umv) | (73.68%) | SG:0 | G1:0 | G2:0
[2026-02-07T17:10:37.727Z] [INFO   ] [PASSO 116] ═══════════════════════════════════════════════════════════
[2026-02-07T17:10:37.728Z] [INFO   ] [PASSO 117]   Processando Card 12/75...
[2026-02-07T17:10:37.764Z] [DEBUG  ] [PASSO 118]   ✓ Card 12: Vencedor Casa (ftc) | (68.42%) | SG:0 | G1:0 | G2:0
[2026-02-07T17:10:37.765Z] [INFO   ] [PASSO 119]   ✓ Card 12: Vencedor Casa (ftc) | (68.42%) | SG:0 | G1:0 | G2:0
[2026-02-07T17:10:37.765Z] [INFO   ] [PASSO 120] ═══════════════════════════════════════════════════════════
[2026-02-07T17:10:37.765Z] [INFO   ] [PASSO 121]   Processando Card 13/75...
[2026-02-07T17:10:37.800Z] [DEBUG  ] [PASSO 122]   ✓ Card 13: 0x0 HT (ht00) | (68.42%) | SG:0 | G1:0 | G2:0
[2026-02-07T17:10:37.800Z] [INFO   ] [PASSO 123]   ✓ Card 13: 0x0 HT (ht00) | (68.42%) | SG:0 | G1:0 | G2:0
[2026-02-07T17:10:37.801Z] [INFO   ] [PASSO 124] ═══════════════════════════════════════════════════════════
[2026-02-07T17:10:37.801Z] [INFO   ] [PASSO 125]   Processando Card 14/75...
[2026-02-07T17:10:37.837Z] [DEBUG  ] [PASSO 126]   ✓ Card 14: Visitante (pmv) | (68.42%) | SG:0 | G1:0 | G2:0
[2026-02-07T17:10:37.838Z] [INFO   ] [PASSO 127]   ✓ Card 14: Visitante (pmv) | (68.42%) | SG:0 | G1:0 | G2:0
[2026-02-07T17:10:37.839Z] [INFO   ] [PASSO 128] ═══════════════════════════════════════════════════════════
[2026-02-07T17:10:37.839Z] [INFO   ] [PASSO 129]   Processando Card 15/75...
[2026-02-07T17:10:37.877Z] [DEBUG  ] [PASSO 130]   ✓ Card 15: [HT] Vencedor Casa (htc) | (63.16%) | SG:0 | G1:0 | G2:0
[2026-02-07T17:10:37.878Z] [INFO   ] [PASSO 131]   ✓ Card 15: [HT] Vencedor Casa (htc) | (63.16%) | SG:0 | G1:0 | G2:0
[2026-02-07T17:10:37.878Z] [INFO   ] [PASSO 132] ═══════════════════════════════════════════════════════════
[2026-02-07T17:10:37.879Z] [INFO   ] [PASSO 133]   Processando Card 16/75...
[2026-02-07T17:10:37.922Z] [DEBUG  ] [PASSO 134]   ✓ Card 16: 2 Gols (ge2) | (63.16%) | SG:0 | G1:0 | G2:0
[2026-02-07T17:10:37.923Z] [INFO   ] [PASSO 135]   ✓ Card 16: 2 Gols (ge2) | (63.16%) | SG:0 | G1:0 | G2:0
[2026-02-07T17:10:37.923Z] [INFO   ] [PASSO 136] ═══════════════════════════════════════════════════════════
[2026-02-07T17:10:37.924Z] [INFO   ] [PASSO 137]   Processando Card 17/75...
[2026-02-07T17:10:37.960Z] [DEBUG  ] [PASSO 138]   ✓ Card 17: Over 3.5 (o35) | (57.89%) | SG:0 | G1:0 | G2:0
[2026-02-07T17:10:37.961Z] [INFO   ] [PASSO 139]   ✓ Card 17: Over 3.5 (o35) | (57.89%) | SG:0 | G1:0 | G2:0
[2026-02-07T17:10:37.962Z] [INFO   ] [PASSO 140] ═══════════════════════════════════════════════════════════
[2026-02-07T17:10:37.962Z] [INFO   ] [PASSO 141]   Processando Card 18/75...
[2026-02-07T17:10:37.998Z] [DEBUG  ] [PASSO 142]   ✓ Card 18: Resultado Empate / Ambas Sim (reas) | (57.89%) | SG:0 | G1:0 | G2:0
[2026-02-07T17:10:37.999Z] [INFO   ] [PASSO 143]   ✓ Card 18: Resultado Empate / Ambas Sim (reas) | (57.89%) | SG:0 | G1:0 | G2:0
[2026-02-07T17:10:37.999Z] [INFO   ] [PASSO 144] ═══════════════════════════════════════════════════════════
[2026-02-07T17:10:38.000Z] [INFO   ] [PASSO 145]   Processando Card 19/75...
[2026-02-07T17:10:38.038Z] [DEBUG  ] [PASSO 146]   ✓ Card 19: Casa Não Marca (cmn) | (52.63%) | SG:0 | G1:0 | G2:0
[2026-02-07T17:10:38.038Z] [INFO   ] [PASSO 147]   ✓ Card 19: Casa Não Marca (cmn) | (52.63%) | SG:0 | G1:0 | G2:0
[2026-02-07T17:10:38.039Z] [INFO   ] [PASSO 148] ═══════════════════════════════════════════════════════════
[2026-02-07T17:10:38.039Z] [INFO   ] [PASSO 149]   Processando Card 20/75...
[2026-02-07T17:10:38.077Z] [DEBUG  ] [PASSO 150]   ✓ Card 20: [HT] Vencedor Visitante (htv) | (52.63%) | SG:0 | G1:0 | G2:0
[2026-02-07T17:10:38.078Z] [INFO   ] [PASSO 151]   ✓ Card 20: [HT] Vencedor Visitante (htv) | (52.63%) | SG:0 | G1:0 | G2:0
[2026-02-07T17:10:38.078Z] [INFO   ] [PASSO 152] ═══════════════════════════════════════════════════════════
[2026-02-07T17:10:38.079Z] [INFO   ] [PASSO 153]   Processando Card 21/75...
[2026-02-07T17:10:38.117Z] [DEBUG  ] [PASSO 154]   ✓ Card 21: Resultado Casa / Ambas Não (rcan) | (52.63%) | SG:0 | G1:0 | G2:0
[2026-02-07T17:10:38.117Z] [INFO   ] [PASSO 155]   ✓ Card 21: Resultado Casa / Ambas Não (rcan) | (52.63%) | SG:0 | G1:0 | G2:0
[2026-02-07T17:10:38.118Z] [INFO   ] [PASSO 156] ═══════════════════════════════════════════════════════════
[2026-02-07T17:10:38.118Z] [INFO   ] [PASSO 157]   Processando Card 22/75...
[2026-02-07T17:10:38.154Z] [DEBUG  ] [PASSO 158]   ✓ Card 22: Vencedor Visitante (ftv) | (47.37%) | SG:0 | G1:0 | G2:0
[2026-02-07T17:10:38.155Z] [INFO   ] [PASSO 159]   ✓ Card 22: Vencedor Visitante (ftv) | (47.37%) | SG:0 | G1:0 | G2:0
[2026-02-07T17:10:38.156Z] [INFO   ] [PASSO 160] ═══════════════════════════════════════════════════════════
[2026-02-07T17:10:38.157Z] [INFO   ] [PASSO 161]   Processando Card 23/75...
[2026-02-07T17:10:38.195Z] [DEBUG  ] [PASSO 162]   ✓ Card 23: 3 Gols (ge3) | (47.37%) | SG:0 | G1:0 | G2:0
[2026-02-07T17:10:38.196Z] [INFO   ] [PASSO 163]   ✓ Card 23: 3 Gols (ge3) | (47.37%) | SG:0 | G1:0 | G2:0
[2026-02-07T17:10:38.196Z] [INFO   ] [PASSO 164] ═══════════════════════════════════════════════════════════
[2026-02-07T17:10:38.196Z] [INFO   ] [PASSO 165]   Processando Card 24/75...
[2026-02-07T17:10:38.232Z] [DEBUG  ] [PASSO 166]   ✓ Card 24: 1x0 HT (ht10) | (47.37%) | SG:0 | G1:0 | G2:0
[2026-02-07T17:10:38.233Z] [INFO   ] [PASSO 167]   ✓ Card 24: 1x0 HT (ht10) | (47.37%) | SG:0 | G1:0 | G2:0
[2026-02-07T17:10:38.233Z] [INFO   ] [PASSO 168] ═══════════════════════════════════════════════════════════
[2026-02-07T17:10:38.234Z] [INFO   ] [PASSO 169]   Processando Card 25/75...
[2026-02-07T17:10:38.271Z] [DEBUG  ] [PASSO 170]   ✓ Card 25: 1 Gols (ge1) | (42.11%) | SG:0 | G1:0 | G2:0
[2026-02-07T17:10:38.272Z] [INFO   ] [PASSO 171]   ✓ Card 25: 1 Gols (ge1) | (42.11%) | SG:0 | G1:0 | G2:0
[2026-02-07T17:10:38.272Z] [INFO   ] [PASSO 172] ═══════════════════════════════════════════════════════════
[2026-02-07T17:10:38.273Z] [INFO   ] [PASSO 173]   Processando Card 26/75...
[2026-02-07T17:10:38.311Z] [DEBUG  ] [PASSO 174]   ✓ Card 26: 4 Gols (ge4) | (42.11%) | SG:0 | G1:0 | G2:0
[2026-02-07T17:10:38.311Z] [INFO   ] [PASSO 175]   ✓ Card 26: 4 Gols (ge4) | (42.11%) | SG:0 | G1:0 | G2:0
[2026-02-07T17:10:38.312Z] [INFO   ] [PASSO 176] ═══════════════════════════════════════════════════════════
[2026-02-07T17:10:38.312Z] [INFO   ] [PASSO 177]   Processando Card 27/75...
[2026-02-07T17:10:38.350Z] [DEBUG  ] [PASSO 178]   ✓ Card 27: Resultado Casa / Ambas Sim (rcas) | (42.11%) | SG:0 | G1:0 | G2:0
[2026-02-07T17:10:38.350Z] [INFO   ] [PASSO 179]   ✓ Card 27: Resultado Casa / Ambas Sim (rcas) | (42.11%) | SG:0 | G1:0 | G2:0
[2026-02-07T17:10:38.351Z] [INFO   ] [PASSO 180] ═══════════════════════════════════════════════════════════
[2026-02-07T17:10:38.351Z] [INFO   ] [PASSO 181]   Processando Card 28/75...
[2026-02-07T17:10:38.388Z] [DEBUG  ] [PASSO 182]   ✓ Card 28: 0 Gols (ge0) | (36.84%) | SG:0 | G1:0 | G2:0
[2026-02-07T17:10:38.389Z] [INFO   ] [PASSO 183]   ✓ Card 28: 0 Gols (ge0) | (36.84%) | SG:0 | G1:0 | G2:0
[2026-02-07T17:10:38.389Z] [INFO   ] [PASSO 184] ═══════════════════════════════════════════════════════════
[2026-02-07T17:10:38.390Z] [INFO   ] [PASSO 185]   Processando Card 29/75...
[2026-02-07T17:10:38.431Z] [DEBUG  ] [PASSO 186]   ✓ Card 29: 0x0 FT (ft00) | (36.84%) | SG:0 | G1:0 | G2:0
[2026-02-07T17:10:38.432Z] [INFO   ] [PASSO 187]   ✓ Card 29: 0x0 FT (ft00) | (36.84%) | SG:0 | G1:0 | G2:0
[2026-02-07T17:10:38.433Z] [INFO   ] [PASSO 188] ═══════════════════════════════════════════════════════════
[2026-02-07T17:10:38.433Z] [INFO   ] [PASSO 189]   Processando Card 30/75...
[2026-02-07T17:10:38.483Z] [DEBUG  ] [PASSO 190]   ✓ Card 30: 1x1 FT (ft11) | (36.84%) | SG:0 | G1:0 | G2:0
[2026-02-07T17:10:38.483Z] [INFO   ] [PASSO 191]   ✓ Card 30: 1x1 FT (ft11) | (36.84%) | SG:0 | G1:0 | G2:0
[2026-02-07T17:10:38.484Z] [INFO   ] [PASSO 192] ═══════════════════════════════════════════════════════════
[2026-02-07T17:10:38.484Z] [INFO   ] [PASSO 193]   Processando Card 31/75...
[2026-02-07T17:10:38.521Z] [DEBUG  ] [PASSO 194]   ✓ Card 31: 1x1 HT (ht11) | (36.84%) | SG:0 | G1:0 | G2:0
[2026-02-07T17:10:38.522Z] [INFO   ] [PASSO 195]   ✓ Card 31: 1x1 HT (ht11) | (36.84%) | SG:0 | G1:0 | G2:0
[2026-02-07T17:10:38.522Z] [INFO   ] [PASSO 196] ═══════════════════════════════════════════════════════════
[2026-02-07T17:10:38.523Z] [INFO   ] [PASSO 197]   Processando Card 32/75...
[2026-02-07T17:10:38.559Z] [DEBUG  ] [PASSO 198]   ✓ Card 32: 0x1 HT (ht01) | (36.84%) | SG:0 | G1:0 | G2:0
[2026-02-07T17:10:38.560Z] [INFO   ] [PASSO 199]   ✓ Card 32: 0x1 HT (ht01) | (36.84%) | SG:0 | G1:0 | G2:0
[2026-02-07T17:10:38.560Z] [INFO   ] [PASSO 200] ═══════════════════════════════════════════════════════════
[2026-02-07T17:10:38.561Z] [INFO   ] [PASSO 201]   Processando Card 33/75...
[2026-02-07T17:10:38.600Z] [DEBUG  ] [PASSO 202]   ✓ Card 33: Resultado Visitante / Ambas Sim (rvas) | (36.84%) | SG:0 | G1:0 | G2:0
[2026-02-07T17:10:38.600Z] [INFO   ] [PASSO 203]   ✓ Card 33: Resultado Visitante / Ambas Sim (rvas) | (36.84%) | SG:0 | G1:0 | G2:0
[2026-02-07T17:10:38.601Z] [INFO   ] [PASSO 204] ═══════════════════════════════════════════════════════════
[2026-02-07T17:10:38.601Z] [INFO   ] [PASSO 205]   Processando Card 34/75...
[2026-02-07T17:10:38.639Z] [DEBUG  ] [PASSO 206]   ✓ Card 34: Resultado Empate / Ambas Não (rean) | (36.84%) | SG:0 | G1:0 | G2:0
[2026-02-07T17:10:38.639Z] [INFO   ] [PASSO 207]   ✓ Card 34: Resultado Empate / Ambas Não (rean) | (36.84%) | SG:0 | G1:0 | G2:0
[2026-02-07T17:10:38.640Z] [INFO   ] [PASSO 208] ═══════════════════════════════════════════════════════════
[2026-02-07T17:10:38.640Z] [INFO   ] [PASSO 209]   Processando Card 35/75...
[2026-02-07T17:10:38.678Z] [DEBUG  ] [PASSO 210]   ✓ Card 35: 2x0 HT (ht20) | (31.58%) | SG:0 | G1:0 | G2:0
[2026-02-07T17:10:38.679Z] [INFO   ] [PASSO 211]   ✓ Card 35: 2x0 HT (ht20) | (31.58%) | SG:0 | G1:0 | G2:0
[2026-02-07T17:10:38.679Z] [INFO   ] [PASSO 212] ═══════════════════════════════════════════════════════════
[2026-02-07T17:10:38.680Z] [INFO   ] [PASSO 213]   Processando Card 36/75...
[2026-02-07T17:10:38.716Z] [DEBUG  ] [PASSO 214]   ✓ Card 36: Resultado Visitante / Ambas Não (rvan) | (31.58%) | SG:0 | G1:0 | G2:0
[2026-02-07T17:10:38.717Z] [INFO   ] [PASSO 215]   ✓ Card 36: Resultado Visitante / Ambas Não (rvan) | (31.58%) | SG:0 | G1:0 | G2:0
[2026-02-07T17:10:38.717Z] [INFO   ] [PASSO 216] ═══════════════════════════════════════════════════════════
[2026-02-07T17:10:38.718Z] [INFO   ] [PASSO 217]   Processando Card 37/75...
[2026-02-07T17:10:38.765Z] [DEBUG  ] [PASSO 218]   ✓ Card 37: Over 5+ (o50) | (26.32%) | SG:0 | G1:0 | G2:0
[2026-02-07T17:10:38.766Z] [INFO   ] [PASSO 219]   ✓ Card 37: Over 5+ (o50) | (26.32%) | SG:0 | G1:0 | G2:0
[2026-02-07T17:10:38.767Z] [INFO   ] [PASSO 220] ═══════════════════════════════════════════════════════════
[2026-02-07T17:10:38.767Z] [INFO   ] [PASSO 221]   Processando Card 38/75...
[2026-02-07T17:10:38.809Z] [DEBUG  ] [PASSO 222]   ✓ Card 38: 1x0 FT (ft10) | (26.32%) | SG:0 | G1:0 | G2:0
[2026-02-07T17:10:38.810Z] [INFO   ] [PASSO 223]   ✓ Card 38: 1x0 FT (ft10) | (26.32%) | SG:0 | G1:0 | G2:0
[2026-02-07T17:10:38.811Z] [INFO   ] [PASSO 224] ═══════════════════════════════════════════════════════════
[2026-02-07T17:10:38.811Z] [INFO   ] [PASSO 225]   Processando Card 39/75...
[2026-02-07T17:10:38.850Z] [DEBUG  ] [PASSO 226]   ✓ Card 39: 2x0 FT (ft20) | (26.32%) | SG:0 | G1:0 | G2:0
[2026-02-07T17:10:38.850Z] [INFO   ] [PASSO 227]   ✓ Card 39: 2x0 FT (ft20) | (26.32%) | SG:0 | G1:0 | G2:0
[2026-02-07T17:10:38.851Z] [INFO   ] [PASSO 228] ═══════════════════════════════════════════════════════════
[2026-02-07T17:10:38.851Z] [INFO   ] [PASSO 229]   Processando Card 40/75...
[2026-02-07T17:10:38.888Z] [DEBUG  ] [PASSO 230]   ✓ Card 40: 5+ Gols (ge5) | (21.05%) | SG:0 | G1:0 | G2:0
[2026-02-07T17:10:38.889Z] [INFO   ] [PASSO 231]   ✓ Card 40: 5+ Gols (ge5) | (21.05%) | SG:0 | G1:0 | G2:0
[2026-02-07T17:10:38.889Z] [INFO   ] [PASSO 232] ═══════════════════════════════════════════════════════════
[2026-02-07T17:10:38.890Z] [INFO   ] [PASSO 233]   Processando Card 41/75...
[2026-02-07T17:10:38.926Z] [DEBUG  ] [PASSO 234]   ✓ Card 41: 2x1 FT (ft21) | (21.05%) | SG:0 | G1:0 | G2:0
[2026-02-07T17:10:38.926Z] [INFO   ] [PASSO 235]   ✓ Card 41: 2x1 FT (ft21) | (21.05%) | SG:0 | G1:0 | G2:0
[2026-02-07T17:10:38.927Z] [INFO   ] [PASSO 236] ═══════════════════════════════════════════════════════════
[2026-02-07T17:10:38.927Z] [INFO   ] [PASSO 237]   Processando Card 42/75...
[2026-02-07T17:10:38.962Z] [DEBUG  ] [PASSO 238]   ✓ Card 42: 3x1 FT (ft31) | (21.05%) | SG:0 | G1:0 | G2:0
[2026-02-07T17:10:38.962Z] [INFO   ] [PASSO 239]   ✓ Card 42: 3x1 FT (ft31) | (21.05%) | SG:0 | G1:0 | G2:0
[2026-02-07T17:10:38.963Z] [INFO   ] [PASSO 240] ═══════════════════════════════════════════════════════════
[2026-02-07T17:10:38.963Z] [INFO   ] [PASSO 241]   Processando Card 43/75...
[2026-02-07T17:10:38.999Z] [DEBUG  ] [PASSO 242]   ✓ Card 43: Outros HT (out) | (21.05%) | SG:0 | G1:0 | G2:0
[2026-02-07T17:10:39.000Z] [INFO   ] [PASSO 243]   ✓ Card 43: Outros HT (out) | (21.05%) | SG:0 | G1:0 | G2:0
[2026-02-07T17:10:39.000Z] [INFO   ] [PASSO 244] ═══════════════════════════════════════════════════════════
[2026-02-07T17:10:39.000Z] [INFO   ] [PASSO 245]   Processando Card 44/75...
[2026-02-07T17:10:39.035Z] [DEBUG  ] [PASSO 246]   ✓ Card 44: 2x2 FT (ft22) | (15.79%) | SG:0 | G1:0 | G2:0
[2026-02-07T17:10:39.036Z] [INFO   ] [PASSO 247]   ✓ Card 44: 2x2 FT (ft22) | (15.79%) | SG:0 | G1:0 | G2:0
[2026-02-07T17:10:39.036Z] [INFO   ] [PASSO 248] ═══════════════════════════════════════════════════════════
[2026-02-07T17:10:39.037Z] [INFO   ] [PASSO 249]   Processando Card 45/75...
[2026-02-07T17:10:39.070Z] [DEBUG  ] [PASSO 250]   ✓ Card 45: 0x1 FT (ft01) | (15.79%) | SG:0 | G1:0 | G2:0
[2026-02-07T17:10:39.070Z] [INFO   ] [PASSO 251]   ✓ Card 45: 0x1 FT (ft01) | (15.79%) | SG:0 | G1:0 | G2:0
[2026-02-07T17:10:39.071Z] [INFO   ] [PASSO 252] ═══════════════════════════════════════════════════════════
[2026-02-07T17:10:39.071Z] [INFO   ] [PASSO 253]   Processando Card 46/75...
[2026-02-07T17:10:39.106Z] [DEBUG  ] [PASSO 254]   ✓ Card 46: 1x2 FT (ft12) | (15.79%) | SG:0 | G1:0 | G2:0
[2026-02-07T17:10:39.107Z] [INFO   ] [PASSO 255]   ✓ Card 46: 1x2 FT (ft12) | (15.79%) | SG:0 | G1:0 | G2:0
[2026-02-07T17:10:39.107Z] [INFO   ] [PASSO 256] ═══════════════════════════════════════════════════════════
[2026-02-07T17:10:39.108Z] [INFO   ] [PASSO 257]   Processando Card 47/75...
[2026-02-07T17:10:39.143Z] [DEBUG  ] [PASSO 258]   ✓ Card 47: 2x3 FT (ft23) | (15.79%) | SG:0 | G1:0 | G2:0
[2026-02-07T17:10:39.143Z] [INFO   ] [PASSO 259]   ✓ Card 47: 2x3 FT (ft23) | (15.79%) | SG:0 | G1:0 | G2:0
[2026-02-07T17:10:39.144Z] [INFO   ] [PASSO 260] ═══════════════════════════════════════════════════════════
[2026-02-07T17:10:39.144Z] [INFO   ] [PASSO 261]   Processando Card 48/75...
[2026-02-07T17:10:39.181Z] [DEBUG  ] [PASSO 262]   ✓ Card 48: 0x3 FT (ft03) | (10.53%) | SG:0 | G1:0 | G2:0
[2026-02-07T17:10:39.181Z] [INFO   ] [PASSO 263]   ✓ Card 48: 0x3 FT (ft03) | (10.53%) | SG:0 | G1:0 | G2:0
[2026-02-07T17:10:39.182Z] [INFO   ] [PASSO 264] ═══════════════════════════════════════════════════════════
[2026-02-07T17:10:39.182Z] [INFO   ] [PASSO 265]   Processando Card 49/75...
[2026-02-07T17:10:39.221Z] [DEBUG  ] [PASSO 266]   ✓ Card 49: 1x3 FT (ft13) | (10.53%) | SG:0 | G1:0 | G2:0
[2026-02-07T17:10:39.222Z] [INFO   ] [PASSO 267]   ✓ Card 49: 1x3 FT (ft13) | (10.53%) | SG:0 | G1:0 | G2:0
[2026-02-07T17:10:39.222Z] [INFO   ] [PASSO 268] ═══════════════════════════════════════════════════════════
[2026-02-07T17:10:39.222Z] [INFO   ] [PASSO 269]   Processando Card 50/75...
[2026-02-07T17:10:39.262Z] [DEBUG  ] [PASSO 270]   ✓ Card 50: 0x2 HT (ht02) | (10.53%) | SG:0 | G1:0 | G2:0
[2026-02-07T17:10:39.262Z] [INFO   ] [PASSO 271]   ✓ Card 50: 0x2 HT (ht02) | (10.53%) | SG:0 | G1:0 | G2:0
[2026-02-07T17:10:39.262Z] [INFO   ] [PASSO 272] ═══════════════════════════════════════════════════════════
[2026-02-07T17:10:39.263Z] [INFO   ] [PASSO 273]   Processando Card 51/75...
[2026-02-07T17:10:39.298Z] [DEBUG  ] [PASSO 274]   ✓ Card 51: Viradinha (vira) | (10.53%) | SG:0 | G1:0 | G2:0
[2026-02-07T17:10:39.298Z] [INFO   ] [PASSO 275]   ✓ Card 51: Viradinha (vira) | (10.53%) | SG:0 | G1:0 | G2:0
[2026-02-07T17:10:39.299Z] [INFO   ] [PASSO 276] ═══════════════════════════════════════════════════════════
[2026-02-07T17:10:39.299Z] [INFO   ] [PASSO 277]   Processando Card 52/75...
[2026-02-07T17:10:39.333Z] [DEBUG  ] [PASSO 278]   ✓ Card 52: 4x0 FT (ft40) | (5.26%) | SG:0 | G1:0 | G2:0
[2026-02-07T17:10:39.334Z] [INFO   ] [PASSO 279]   ✓ Card 52: 4x0 FT (ft40) | (5.26%) | SG:0 | G1:0 | G2:0
[2026-02-07T17:10:39.334Z] [INFO   ] [PASSO 280] ═══════════════════════════════════════════════════════════
[2026-02-07T17:10:39.335Z] [INFO   ] [PASSO 281]   Processando Card 53/75...
[2026-02-07T17:10:39.369Z] [DEBUG  ] [PASSO 282]   ✓ Card 53: 5+ Casa (ft50_c) | (5.26%) | SG:0 | G1:0 | G2:0
[2026-02-07T17:10:39.370Z] [INFO   ] [PASSO 283]   ✓ Card 53: 5+ Casa (ft50_c) | (5.26%) | SG:0 | G1:0 | G2:0
[2026-02-07T17:10:39.370Z] [INFO   ] [PASSO 284] ═══════════════════════════════════════════════════════════
[2026-02-07T17:10:39.371Z] [INFO   ] [PASSO 285]   Processando Card 54/75...
[2026-02-07T17:10:39.404Z] [DEBUG  ] [PASSO 286]   ✓ Card 54: 3x3 FT (ft33) | (5.26%) | SG:0 | G1:0 | G2:0
[2026-02-07T17:10:39.405Z] [INFO   ] [PASSO 287]   ✓ Card 54: 3x3 FT (ft33) | (5.26%) | SG:0 | G1:0 | G2:0
[2026-02-07T17:10:39.405Z] [INFO   ] [PASSO 288] ═══════════════════════════════════════════════════════════
[2026-02-07T17:10:39.405Z] [INFO   ] [PASSO 289]   Processando Card 55/75...
[2026-02-07T17:10:39.440Z] [DEBUG  ] [PASSO 290]   ✓ Card 55: 5+ Empate (ft50_e) | (5.26%) | SG:0 | G1:0 | G2:0
[2026-02-07T17:10:39.441Z] [INFO   ] [PASSO 291]   ✓ Card 55: 5+ Empate (ft50_e) | (5.26%) | SG:0 | G1:0 | G2:0
[2026-02-07T17:10:39.441Z] [INFO   ] [PASSO 292] ═══════════════════════════════════════════════════════════
[2026-02-07T17:10:39.442Z] [INFO   ] [PASSO 293]   Processando Card 56/75...
[2026-02-07T17:10:39.477Z] [DEBUG  ] [PASSO 294]   ✓ Card 56: 0x2 FT (ft02) | (5.26%) | SG:0 | G1:0 | G2:0
[2026-02-07T17:10:39.477Z] [INFO   ] [PASSO 295]   ✓ Card 56: 0x2 FT (ft02) | (5.26%) | SG:0 | G1:0 | G2:0
[2026-02-07T17:10:39.478Z] [INFO   ] [PASSO 296] ═══════════════════════════════════════════════════════════
[2026-02-07T17:10:39.478Z] [INFO   ] [PASSO 297]   Processando Card 57/75...
[2026-02-07T17:10:39.514Z] [DEBUG  ] [PASSO 298]   ✓ Card 57: 3x0 FT (ft30) | (0.00%) | SG:0 | G1:0 | G2:0
[2026-02-07T17:10:39.515Z] [INFO   ] [PASSO 299]   ✓ Card 57: 3x0 FT (ft30) | (0.00%) | SG:0 | G1:0 | G2:0
[2026-02-07T17:10:39.515Z] [INFO   ] [PASSO 300] ═══════════════════════════════════════════════════════════
[2026-02-07T17:10:39.515Z] [INFO   ] [PASSO 301]   Processando Card 58/75...
[2026-02-07T17:10:39.549Z] [DEBUG  ] [PASSO 302]   ✓ Card 58: 3x2 FT (ft32) | (0.00%) | SG:0 | G1:0 | G2:0
[2026-02-07T17:10:39.549Z] [INFO   ] [PASSO 303]   ✓ Card 58: 3x2 FT (ft32) | (0.00%) | SG:0 | G1:0 | G2:0
[2026-02-07T17:10:39.550Z] [INFO   ] [PASSO 304] ═══════════════════════════════════════════════════════════
[2026-02-07T17:10:39.550Z] [INFO   ] [PASSO 305]   Processando Card 59/75...
[2026-02-07T17:10:39.590Z] [DEBUG  ] [PASSO 306]   ✓ Card 59: 4x1 FT (ft41) | (0.00%) | SG:0 | G1:0 | G2:0
[2026-02-07T17:10:39.590Z] [INFO   ] [PASSO 307]   ✓ Card 59: 4x1 FT (ft41) | (0.00%) | SG:0 | G1:0 | G2:0
[2026-02-07T17:10:39.591Z] [INFO   ] [PASSO 308] ═══════════════════════════════════════════════════════════
[2026-02-07T17:10:39.591Z] [INFO   ] [PASSO 309]   Processando Card 60/75...
[2026-02-07T17:10:39.634Z] [DEBUG  ] [PASSO 310]   ✓ Card 60: 4x2 FT (ft42) | (0.00%) | SG:0 | G1:0 | G2:0
[2026-02-07T17:10:39.635Z] [INFO   ] [PASSO 311]   ✓ Card 60: 4x2 FT (ft42) | (0.00%) | SG:0 | G1:0 | G2:0
[2026-02-07T17:10:39.636Z] [INFO   ] [PASSO 312] ═══════════════════════════════════════════════════════════
[2026-02-07T17:10:39.636Z] [INFO   ] [PASSO 313]   Processando Card 61/75...
[2026-02-07T17:10:39.678Z] [DEBUG  ] [PASSO 314]   ✓ Card 61: 4x3 FT (ft43) | (0.00%) | SG:0 | G1:0 | G2:0
[2026-02-07T17:10:39.678Z] [INFO   ] [PASSO 315]   ✓ Card 61: 4x3 FT (ft43) | (0.00%) | SG:0 | G1:0 | G2:0
[2026-02-07T17:10:39.679Z] [INFO   ] [PASSO 316] ═══════════════════════════════════════════════════════════
[2026-02-07T17:10:39.679Z] [INFO   ] [PASSO 317]   Processando Card 62/75...
[2026-02-07T17:10:39.723Z] [DEBUG  ] [PASSO 318]   ✓ Card 62: 4x4 FT (ft44) | (0.00%) | SG:0 | G1:0 | G2:0
[2026-02-07T17:10:39.723Z] [INFO   ] [PASSO 319]   ✓ Card 62: 4x4 FT (ft44) | (0.00%) | SG:0 | G1:0 | G2:0
[2026-02-07T17:10:39.724Z] [INFO   ] [PASSO 320] ═══════════════════════════════════════════════════════════
[2026-02-07T17:10:39.724Z] [INFO   ] [PASSO 321]   Processando Card 63/75...
[2026-02-07T17:10:39.767Z] [DEBUG  ] [PASSO 322]   ✓ Card 63: 0x4 FT (ft04) | (0.00%) | SG:0 | G1:0 | G2:0
[2026-02-07T17:10:39.767Z] [INFO   ] [PASSO 323]   ✓ Card 63: 0x4 FT (ft04) | (0.00%) | SG:0 | G1:0 | G2:0
[2026-02-07T17:10:39.768Z] [INFO   ] [PASSO 324] ═══════════════════════════════════════════════════════════
[2026-02-07T17:10:39.768Z] [INFO   ] [PASSO 325]   Processando Card 64/75...
[2026-02-07T17:10:39.805Z] [DEBUG  ] [PASSO 326]   ✓ Card 64: 1x4 FT (ft14) | (0.00%) | SG:0 | G1:0 | G2:0
[2026-02-07T17:10:39.806Z] [INFO   ] [PASSO 327]   ✓ Card 64: 1x4 FT (ft14) | (0.00%) | SG:0 | G1:0 | G2:0
[2026-02-07T17:10:39.806Z] [INFO   ] [PASSO 328] ═══════════════════════════════════════════════════════════
[2026-02-07T17:10:39.806Z] [INFO   ] [PASSO 329]   Processando Card 65/75...
[2026-02-07T17:10:39.841Z] [DEBUG  ] [PASSO 330]   ✓ Card 65: 2x4 FT (ft24) | (0.00%) | SG:0 | G1:0 | G2:0
[2026-02-07T17:10:39.842Z] [INFO   ] [PASSO 331]   ✓ Card 65: 2x4 FT (ft24) | (0.00%) | SG:0 | G1:0 | G2:0
[2026-02-07T17:10:39.843Z] [INFO   ] [PASSO 332] ═══════════════════════════════════════════════════════════
[2026-02-07T17:10:39.843Z] [INFO   ] [PASSO 333]   Processando Card 66/75...
[2026-02-07T17:10:39.879Z] [DEBUG  ] [PASSO 334]   ✓ Card 66: 3x4 FT (ft34) | (0.00%) | SG:0 | G1:0 | G2:0
[2026-02-07T17:10:39.880Z] [INFO   ] [PASSO 335]   ✓ Card 66: 3x4 FT (ft34) | (0.00%) | SG:0 | G1:0 | G2:0
[2026-02-07T17:10:39.880Z] [INFO   ] [PASSO 336] ═══════════════════════════════════════════════════════════
[2026-02-07T17:10:39.881Z] [INFO   ] [PASSO 337]   Processando Card 67/75...
[2026-02-07T17:10:39.916Z] [DEBUG  ] [PASSO 338]   ✓ Card 67: 5+ Visitante (ft50_f) | (0.00%) | SG:0 | G1:0 | G2:0
[2026-02-07T17:10:39.916Z] [INFO   ] [PASSO 339]   ✓ Card 67: 5+ Visitante (ft50_f) | (0.00%) | SG:0 | G1:0 | G2:0
[2026-02-07T17:10:39.917Z] [INFO   ] [PASSO 340] ═══════════════════════════════════════════════════════════
[2026-02-07T17:10:39.917Z] [INFO   ] [PASSO 341]   Processando Card 68/75...
[2026-02-07T17:10:39.954Z] [DEBUG  ] [PASSO 342]   ✓ Card 68: Handicap Casa (hac) | (0.00%) | SG:0 | G1:0 | G2:0
[2026-02-07T17:10:39.954Z] [INFO   ] [PASSO 343]   ✓ Card 68: Handicap Casa (hac) | (0.00%) | SG:0 | G1:0 | G2:0
[2026-02-07T17:10:39.955Z] [INFO   ] [PASSO 344] ═══════════════════════════════════════════════════════════
[2026-02-07T17:10:39.955Z] [INFO   ] [PASSO 345]   Processando Card 69/75...
[2026-02-07T17:10:39.992Z] [DEBUG  ] [PASSO 346]   ✓ Card 69: Handicap Visitante (hav) | (0.00%) | SG:0 | G1:0 | G2:0
[2026-02-07T17:10:39.992Z] [INFO   ] [PASSO 347]   ✓ Card 69: Handicap Visitante (hav) | (0.00%) | SG:0 | G1:0 | G2:0
[2026-02-07T17:10:39.993Z] [INFO   ] [PASSO 348] ═══════════════════════════════════════════════════════════
[2026-02-07T17:10:39.993Z] [INFO   ] [PASSO 349]   Processando Card 70/75...
[2026-02-07T17:10:40.029Z] [DEBUG  ] [PASSO 350]   ✓ Card 70: Over 0.5 (o05) | (100.00%) | SG:0 | G1:0 | G2:0
[2026-02-07T17:10:40.030Z] [INFO   ] [PASSO 351]   ✓ Card 70: Over 0.5 (o05) | (100.00%) | SG:0 | G1:0 | G2:0
[2026-02-07T17:10:40.030Z] [INFO   ] [PASSO 352] ═══════════════════════════════════════════════════════════
[2026-02-07T17:10:40.031Z] [INFO   ] [PASSO 353]   Processando Card 71/75...
[2026-02-07T17:10:40.067Z] [DEBUG  ] [PASSO 354]   ✓ Card 71: Over 1.5 (o15) | (100.00%) | SG:0 | G1:0 | G2:0
[2026-02-07T17:10:40.068Z] [INFO   ] [PASSO 355]   ✓ Card 71: Over 1.5 (o15) | (100.00%) | SG:0 | G1:0 | G2:0
[2026-02-07T17:10:40.068Z] [INFO   ] [PASSO 356] ═══════════════════════════════════════════════════════════
[2026-02-07T17:10:40.069Z] [INFO   ] [PASSO 357]   Processando Card 72/75...
[2026-02-07T17:10:40.128Z] [DEBUG  ] [PASSO 358]   ✓ Card 72: Under 3.5 (u35) | (94.74%) | SG:0 | G1:0 | G2:0
[2026-02-07T17:10:40.128Z] [INFO   ] [PASSO 359]   ✓ Card 72: Under 3.5 (u35) | (94.74%) | SG:0 | G1:0 | G2:0
[2026-02-07T17:10:40.129Z] [INFO   ] [PASSO 360] ═══════════════════════════════════════════════════════════
[2026-02-07T17:10:40.129Z] [INFO   ] [PASSO 361]   Processando Card 73/75...
[2026-02-07T17:10:40.165Z] [DEBUG  ] [PASSO 362]   ✓ Card 73: Under 2.5 (u25) | (89.47%) | SG:0 | G1:0 | G2:0
[2026-02-07T17:10:40.165Z] [INFO   ] [PASSO 363]   ✓ Card 73: Under 2.5 (u25) | (89.47%) | SG:0 | G1:0 | G2:0
[2026-02-07T17:10:40.166Z] [INFO   ] [PASSO 364] ═══════════════════════════════════════════════════════════
[2026-02-07T17:10:40.166Z] [INFO   ] [PASSO 365]   Processando Card 74/75...
[2026-02-07T17:10:40.200Z] [DEBUG  ] [PASSO 366]   ✓ Card 74: Under 1.5 (u15) | (73.68%) | SG:0 | G1:0 | G2:0
[2026-02-07T17:10:40.200Z] [INFO   ] [PASSO 367]   ✓ Card 74: Under 1.5 (u15) | (73.68%) | SG:0 | G1:0 | G2:0
[2026-02-07T17:10:40.201Z] [INFO   ] [PASSO 368] ═══════════════════════════════════════════════════════════
[2026-02-07T17:10:40.201Z] [INFO   ] [PASSO 369]   Processando Card 75/75...
[2026-02-07T17:10:40.237Z] [DEBUG  ] [PASSO 370]   ✓ Card 75: Under 0.5 (u05) | (36.84%) | SG:0 | G1:0 | G2:0
[2026-02-07T17:10:40.237Z] [INFO   ] [PASSO 371]   ✓ Card 75: Under 0.5 (u05) | (36.84%) | SG:0 | G1:0 | G2:0
[2026-02-07T17:10:40.238Z] [INFO   ] [PASSO 372] ═══════════════════════════════════════════════════════════
[2026-02-07T17:10:40.238Z] [INFO   ] [PASSO 373]   RESUMO DA EXTRAÇÃO:
[2026-02-07T17:10:40.238Z] [INFO   ] [PASSO 374]   Total de cards extraídos: 75
[2026-02-07T17:10:40.239Z] [INFO   ] [PASSO 375]   Timestamp: 2026-02-07T17:10:37.309Z
[2026-02-07T17:10:40.239Z] [INFO   ] [PASSO 376] ═══════════════════════════════════════════════════════════
[2026-02-07T17:10:40.239Z] [INFO   ] [PASSO 377] ═══════════════════════════════════════════════════════════
[2026-02-07T17:10:40.240Z] [INFO   ] [PASSO 378] SALVANDO CARDS NO BANCO DE DADOS...
[2026-02-07T17:10:40.240Z] [INFO   ] [PASSO 379]   Total de cards para inserir: 75
[2026-02-07T17:10:40.241Z] [INFO   ] [PASSO 380]   ═══════════════════════════════════════════════════════════════════
[2026-02-07T17:10:40.241Z] [INFO   ] [PASSO 381]   SALVANDO CARDS - NETWORK DO BROWSER
[2026-02-07T17:10:40.241Z] [INFO   ] [PASSO 382]   ═══════════════════════════════════════════════════════════════════
[2026-02-07T17:10:40.242Z] [INFO   ] [PASSO 383]   API URL: http://localhost:5000/api/resultados-cards/inserir-lote
[2026-02-07T17:10:40.242Z] [INFO   ] [PASSO 384]   Total cards: 75
[2026-02-07T17:10:40.243Z] [DEBUG  ] [PASSO 385]   Body Size: 13953 bytes
[2026-02-07T17:10:40.243Z] [DEBUG  ] [PASSO 386]   Body: [
  {
    "titulo": "Ambas Marcam Sim (ambs)",
    "padroes": "19/19",
    "percentual": "(100.00%)",
    "sg": 0,
    "g1": 0,
    "g2": 0,
    "data_hora_busca": "2026-02-07T17:10:37.309Z"
  },
  {
    "titulo": "Casa Marca Sim (cms)",
    "padroes": "19/19",
    "percentual": "(100.00%)",
    "sg": 0,
    "g1": 0,
    "g2": 0,
    "data_hora_busca": "2026-02-07T17:10:37.309Z"
  },
  {
    "titulo": "Visitante Marca Sim (vms)",
    "padroes": "19/19",
    "percentual": "(100.00%)",
    "sg": 0...
[2026-02-07T17:10:40.244Z] [INFO   ] [PASSO 387]   [NETWORK] Listeners registrados
[2026-02-07T17:10:40.244Z] [INFO   ] [PASSO 388]   ═══════════════════════════════════════════════════════════════════
[2026-02-07T17:10:40.244Z] [INFO   ] [PASSO 389]   ENVIANDO POST VIA BROWSER FETCH...
[2026-02-07T17:10:40.245Z] [INFO   ] [PASSO 390]   ═══════════════════════════════════════════════════════════════════
[2026-02-07T17:10:40.249Z] [DEBUG  ] [PASSO 391]   [NETWORK] Request: POST http://localhost:5000/api/resultados-cards/inserir-lote
[2026-02-07T17:10:40.299Z] [DEBUG  ] [PASSO 392]   [NETWORK] Response: http://localhost:5000/api/resultados-cards/inserir-lote -> 404
[2026-02-07T17:10:40.300Z] [BROWSER-ERROR] [PASSO 393] Console Error: Failed to load resource: the server responded with a status of 404 (Not Found)
[2026-02-07T17:10:40.300Z] [INFO   ] [PASSO 394]   ═══════════════════════════════════════════════════════════════════
[2026-02-07T17:10:40.301Z] [INFO   ] [PASSO 395]   RESULTADO DA REQUISIÇÃO
[2026-02-07T17:10:40.301Z] [INFO   ] [PASSO 396]   ═══════════════════════════════════════════════════════════════════
[2026-02-07T17:10:40.301Z] [INFO   ] [PASSO 397]   Status: 404 Not Found
[2026-02-07T17:10:40.302Z] [INFO   ] [PASSO 398]   Success: false
[2026-02-07T17:10:40.302Z] [INFO   ] [PASSO 399]   Duration: 52ms
[2026-02-07T17:10:40.303Z] [DEBUG  ] [PASSO 400]   Response Body: N/A
[2026-02-07T17:10:40.303Z] [DEBUG  ] [PASSO 401]   Network Logs: [
  {
    "type": "request",
    "url": "http://localhost:5000/api/resultados-cards/inserir-lote",
    "method": "POST",
    "headers": {
      "sec-ch-ua": "\"Chromium\";v=\"121\", \"Not A(Brand\";v=\"99\"",
      "accept": "application/json",
      "content-type": "application/json",
      "referer": "",
      "sec-ch-ua-mobile": "?0",
      "user-agent": "Mozilla/5.0 (Windows NT 10.0; Win64; x64) AppleWebKit/537.36 (KHTML, like Gecko) Chrome/121.0.0.0 Safari/537.36",
      "sec-ch-ua-platform": "\"Windows\""
    }
  },
  {
    "type": "response",
    "url": "http://localhost:5000/api/resultados-cards/inserir-lote",
    "status": 404,
    "headers": {
      "content-length": "0",
      "date": "Sat, 07 Feb 2026 17:10:39 GMT",
      "server": "Kestrel"
    }
  }
]
[2026-02-07T17:10:40.304Z] [ERROR  ] [PASSO 402]   ✗ Falha: 404 - Not Found
[2026-02-07T17:10:40.304Z] [ERROR  ] [PASSO 403] Erro ao salvar cards: HTTP 404
[2026-02-07T17:10:40.305Z] [INFO   ] [PASSO 404] ═══════════════════════════════════════════════════════════
[2026-02-07T17:10:40.305Z] [INFO   ] [PASSO 405] RESUMO DA EXTRAÇÃO:
[2026-02-07T17:10:40.306Z] [INFO   ] [PASSO 406]   Total de cards processados: 75
[2026-02-07T17:10:40.306Z] [INFO   ] [PASSO 407]   Cards inseridos no banco: 0
[2026-02-07T17:10:40.307Z] [INFO   ] [PASSO 408]   Timestamp: 2026-02-07T17:10:37.309Z
[2026-02-07T17:10:40.307Z] [SUCCESS] [PASSO 409] Extraídos 75 cards com sucesso
[2026-02-07T17:10:40.307Z] [INFO   ] [PASSO 410] Card 1: Ambas Marcam Sim (ambs) | Percentual: (100.00%) | SG: 0 | G1: 0 | G2: 0
[2026-02-07T17:10:40.308Z] [INFO   ] [PASSO 411] Card 2: Casa Marca Sim (cms) | Percentual: (100.00%) | SG: 0 | G1: 0 | G2: 0
[2026-02-07T17:10:40.308Z] [INFO   ] [PASSO 412] Card 3: Visitante Marca Sim (vms) | Percentual: (100.00%) | SG: 0 | G1: 0 | G2: 0
[2026-02-07T17:10:40.309Z] [INFO   ] [PASSO 413] Card 4: Ambas Não Marcam (ambn) | Percentual: (89.47%) | SG: 0 | G1: 0 | G2: 0
[2026-02-07T17:10:40.309Z] [INFO   ] [PASSO 414] Card 5: Over 2.5 (o25) | Percentual: (84.21%) | SG: 0 | G1: 0 | G2: 0
[2026-02-07T17:10:40.309Z] [INFO   ] [PASSO 415] Card 6: Visitante Não Marca (vmn) | Percentual: (84.21%) | SG: 0 | G1: 0 | G2: 0
[2026-02-07T17:10:40.310Z] [INFO   ] [PASSO 416] Card 7: [HT] Empate (hte) | Percentual: (84.21%) | SG: 0 | G1: 0 | G2: 0
[2026-02-07T17:10:40.310Z] [INFO   ] [PASSO 417] Card 8: Casa (pmc) | Percentual: (84.21%) | SG: 0 | G1: 0 | G2: 0
[2026-02-07T17:10:40.311Z] [INFO   ] [PASSO 418] Card 9: Casa (umc) | Percentual: (78.95%) | SG: 0 | G1: 0 | G2: 0
[2026-02-07T17:10:40.311Z] [INFO   ] [PASSO 419] Card 10: Empate (fte) | Percentual: (73.68%) | SG: 0 | G1: 0 | G2: 0
[2026-02-07T17:10:40.311Z] [INFO   ] [PASSO 420] Card 11: Visitante (umv) | Percentual: (73.68%) | SG: 0 | G1: 0 | G2: 0
[2026-02-07T17:10:40.312Z] [INFO   ] [PASSO 421] Card 12: Vencedor Casa (ftc) | Percentual: (68.42%) | SG: 0 | G1: 0 | G2: 0
[2026-02-07T17:10:40.312Z] [INFO   ] [PASSO 422] Card 13: 0x0 HT (ht00) | Percentual: (68.42%) | SG: 0 | G1: 0 | G2: 0
[2026-02-07T17:10:40.313Z] [INFO   ] [PASSO 423] Card 14: Visitante (pmv) | Percentual: (68.42%) | SG: 0 | G1: 0 | G2: 0
[2026-02-07T17:10:40.313Z] [INFO   ] [PASSO 424] Card 15: [HT] Vencedor Casa (htc) | Percentual: (63.16%) | SG: 0 | G1: 0 | G2: 0
[2026-02-07T17:10:40.313Z] [INFO   ] [PASSO 425] Card 16: 2 Gols (ge2) | Percentual: (63.16%) | SG: 0 | G1: 0 | G2: 0
[2026-02-07T17:10:40.314Z] [INFO   ] [PASSO 426] Card 17: Over 3.5 (o35) | Percentual: (57.89%) | SG: 0 | G1: 0 | G2: 0
[2026-02-07T17:10:40.314Z] [INFO   ] [PASSO 427] Card 18: Resultado Empate / Ambas Sim (reas) | Percentual: (57.89%) | SG: 0 | G1: 0 | G2: 0
[2026-02-07T17:10:40.314Z] [INFO   ] [PASSO 428] Card 19: Casa Não Marca (cmn) | Percentual: (52.63%) | SG: 0 | G1: 0 | G2: 0
[2026-02-07T17:10:40.315Z] [INFO   ] [PASSO 429] Card 20: [HT] Vencedor Visitante (htv) | Percentual: (52.63%) | SG: 0 | G1: 0 | G2: 0
[2026-02-07T17:10:40.315Z] [INFO   ] [PASSO 430] Card 21: Resultado Casa / Ambas Não (rcan) | Percentual: (52.63%) | SG: 0 | G1: 0 | G2: 0
[2026-02-07T17:10:40.316Z] [INFO   ] [PASSO 431] Card 22: Vencedor Visitante (ftv) | Percentual: (47.37%) | SG: 0 | G1: 0 | G2: 0
[2026-02-07T17:10:40.316Z] [INFO   ] [PASSO 432] Card 23: 3 Gols (ge3) | Percentual: (47.37%) | SG: 0 | G1: 0 | G2: 0
[2026-02-07T17:10:40.316Z] [INFO   ] [PASSO 433] Card 24: 1x0 HT (ht10) | Percentual: (47.37%) | SG: 0 | G1: 0 | G2: 0
[2026-02-07T17:10:40.317Z] [INFO   ] [PASSO 434] Card 25: 1 Gols (ge1) | Percentual: (42.11%) | SG: 0 | G1: 0 | G2: 0
[2026-02-07T17:10:40.317Z] [INFO   ] [PASSO 435] Card 26: 4 Gols (ge4) | Percentual: (42.11%) | SG: 0 | G1: 0 | G2: 0
[2026-02-07T17:10:40.317Z] [INFO   ] [PASSO 436] Card 27: Resultado Casa / Ambas Sim (rcas) | Percentual: (42.11%) | SG: 0 | G1: 0 | G2: 0
[2026-02-07T17:10:40.318Z] [INFO   ] [PASSO 437] Card 28: 0 Gols (ge0) | Percentual: (36.84%) | SG: 0 | G1: 0 | G2: 0
[2026-02-07T17:10:40.318Z] [INFO   ] [PASSO 438] Card 29: 0x0 FT (ft00) | Percentual: (36.84%) | SG: 0 | G1: 0 | G2: 0
[2026-02-07T17:10:40.318Z] [INFO   ] [PASSO 439] Card 30: 1x1 FT (ft11) | Percentual: (36.84%) | SG: 0 | G1: 0 | G2: 0
[2026-02-07T17:10:40.319Z] [INFO   ] [PASSO 440] Card 31: 1x1 HT (ht11) | Percentual: (36.84%) | SG: 0 | G1: 0 | G2: 0
[2026-02-07T17:10:40.319Z] [INFO   ] [PASSO 441] Card 32: 0x1 HT (ht01) | Percentual: (36.84%) | SG: 0 | G1: 0 | G2: 0
[2026-02-07T17:10:40.320Z] [INFO   ] [PASSO 442] Card 33: Resultado Visitante / Ambas Sim (rvas) | Percentual: (36.84%) | SG: 0 | G1: 0 | G2: 0
[2026-02-07T17:10:40.320Z] [INFO   ] [PASSO 443] Card 34: Resultado Empate / Ambas Não (rean) | Percentual: (36.84%) | SG: 0 | G1: 0 | G2: 0
[2026-02-07T17:10:40.320Z] [INFO   ] [PASSO 444] Card 35: 2x0 HT (ht20) | Percentual: (31.58%) | SG: 0 | G1: 0 | G2: 0
[2026-02-07T17:10:40.321Z] [INFO   ] [PASSO 445] Card 36: Resultado Visitante / Ambas Não (rvan) | Percentual: (31.58%) | SG: 0 | G1: 0 | G2: 0
[2026-02-07T17:10:40.321Z] [INFO   ] [PASSO 446] Card 37: Over 5+ (o50) | Percentual: (26.32%) | SG: 0 | G1: 0 | G2: 0
[2026-02-07T17:10:40.322Z] [INFO   ] [PASSO 447] Card 38: 1x0 FT (ft10) | Percentual: (26.32%) | SG: 0 | G1: 0 | G2: 0
[2026-02-07T17:10:40.322Z] [INFO   ] [PASSO 448] Card 39: 2x0 FT (ft20) | Percentual: (26.32%) | SG: 0 | G1: 0 | G2: 0
[2026-02-07T17:10:40.322Z] [INFO   ] [PASSO 449] Card 40: 5+ Gols (ge5) | Percentual: (21.05%) | SG: 0 | G1: 0 | G2: 0
[2026-02-07T17:10:40.323Z] [INFO   ] [PASSO 450] Card 41: 2x1 FT (ft21) | Percentual: (21.05%) | SG: 0 | G1: 0 | G2: 0
[2026-02-07T17:10:40.323Z] [INFO   ] [PASSO 451] Card 42: 3x1 FT (ft31) | Percentual: (21.05%) | SG: 0 | G1: 0 | G2: 0
[2026-02-07T17:10:40.323Z] [INFO   ] [PASSO 452] Card 43: Outros HT (out) | Percentual: (21.05%) | SG: 0 | G1: 0 | G2: 0
[2026-02-07T17:10:40.324Z] [INFO   ] [PASSO 453] Card 44: 2x2 FT (ft22) | Percentual: (15.79%) | SG: 0 | G1: 0 | G2: 0
[2026-02-07T17:10:40.324Z] [INFO   ] [PASSO 454] Card 45: 0x1 FT (ft01) | Percentual: (15.79%) | SG: 0 | G1: 0 | G2: 0
[2026-02-07T17:10:40.324Z] [INFO   ] [PASSO 455] Card 46: 1x2 FT (ft12) | Percentual: (15.79%) | SG: 0 | G1: 0 | G2: 0
[2026-02-07T17:10:40.325Z] [INFO   ] [PASSO 456] Card 47: 2x3 FT (ft23) | Percentual: (15.79%) | SG: 0 | G1: 0 | G2: 0
[2026-02-07T17:10:40.325Z] [INFO   ] [PASSO 457] Card 48: 0x3 FT (ft03) | Percentual: (10.53%) | SG: 0 | G1: 0 | G2: 0
[2026-02-07T17:10:40.326Z] [INFO   ] [PASSO 458] Card 49: 1x3 FT (ft13) | Percentual: (10.53%) | SG: 0 | G1: 0 | G2: 0
[2026-02-07T17:10:40.326Z] [INFO   ] [PASSO 459] Card 50: 0x2 HT (ht02) | Percentual: (10.53%) | SG: 0 | G1: 0 | G2: 0
[2026-02-07T17:10:40.326Z] [INFO   ] [PASSO 460] Card 51: Viradinha (vira) | Percentual: (10.53%) | SG: 0 | G1: 0 | G2: 0
[2026-02-07T17:10:40.327Z] [INFO   ] [PASSO 461] Card 52: 4x0 FT (ft40) | Percentual: (5.26%) | SG: 0 | G1: 0 | G2: 0
[2026-02-07T17:10:40.327Z] [INFO   ] [PASSO 462] Card 53: 5+ Casa (ft50_c) | Percentual: (5.26%) | SG: 0 | G1: 0 | G2: 0
[2026-02-07T17:10:40.327Z] [INFO   ] [PASSO 463] Card 54: 3x3 FT (ft33) | Percentual: (5.26%) | SG: 0 | G1: 0 | G2: 0
[2026-02-07T17:10:40.328Z] [INFO   ] [PASSO 464] Card 55: 5+ Empate (ft50_e) | Percentual: (5.26%) | SG: 0 | G1: 0 | G2: 0
[2026-02-07T17:10:40.328Z] [INFO   ] [PASSO 465] Card 56: 0x2 FT (ft02) | Percentual: (5.26%) | SG: 0 | G1: 0 | G2: 0
[2026-02-07T17:10:40.329Z] [INFO   ] [PASSO 466] Card 57: 3x0 FT (ft30) | Percentual: (0.00%) | SG: 0 | G1: 0 | G2: 0
[2026-02-07T17:10:40.329Z] [INFO   ] [PASSO 467] Card 58: 3x2 FT (ft32) | Percentual: (0.00%) | SG: 0 | G1: 0 | G2: 0
[2026-02-07T17:10:40.329Z] [INFO   ] [PASSO 468] Card 59: 4x1 FT (ft41) | Percentual: (0.00%) | SG: 0 | G1: 0 | G2: 0
[2026-02-07T17:10:40.330Z] [INFO   ] [PASSO 469] Card 60: 4x2 FT (ft42) | Percentual: (0.00%) | SG: 0 | G1: 0 | G2: 0
[2026-02-07T17:10:40.330Z] [INFO   ] [PASSO 470] Card 61: 4x3 FT (ft43) | Percentual: (0.00%) | SG: 0 | G1: 0 | G2: 0
[2026-02-07T17:10:40.331Z] [INFO   ] [PASSO 471] Card 62: 4x4 FT (ft44) | Percentual: (0.00%) | SG: 0 | G1: 0 | G2: 0
[2026-02-07T17:10:40.331Z] [INFO   ] [PASSO 472] Card 63: 0x4 FT (ft04) | Percentual: (0.00%) | SG: 0 | G1: 0 | G2: 0
[2026-02-07T17:10:40.331Z] [INFO   ] [PASSO 473] Card 64: 1x4 FT (ft14) | Percentual: (0.00%) | SG: 0 | G1: 0 | G2: 0
[2026-02-07T17:10:40.332Z] [INFO   ] [PASSO 474] Card 65: 2x4 FT (ft24) | Percentual: (0.00%) | SG: 0 | G1: 0 | G2: 0
[2026-02-07T17:10:40.332Z] [INFO   ] [PASSO 475] Card 66: 3x4 FT (ft34) | Percentual: (0.00%) | SG: 0 | G1: 0 | G2: 0
[2026-02-07T17:10:40.332Z] [INFO   ] [PASSO 476] Card 67: 5+ Visitante (ft50_f) | Percentual: (0.00%) | SG: 0 | G1: 0 | G2: 0
[2026-02-07T17:10:40.333Z] [INFO   ] [PASSO 477] Card 68: Handicap Casa (hac) | Percentual: (0.00%) | SG: 0 | G1: 0 | G2: 0
[2026-02-07T17:10:40.333Z] [INFO   ] [PASSO 478] Card 69: Handicap Visitante (hav) | Percentual: (0.00%) | SG: 0 | G1: 0 | G2: 0
[2026-02-07T17:10:40.334Z] [INFO   ] [PASSO 479] Card 70: Over 0.5 (o05) | Percentual: (100.00%) | SG: 0 | G1: 0 | G2: 0
[2026-02-07T17:10:40.334Z] [INFO   ] [PASSO 480] Card 71: Over 1.5 (o15) | Percentual: (100.00%) | SG: 0 | G1: 0 | G2: 0
[2026-02-07T17:10:40.334Z] [INFO   ] [PASSO 481] Card 72: Under 3.5 (u35) | Percentual: (94.74%) | SG: 0 | G1: 0 | G2: 0
[2026-02-07T17:10:40.335Z] [INFO   ] [PASSO 482] Card 73: Under 2.5 (u25) | Percentual: (89.47%) | SG: 0 | G1: 0 | G2: 0
[2026-02-07T17:10:40.335Z] [INFO   ] [PASSO 483] Card 74: Under 1.5 (u15) | Percentual: (73.68%) | SG: 0 | G1: 0 | G2: 0
[2026-02-07T17:10:40.336Z] [INFO   ] [PASSO 484] Card 75: Under 0.5 (u05) | Percentual: (36.84%) | SG: 0 | G1: 0 | G2: 0
[2026-02-07T17:10:40.336Z] [SUCCESS] [PASSO 485] ========================================
[2026-02-07T17:10:40.336Z] [SUCCESS] [PASSO 486] BUSCADOR DE PADRÕES CONCLUÍDO COM SUCESSO!
[2026-02-07T17:10:40.337Z] [SUCCESS] [PASSO 487] ========================================
[2026-02-07T17:10:40.596Z] [INFO   ] [PASSO 488] Browser fechado
[2026-02-07T17:10:40.597Z] [INFO   ] [PASSO 489] ========================================
[2026-02-07T17:10:40.597Z] [INFO   ] [PASSO 490] ROBÔ FINALIZADO
[2026-02-07T17:10:40.598Z] [INFO   ] [PASSO 491] Total de passos: 490
[2026-02-07T17:10:40.598Z] [INFO   ] [PASSO 492] ========================================
[2026-02-07T18:00:50.229Z] [INFO   ] [PASSO 1] ========================================
[2026-02-07T18:00:50.231Z] [INFO   ] [PASSO 2] INICIANDO BB TIPS ROBOT
[2026-02-07T18:00:50.231Z] [INFO   ] [PASSO 3] ========================================
[2026-02-07T18:00:50.232Z] [INFO   ] [PASSO 4] URL Base (BB Tips): https://app.bbtips.com.br
[2026-02-07T18:00:50.232Z] [INFO   ] [PASSO 5] API URL (Banco): http://localhost:5000
[2026-02-07T18:00:50.232Z] [INFO   ] [PASSO 6] Email: ****@***.***
[2026-02-07T18:00:50.233Z] [INFO   ] [PASSO 7] Inicializando browser...
[2026-02-07T18:00:52.467Z] [SUCCESS] [PASSO 8] Browser iniciado com sucesso
[2026-02-07T18:00:52.468Z] [INFO   ] [PASSO 9] ---------------------------------------
[2026-02-07T18:00:52.469Z] [INFO   ] [PASSO 10] INICIANDO LOGIN
[2026-02-07T18:00:52.470Z] [INFO   ] [PASSO 11] ---------------------------------------
[2026-02-07T18:00:52.471Z] [INFO   ] [PASSO 12] Navegando para: https://app.bbtips.com.br/login
[2026-02-07T18:00:57.417Z] [DEBUG  ] [PASSO 13] Título da página: BB Tips
[2026-02-07T18:00:57.417Z] [INFO   ] [PASSO 14] Procurando campo de email...
[2026-02-07T18:00:57.433Z] [SUCCESS] [PASSO 15] Campo de email encontrado
[2026-02-07T18:00:57.530Z] [INFO   ] [PASSO 16] Email preenchido
[2026-02-07T18:00:57.531Z] [INFO   ] [PASSO 17] Procurando campo de senha...
[2026-02-07T18:00:57.535Z] [SUCCESS] [PASSO 18] Campo de senha encontrado
[2026-02-07T18:00:57.565Z] [INFO   ] [PASSO 19] Senha preenchida
[2026-02-07T18:00:57.565Z] [INFO   ] [PASSO 20] Procurando botão de login...
[2026-02-07T18:00:57.572Z] [SUCCESS] [PASSO 21] Botão de login encontrado: "Entrar"
[2026-02-07T18:00:57.605Z] [INFO   ] [PASSO 22] Clicou no botão de login, aguardando...
[2026-02-07T18:01:02.620Z] [INFO   ] [PASSO 23] URL atual: https://app.bbtips.com.br/inicio
[2026-02-07T18:01:02.620Z] [SUCCESS] [PASSO 24] Login realizado com sucesso!
[2026-02-07T18:01:02.621Z] [INFO   ] [PASSO 25] URL após login: https://app.bbtips.com.br/inicio
[2026-02-07T18:01:02.622Z] [INFO   ] [PASSO 26] ---------------------------------------
[2026-02-07T18:01:02.622Z] [INFO   ] [PASSO 27] EXECUTANDO BUSCADOR DE PADRÕES
[2026-02-07T18:01:02.622Z] [INFO   ] [PASSO 28] ---------------------------------------
[2026-02-07T18:01:02.623Z] [INFO   ] [PASSO 29] URL Base do robô: https://app.bbtips.com.br
[2026-02-07T18:01:02.623Z] [INFO   ] [PASSO 30] Navegando para: https://app.bbtips.com.br/bots/novo
[2026-02-07T18:01:02.624Z] [DEBUG  ] [PASSO 31] URL atual antes de navegar: https://app.bbtips.com.br/inicio
[2026-02-07T18:01:04.412Z] [DEBUG  ] [PASSO 32] URL após navegar: https://app.bbtips.com.br/bots/novo
[2026-02-07T18:01:07.431Z] [DEBUG  ] [PASSO 33] Conteúdo da página: 23/02/2026
 Bet365 
 Betano 
 Kiron
 SportingBet
 Aviator 
 Blaze 
 Roletas
 Luiz Silva 
Criar Novo Robô
Layout Antigo
Público
Selecione a Liga que deseja atuar
TodasCopaEuroSuperPremier
Nome
Chat
×[B...
[2026-02-07T18:01:07.432Z] [INFO   ] [PASSO 34] Procurando botão Buscar Padrões...
[2026-02-07T18:01:07.437Z] [SUCCESS] [PASSO 35] Botão Buscar Padrões encontrado: "Buscador de Padrões 🤖"
[2026-02-07T18:01:09.476Z] [INFO   ] [PASSO 36] Procurando campo Máximo Pulos...
[2026-02-07T18:01:09.480Z] [WARN   ] [PASSO 37] Campo Máximo Pulos não encontrado via ng-select
[2026-02-07T18:01:09.482Z] [WARN   ] [PASSO 38] Campo Máximo Pulos não encontrado
[2026-02-07T18:01:09.482Z] [INFO   ] [PASSO 39] Procurando botão Buscar no modal...
[2026-02-07T18:01:09.486Z] [SUCCESS] [PASSO 40] Botão Buscar encontrado: "Buscar"
[2026-02-07T18:01:09.512Z] [INFO   ] [PASSO 41] Clicou em Buscar, aguardando resultados...
[2026-02-07T18:01:14.525Z] [INFO   ] [PASSO 42] Procurando resultados da busca...
[2026-02-07T18:01:16.539Z] [SUCCESS] [PASSO 43] Quinta tabela encontrada
[2026-02-07T18:01:16.543Z] [INFO   ] [PASSO 44] Clicando na primeira linha da quinta tabela...
[2026-02-07T18:01:17.590Z] [INFO   ] [PASSO 45] Procurando dialog SweetAlert2...
[2026-02-07T18:01:19.097Z] [SUCCESS] [PASSO 46] Modal SweetAlert2 encontrado
[2026-02-07T18:01:19.102Z] [SUCCESS] [PASSO 47] Botão encontrado: "Sim"
[2026-02-07T18:01:19.104Z] [SUCCESS] [PASSO 48] Clicando em "Sim"
[2026-02-07T18:01:19.204Z] [INFO   ] [PASSO 49] Clicou no botão Sim
[2026-02-07T18:01:20.707Z] [INFO   ] [PASSO 50] Procurando elemento para clicar...
[2026-02-07T18:01:21.725Z] [SUCCESS] [PASSO 51] Elemento encontrado
[2026-02-07T18:01:21.749Z] [INFO   ] [PASSO 52] Clicou no elemento div[2]
[2026-02-07T18:01:22.753Z] [INFO   ] [PASSO 53] Procurando span para clicar...
[2026-02-07T18:01:23.772Z] [SUCCESS] [PASSO 54] Span encontrado: "VER MAIS"
[2026-02-07T18:01:23.898Z] [INFO   ] [PASSO 55] Clicou no span
[2026-02-07T18:01:24.914Z] [INFO   ] [PASSO 56] ========================================
[2026-02-07T18:01:24.915Z] [INFO   ] [PASSO 57] EXTRAINDO DADOS DOS CARDS
[2026-02-07T18:01:24.916Z] [INFO   ] [PASSO 58] ========================================
[2026-02-07T18:01:24.916Z] [INFO   ] [PASSO 59] ╔══════════════════════════════════════════════════════════╗
[2026-02-07T18:01:24.917Z] [INFO   ] [PASSO 60] ║          EXTRAÇÃO DE DADOS DOS CARDS (XPath)         ║
[2026-02-07T18:01:24.917Z] [INFO   ] [PASSO 61] ╚══════════════════════════════════════════════════════════╝
[2026-02-07T18:01:24.918Z] [INFO   ] [PASSO 62] Timestamp: 2026-02-07T18:01:24.918Z
[2026-02-07T18:01:26.921Z] [INFO   ] [PASSO 63] ══════════════════════════════════════════════════════════
[2026-02-07T18:01:26.922Z] [INFO   ] [PASSO 64] BUSCA POR CONTAINER DE CARDS:
[2026-02-07T18:01:26.922Z] [INFO   ] [PASSO 65]   XPath Container: /html/body/app-root/div/app-robos-novo/div/div/div[5]/div[1]/div[1]/div[3]/div[3]/div[2]/div[2]/div[1]
[2026-02-07T18:01:26.929Z] [SUCCESS] [PASSO 66] Container encontrado
[2026-02-07T18:01:26.930Z] [INFO   ] [PASSO 67] ══════════════════════════════════════════════════════════
[2026-02-07T18:01:26.930Z] [INFO   ] [PASSO 68] BUSCA POR CARDS DENTRO DO CONTAINER:
[2026-02-07T18:01:26.930Z] [INFO   ] [PASSO 69]   XPath Cards: ./div[not(contains(@class, 'row'))]
[2026-02-07T18:01:26.972Z] [INFO   ] [PASSO 70]   Cards encontrados via XPath: 75
[2026-02-07T18:01:26.972Z] [SUCCESS] [PASSO 71] Total de cards encontrados: 75
[2026-02-07T18:01:26.973Z] [INFO   ] [PASSO 72] ═══════════════════════════════════════════════════════════
[2026-02-07T18:01:26.973Z] [INFO   ] [PASSO 73]   Processando Card 1/75...
[2026-02-07T18:01:27.005Z] [DEBUG  ] [PASSO 74]   ✓ Card 1: Ambas Marcam Sim (ambs) | (100.00%) | SG:0 | G1:0 | G2:0
[2026-02-07T18:01:27.005Z] [INFO   ] [PASSO 75]   ✓ Card 1: Ambas Marcam Sim (ambs) | (100.00%) | SG:0 | G1:0 | G2:0
[2026-02-07T18:01:27.005Z] [INFO   ] [PASSO 76] ═══════════════════════════════════════════════════════════
[2026-02-07T18:01:27.006Z] [INFO   ] [PASSO 77]   Processando Card 2/75...
[2026-02-07T18:01:27.037Z] [DEBUG  ] [PASSO 78]   ✓ Card 2: Casa Marca Sim (cms) | (100.00%) | SG:0 | G1:0 | G2:0
[2026-02-07T18:01:27.038Z] [INFO   ] [PASSO 79]   ✓ Card 2: Casa Marca Sim (cms) | (100.00%) | SG:0 | G1:0 | G2:0
[2026-02-07T18:01:27.038Z] [INFO   ] [PASSO 80] ═══════════════════════════════════════════════════════════
[2026-02-07T18:01:27.039Z] [INFO   ] [PASSO 81]   Processando Card 3/75...
[2026-02-07T18:01:27.068Z] [DEBUG  ] [PASSO 82]   ✓ Card 3: Visitante Marca Sim (vms) | (100.00%) | SG:0 | G1:0 | G2:0
[2026-02-07T18:01:27.068Z] [INFO   ] [PASSO 83]   ✓ Card 3: Visitante Marca Sim (vms) | (100.00%) | SG:0 | G1:0 | G2:0
[2026-02-07T18:01:27.069Z] [INFO   ] [PASSO 84] ═══════════════════════════════════════════════════════════
[2026-02-07T18:01:27.069Z] [INFO   ] [PASSO 85]   Processando Card 4/75...
[2026-02-07T18:01:27.101Z] [DEBUG  ] [PASSO 86]   ✓ Card 4: Ambas Não Marcam (ambn) | (89.47%) | SG:0 | G1:0 | G2:0
[2026-02-07T18:01:27.102Z] [INFO   ] [PASSO 87]   ✓ Card 4: Ambas Não Marcam (ambn) | (89.47%) | SG:0 | G1:0 | G2:0
[2026-02-07T18:01:27.102Z] [INFO   ] [PASSO 88] ═══════════════════════════════════════════════════════════
[2026-02-07T18:01:27.102Z] [INFO   ] [PASSO 89]   Processando Card 5/75...
[2026-02-07T18:01:27.132Z] [DEBUG  ] [PASSO 90]   ✓ Card 5: Over 2.5 (o25) | (84.21%) | SG:0 | G1:0 | G2:0
[2026-02-07T18:01:27.132Z] [INFO   ] [PASSO 91]   ✓ Card 5: Over 2.5 (o25) | (84.21%) | SG:0 | G1:0 | G2:0
[2026-02-07T18:01:27.133Z] [INFO   ] [PASSO 92] ═══════════════════════════════════════════════════════════
[2026-02-07T18:01:27.133Z] [INFO   ] [PASSO 93]   Processando Card 6/75...
[2026-02-07T18:01:27.163Z] [DEBUG  ] [PASSO 94]   ✓ Card 6: Visitante Não Marca (vmn) | (84.21%) | SG:0 | G1:0 | G2:0
[2026-02-07T18:01:27.163Z] [INFO   ] [PASSO 95]   ✓ Card 6: Visitante Não Marca (vmn) | (84.21%) | SG:0 | G1:0 | G2:0
[2026-02-07T18:01:27.163Z] [INFO   ] [PASSO 96] ═══════════════════════════════════════════════════════════
[2026-02-07T18:01:27.164Z] [INFO   ] [PASSO 97]   Processando Card 7/75...
[2026-02-07T18:01:27.192Z] [DEBUG  ] [PASSO 98]   ✓ Card 7: [HT] Empate (hte) | (84.21%) | SG:0 | G1:0 | G2:0
[2026-02-07T18:01:27.193Z] [INFO   ] [PASSO 99]   ✓ Card 7: [HT] Empate (hte) | (84.21%) | SG:0 | G1:0 | G2:0
[2026-02-07T18:01:27.193Z] [INFO   ] [PASSO 100] ═══════════════════════════════════════════════════════════
[2026-02-07T18:01:27.194Z] [INFO   ] [PASSO 101]   Processando Card 8/75...
[2026-02-07T18:01:27.223Z] [DEBUG  ] [PASSO 102]   ✓ Card 8: Casa (pmc) | (84.21%) | SG:0 | G1:0 | G2:0
[2026-02-07T18:01:27.223Z] [INFO   ] [PASSO 103]   ✓ Card 8: Casa (pmc) | (84.21%) | SG:0 | G1:0 | G2:0
[2026-02-07T18:01:27.223Z] [INFO   ] [PASSO 104] ═══════════════════════════════════════════════════════════
[2026-02-07T18:01:27.224Z] [INFO   ] [PASSO 105]   Processando Card 9/75...
[2026-02-07T18:01:27.252Z] [DEBUG  ] [PASSO 106]   ✓ Card 9: Casa (umc) | (78.95%) | SG:0 | G1:0 | G2:0
[2026-02-07T18:01:27.252Z] [INFO   ] [PASSO 107]   ✓ Card 9: Casa (umc) | (78.95%) | SG:0 | G1:0 | G2:0
[2026-02-07T18:01:27.253Z] [INFO   ] [PASSO 108] ═══════════════════════════════════════════════════════════
[2026-02-07T18:01:27.253Z] [INFO   ] [PASSO 109]   Processando Card 10/75...
[2026-02-07T18:01:27.281Z] [DEBUG  ] [PASSO 110]   ✓ Card 10: Vencedor Casa (ftc) | (73.68%) | SG:0 | G1:0 | G2:0
[2026-02-07T18:01:27.281Z] [INFO   ] [PASSO 111]   ✓ Card 10: Vencedor Casa (ftc) | (73.68%) | SG:0 | G1:0 | G2:0
[2026-02-07T18:01:27.282Z] [INFO   ] [PASSO 112] ═══════════════════════════════════════════════════════════
[2026-02-07T18:01:27.282Z] [INFO   ] [PASSO 113]   Processando Card 11/75...
[2026-02-07T18:01:27.313Z] [DEBUG  ] [PASSO 114]   ✓ Card 11: Empate (fte) | (73.68%) | SG:0 | G1:0 | G2:0
[2026-02-07T18:01:27.313Z] [INFO   ] [PASSO 115]   ✓ Card 11: Empate (fte) | (73.68%) | SG:0 | G1:0 | G2:0
[2026-02-07T18:01:27.314Z] [INFO   ] [PASSO 116] ═══════════════════════════════════════════════════════════
[2026-02-07T18:01:27.314Z] [INFO   ] [PASSO 117]   Processando Card 12/75...
[2026-02-07T18:01:27.348Z] [DEBUG  ] [PASSO 118]   ✓ Card 12: 2 Gols (ge2) | (68.42%) | SG:0 | G1:0 | G2:0
[2026-02-07T18:01:27.349Z] [INFO   ] [PASSO 119]   ✓ Card 12: 2 Gols (ge2) | (68.42%) | SG:0 | G1:0 | G2:0
[2026-02-07T18:01:27.349Z] [INFO   ] [PASSO 120] ═══════════════════════════════════════════════════════════
[2026-02-07T18:01:27.349Z] [INFO   ] [PASSO 121]   Processando Card 13/75...
[2026-02-07T18:01:27.380Z] [DEBUG  ] [PASSO 122]   ✓ Card 13: 0x0 HT (ht00) | (68.42%) | SG:0 | G1:0 | G2:0
[2026-02-07T18:01:27.380Z] [INFO   ] [PASSO 123]   ✓ Card 13: 0x0 HT (ht00) | (68.42%) | SG:0 | G1:0 | G2:0
[2026-02-07T18:01:27.381Z] [INFO   ] [PASSO 124] ═══════════════════════════════════════════════════════════
[2026-02-07T18:01:27.381Z] [INFO   ] [PASSO 125]   Processando Card 14/75...
[2026-02-07T18:01:27.410Z] [DEBUG  ] [PASSO 126]   ✓ Card 14: Visitante (pmv) | (68.42%) | SG:0 | G1:0 | G2:0
[2026-02-07T18:01:27.411Z] [INFO   ] [PASSO 127]   ✓ Card 14: Visitante (pmv) | (68.42%) | SG:0 | G1:0 | G2:0
[2026-02-07T18:01:27.411Z] [INFO   ] [PASSO 128] ═══════════════════════════════════════════════════════════
[2026-02-07T18:01:27.411Z] [INFO   ] [PASSO 129]   Processando Card 15/75...
[2026-02-07T18:01:27.442Z] [DEBUG  ] [PASSO 130]   ✓ Card 15: Visitante (umv) | (68.42%) | SG:0 | G1:0 | G2:0
[2026-02-07T18:01:27.442Z] [INFO   ] [PASSO 131]   ✓ Card 15: Visitante (umv) | (68.42%) | SG:0 | G1:0 | G2:0
[2026-02-07T18:01:27.443Z] [INFO   ] [PASSO 132] ═══════════════════════════════════════════════════════════
[2026-02-07T18:01:27.443Z] [INFO   ] [PASSO 133]   Processando Card 16/75...
[2026-02-07T18:01:27.473Z] [DEBUG  ] [PASSO 134]   ✓ Card 16: [HT] Vencedor Casa (htc) | (63.16%) | SG:0 | G1:0 | G2:0
[2026-02-07T18:01:27.473Z] [INFO   ] [PASSO 135]   ✓ Card 16: [HT] Vencedor Casa (htc) | (63.16%) | SG:0 | G1:0 | G2:0
[2026-02-07T18:01:27.474Z] [INFO   ] [PASSO 136] ═══════════════════════════════════════════════════════════
[2026-02-07T18:01:27.474Z] [INFO   ] [PASSO 137]   Processando Card 17/75...
[2026-02-07T18:01:27.503Z] [DEBUG  ] [PASSO 138]   ✓ Card 17: [HT] Vencedor Visitante (htv) | (57.89%) | SG:0 | G1:0 | G2:0
[2026-02-07T18:01:27.504Z] [INFO   ] [PASSO 139]   ✓ Card 17: [HT] Vencedor Visitante (htv) | (57.89%) | SG:0 | G1:0 | G2:0
[2026-02-07T18:01:27.504Z] [INFO   ] [PASSO 140] ═══════════════════════════════════════════════════════════
[2026-02-07T18:01:27.504Z] [INFO   ] [PASSO 141]   Processando Card 18/75...
[2026-02-07T18:01:27.533Z] [DEBUG  ] [PASSO 142]   ✓ Card 18: Resultado Casa / Ambas Não (rcan) | (57.89%) | SG:0 | G1:0 | G2:0
[2026-02-07T18:01:27.534Z] [INFO   ] [PASSO 143]   ✓ Card 18: Resultado Casa / Ambas Não (rcan) | (57.89%) | SG:0 | G1:0 | G2:0
[2026-02-07T18:01:27.534Z] [INFO   ] [PASSO 144] ═══════════════════════════════════════════════════════════
[2026-02-07T18:01:27.535Z] [INFO   ] [PASSO 145]   Processando Card 19/75...
[2026-02-07T18:01:27.565Z] [DEBUG  ] [PASSO 146]   ✓ Card 19: Resultado Empate / Ambas Sim (reas) | (57.89%) | SG:0 | G1:0 | G2:0
[2026-02-07T18:01:27.566Z] [INFO   ] [PASSO 147]   ✓ Card 19: Resultado Empate / Ambas Sim (reas) | (57.89%) | SG:0 | G1:0 | G2:0
[2026-02-07T18:01:27.566Z] [INFO   ] [PASSO 148] ═══════════════════════════════════════════════════════════
[2026-02-07T18:01:27.566Z] [INFO   ] [PASSO 149]   Processando Card 20/75...
[2026-02-07T18:01:27.596Z] [DEBUG  ] [PASSO 150]   ✓ Card 20: Over 3.5 (o35) | (52.63%) | SG:0 | G1:0 | G2:0
[2026-02-07T18:01:27.596Z] [INFO   ] [PASSO 151]   ✓ Card 20: Over 3.5 (o35) | (52.63%) | SG:0 | G1:0 | G2:0
[2026-02-07T18:01:27.597Z] [INFO   ] [PASSO 152] ═══════════════════════════════════════════════════════════
[2026-02-07T18:01:27.597Z] [INFO   ] [PASSO 153]   Processando Card 21/75...
[2026-02-07T18:01:27.626Z] [DEBUG  ] [PASSO 154]   ✓ Card 21: Casa Não Marca (cmn) | (47.37%) | SG:0 | G1:0 | G2:0
[2026-02-07T18:01:27.626Z] [INFO   ] [PASSO 155]   ✓ Card 21: Casa Não Marca (cmn) | (47.37%) | SG:0 | G1:0 | G2:0
[2026-02-07T18:01:27.626Z] [INFO   ] [PASSO 156] ═══════════════════════════════════════════════════════════
[2026-02-07T18:01:27.627Z] [INFO   ] [PASSO 157]   Processando Card 22/75...
[2026-02-07T18:01:27.658Z] [DEBUG  ] [PASSO 158]   ✓ Card 22: Vencedor Visitante (ftv) | (47.37%) | SG:0 | G1:0 | G2:0
[2026-02-07T18:01:27.658Z] [INFO   ] [PASSO 159]   ✓ Card 22: Vencedor Visitante (ftv) | (47.37%) | SG:0 | G1:0 | G2:0
[2026-02-07T18:01:27.659Z] [INFO   ] [PASSO 160] ═══════════════════════════════════════════════════════════
[2026-02-07T18:01:27.659Z] [INFO   ] [PASSO 161]   Processando Card 23/75...
[2026-02-07T18:01:27.689Z] [DEBUG  ] [PASSO 162]   ✓ Card 23: 3 Gols (ge3) | (47.37%) | SG:0 | G1:0 | G2:0
[2026-02-07T18:01:27.689Z] [INFO   ] [PASSO 163]   ✓ Card 23: 3 Gols (ge3) | (47.37%) | SG:0 | G1:0 | G2:0
[2026-02-07T18:01:27.690Z] [INFO   ] [PASSO 164] ═══════════════════════════════════════════════════════════
[2026-02-07T18:01:27.690Z] [INFO   ] [PASSO 165]   Processando Card 24/75...
[2026-02-07T18:01:27.720Z] [DEBUG  ] [PASSO 166]   ✓ Card 24: 1x0 HT (ht10) | (47.37%) | SG:0 | G1:0 | G2:0
[2026-02-07T18:01:27.721Z] [INFO   ] [PASSO 167]   ✓ Card 24: 1x0 HT (ht10) | (47.37%) | SG:0 | G1:0 | G2:0
[2026-02-07T18:01:27.721Z] [INFO   ] [PASSO 168] ═══════════════════════════════════════════════════════════
[2026-02-07T18:01:27.721Z] [INFO   ] [PASSO 169]   Processando Card 25/75...
[2026-02-07T18:01:27.752Z] [DEBUG  ] [PASSO 170]   ✓ Card 25: 1 Gols (ge1) | (42.11%) | SG:0 | G1:0 | G2:0
[2026-02-07T18:01:27.752Z] [INFO   ] [PASSO 171]   ✓ Card 25: 1 Gols (ge1) | (42.11%) | SG:0 | G1:0 | G2:0
[2026-02-07T18:01:27.753Z] [INFO   ] [PASSO 172] ═══════════════════════════════════════════════════════════
[2026-02-07T18:01:27.753Z] [INFO   ] [PASSO 173]   Processando Card 26/75...
[2026-02-07T18:01:27.782Z] [DEBUG  ] [PASSO 174]   ✓ Card 26: 1x1 FT (ft11) | (42.11%) | SG:0 | G1:0 | G2:0
[2026-02-07T18:01:27.782Z] [INFO   ] [PASSO 175]   ✓ Card 26: 1x1 FT (ft11) | (42.11%) | SG:0 | G1:0 | G2:0
[2026-02-07T18:01:27.783Z] [INFO   ] [PASSO 176] ═══════════════════════════════════════════════════════════
[2026-02-07T18:01:27.783Z] [INFO   ] [PASSO 177]   Processando Card 27/75...
[2026-02-07T18:01:27.812Z] [DEBUG  ] [PASSO 178]   ✓ Card 27: 0x1 HT (ht01) | (42.11%) | SG:0 | G1:0 | G2:0
[2026-02-07T18:01:27.813Z] [INFO   ] [PASSO 179]   ✓ Card 27: 0x1 HT (ht01) | (42.11%) | SG:0 | G1:0 | G2:0
[2026-02-07T18:01:27.813Z] [INFO   ] [PASSO 180] ═══════════════════════════════════════════════════════════
[2026-02-07T18:01:27.813Z] [INFO   ] [PASSO 181]   Processando Card 28/75...
[2026-02-07T18:01:27.842Z] [DEBUG  ] [PASSO 182]   ✓ Card 28: Resultado Casa / Ambas Sim (rcas) | (42.11%) | SG:0 | G1:0 | G2:0
[2026-02-07T18:01:27.842Z] [INFO   ] [PASSO 183]   ✓ Card 28: Resultado Casa / Ambas Sim (rcas) | (42.11%) | SG:0 | G1:0 | G2:0
[2026-02-07T18:01:27.843Z] [INFO   ] [PASSO 184] ═══════════════════════════════════════════════════════════
[2026-02-07T18:01:27.843Z] [INFO   ] [PASSO 185]   Processando Card 29/75...
[2026-02-07T18:01:27.873Z] [DEBUG  ] [PASSO 186]   ✓ Card 29: 4 Gols (ge4) | (36.84%) | SG:0 | G1:0 | G2:0
[2026-02-07T18:01:27.874Z] [INFO   ] [PASSO 187]   ✓ Card 29: 4 Gols (ge4) | (36.84%) | SG:0 | G1:0 | G2:0
[2026-02-07T18:01:27.874Z] [INFO   ] [PASSO 188] ═══════════════════════════════════════════════════════════
[2026-02-07T18:01:27.875Z] [INFO   ] [PASSO 189]   Processando Card 30/75...
[2026-02-07T18:01:27.903Z] [DEBUG  ] [PASSO 190]   ✓ Card 30: Resultado Visitante / Ambas Sim (rvas) | (36.84%) | SG:0 | G1:0 | G2:0
[2026-02-07T18:01:27.903Z] [INFO   ] [PASSO 191]   ✓ Card 30: Resultado Visitante / Ambas Sim (rvas) | (36.84%) | SG:0 | G1:0 | G2:0
[2026-02-07T18:01:27.904Z] [INFO   ] [PASSO 192] ═══════════════════════════════════════════════════════════
[2026-02-07T18:01:27.904Z] [INFO   ] [PASSO 193]   Processando Card 31/75...
[2026-02-07T18:01:27.932Z] [DEBUG  ] [PASSO 194]   ✓ Card 31: 0 Gols (ge0) | (31.58%) | SG:0 | G1:0 | G2:0
[2026-02-07T18:01:27.933Z] [INFO   ] [PASSO 195]   ✓ Card 31: 0 Gols (ge0) | (31.58%) | SG:0 | G1:0 | G2:0
[2026-02-07T18:01:27.933Z] [INFO   ] [PASSO 196] ═══════════════════════════════════════════════════════════
[2026-02-07T18:01:27.933Z] [INFO   ] [PASSO 197]   Processando Card 32/75...
[2026-02-07T18:01:27.965Z] [DEBUG  ] [PASSO 198]   ✓ Card 32: 2x0 FT (ft20) | (31.58%) | SG:0 | G1:0 | G2:0
[2026-02-07T18:01:27.965Z] [INFO   ] [PASSO 199]   ✓ Card 32: 2x0 FT (ft20) | (31.58%) | SG:0 | G1:0 | G2:0
[2026-02-07T18:01:27.965Z] [INFO   ] [PASSO 200] ═══════════════════════════════════════════════════════════
[2026-02-07T18:01:27.966Z] [INFO   ] [PASSO 201]   Processando Card 33/75...
[2026-02-07T18:01:27.994Z] [DEBUG  ] [PASSO 202]   ✓ Card 33: 0x0 FT (ft00) | (31.58%) | SG:0 | G1:0 | G2:0
[2026-02-07T18:01:27.994Z] [INFO   ] [PASSO 203]   ✓ Card 33: 0x0 FT (ft00) | (31.58%) | SG:0 | G1:0 | G2:0
[2026-02-07T18:01:27.995Z] [INFO   ] [PASSO 204] ═══════════════════════════════════════════════════════════
[2026-02-07T18:01:27.995Z] [INFO   ] [PASSO 205]   Processando Card 34/75...
[2026-02-07T18:01:28.024Z] [DEBUG  ] [PASSO 206]   ✓ Card 34: 2x0 HT (ht20) | (31.58%) | SG:0 | G1:0 | G2:0
[2026-02-07T18:01:28.025Z] [INFO   ] [PASSO 207]   ✓ Card 34: 2x0 HT (ht20) | (31.58%) | SG:0 | G1:0 | G2:0
[2026-02-07T18:01:28.025Z] [INFO   ] [PASSO 208] ═══════════════════════════════════════════════════════════
[2026-02-07T18:01:28.026Z] [INFO   ] [PASSO 209]   Processando Card 35/75...
[2026-02-07T18:01:28.059Z] [DEBUG  ] [PASSO 210]   ✓ Card 35: 1x1 HT (ht11) | (31.58%) | SG:0 | G1:0 | G2:0
[2026-02-07T18:01:28.060Z] [INFO   ] [PASSO 211]   ✓ Card 35: 1x1 HT (ht11) | (31.58%) | SG:0 | G1:0 | G2:0
[2026-02-07T18:01:28.060Z] [INFO   ] [PASSO 212] ═══════════════════════════════════════════════════════════
[2026-02-07T18:01:28.061Z] [INFO   ] [PASSO 213]   Processando Card 36/75...
[2026-02-07T18:01:28.090Z] [DEBUG  ] [PASSO 214]   ✓ Card 36: Resultado Visitante / Ambas Não (rvan) | (31.58%) | SG:0 | G1:0 | G2:0
[2026-02-07T18:01:28.091Z] [INFO   ] [PASSO 215]   ✓ Card 36: Resultado Visitante / Ambas Não (rvan) | (31.58%) | SG:0 | G1:0 | G2:0
[2026-02-07T18:01:28.091Z] [INFO   ] [PASSO 216] ═══════════════════════════════════════════════════════════
[2026-02-07T18:01:28.091Z] [INFO   ] [PASSO 217]   Processando Card 37/75...
[2026-02-07T18:01:28.124Z] [DEBUG  ] [PASSO 218]   ✓ Card 37: Resultado Empate / Ambas Não (rean) | (31.58%) | SG:0 | G1:0 | G2:0
[2026-02-07T18:01:28.125Z] [INFO   ] [PASSO 219]   ✓ Card 37: Resultado Empate / Ambas Não (rean) | (31.58%) | SG:0 | G1:0 | G2:0
[2026-02-07T18:01:28.125Z] [INFO   ] [PASSO 220] ═══════════════════════════════════════════════════════════
[2026-02-07T18:01:28.126Z] [INFO   ] [PASSO 221]   Processando Card 38/75...
[2026-02-07T18:01:28.159Z] [DEBUG  ] [PASSO 222]   ✓ Card 38: Over 5+ (o50) | (26.32%) | SG:0 | G1:0 | G2:0
[2026-02-07T18:01:28.160Z] [INFO   ] [PASSO 223]   ✓ Card 38: Over 5+ (o50) | (26.32%) | SG:0 | G1:0 | G2:0
[2026-02-07T18:01:28.160Z] [INFO   ] [PASSO 224] ═══════════════════════════════════════════════════════════
[2026-02-07T18:01:28.160Z] [INFO   ] [PASSO 225]   Processando Card 39/75...
[2026-02-07T18:01:28.194Z] [DEBUG  ] [PASSO 226]   ✓ Card 39: 1x0 FT (ft10) | (26.32%) | SG:0 | G1:0 | G2:0
[2026-02-07T18:01:28.194Z] [INFO   ] [PASSO 227]   ✓ Card 39: 1x0 FT (ft10) | (26.32%) | SG:0 | G1:0 | G2:0
[2026-02-07T18:01:28.195Z] [INFO   ] [PASSO 228] ═══════════════════════════════════════════════════════════
[2026-02-07T18:01:28.195Z] [INFO   ] [PASSO 229]   Processando Card 40/75...
[2026-02-07T18:01:28.229Z] [DEBUG  ] [PASSO 230]   ✓ Card 40: Outros HT (out) | (26.32%) | SG:0 | G1:0 | G2:0
[2026-02-07T18:01:28.230Z] [INFO   ] [PASSO 231]   ✓ Card 40: Outros HT (out) | (26.32%) | SG:0 | G1:0 | G2:0
[2026-02-07T18:01:28.230Z] [INFO   ] [PASSO 232] ═══════════════════════════════════════════════════════════
[2026-02-07T18:01:28.231Z] [INFO   ] [PASSO 233]   Processando Card 41/75...
[2026-02-07T18:01:28.263Z] [DEBUG  ] [PASSO 234]   ✓ Card 41: 5+ Gols (ge5) | (21.05%) | SG:0 | G1:0 | G2:0
[2026-02-07T18:01:28.264Z] [INFO   ] [PASSO 235]   ✓ Card 41: 5+ Gols (ge5) | (21.05%) | SG:0 | G1:0 | G2:0
[2026-02-07T18:01:28.264Z] [INFO   ] [PASSO 236] ═══════════════════════════════════════════════════════════
[2026-02-07T18:01:28.265Z] [INFO   ] [PASSO 237]   Processando Card 42/75...
[2026-02-07T18:01:28.297Z] [DEBUG  ] [PASSO 238]   ✓ Card 42: 2x1 FT (ft21) | (21.05%) | SG:0 | G1:0 | G2:0
[2026-02-07T18:01:28.298Z] [INFO   ] [PASSO 239]   ✓ Card 42: 2x1 FT (ft21) | (21.05%) | SG:0 | G1:0 | G2:0
[2026-02-07T18:01:28.298Z] [INFO   ] [PASSO 240] ═══════════════════════════════════════════════════════════
[2026-02-07T18:01:28.299Z] [INFO   ] [PASSO 241]   Processando Card 43/75...
[2026-02-07T18:01:28.331Z] [DEBUG  ] [PASSO 242]   ✓ Card 43: 3x1 FT (ft31) | (21.05%) | SG:0 | G1:0 | G2:0
[2026-02-07T18:01:28.332Z] [INFO   ] [PASSO 243]   ✓ Card 43: 3x1 FT (ft31) | (21.05%) | SG:0 | G1:0 | G2:0
[2026-02-07T18:01:28.332Z] [INFO   ] [PASSO 244] ═══════════════════════════════════════════════════════════
[2026-02-07T18:01:28.333Z] [INFO   ] [PASSO 245]   Processando Card 44/75...
[2026-02-07T18:01:28.366Z] [DEBUG  ] [PASSO 246]   ✓ Card 44: 0x1 FT (ft01) | (15.79%) | SG:0 | G1:0 | G2:0
[2026-02-07T18:01:28.367Z] [INFO   ] [PASSO 247]   ✓ Card 44: 0x1 FT (ft01) | (15.79%) | SG:0 | G1:0 | G2:0
[2026-02-07T18:01:28.367Z] [INFO   ] [PASSO 248] ═══════════════════════════════════════════════════════════
[2026-02-07T18:01:28.368Z] [INFO   ] [PASSO 249]   Processando Card 45/75...
[2026-02-07T18:01:28.402Z] [DEBUG  ] [PASSO 250]   ✓ Card 45: 1x2 FT (ft12) | (15.79%) | SG:0 | G1:0 | G2:0
[2026-02-07T18:01:28.403Z] [INFO   ] [PASSO 251]   ✓ Card 45: 1x2 FT (ft12) | (15.79%) | SG:0 | G1:0 | G2:0
[2026-02-07T18:01:28.404Z] [INFO   ] [PASSO 252] ═══════════════════════════════════════════════════════════
[2026-02-07T18:01:28.404Z] [INFO   ] [PASSO 253]   Processando Card 46/75...
[2026-02-07T18:01:28.438Z] [DEBUG  ] [PASSO 254]   ✓ Card 46: 2x3 FT (ft23) | (15.79%) | SG:0 | G1:0 | G2:0
[2026-02-07T18:01:28.439Z] [INFO   ] [PASSO 255]   ✓ Card 46: 2x3 FT (ft23) | (15.79%) | SG:0 | G1:0 | G2:0
[2026-02-07T18:01:28.439Z] [INFO   ] [PASSO 256] ═══════════════════════════════════════════════════════════
[2026-02-07T18:01:28.439Z] [INFO   ] [PASSO 257]   Processando Card 47/75...
[2026-02-07T18:01:28.471Z] [DEBUG  ] [PASSO 258]   ✓ Card 47: 2x2 FT (ft22) | (10.53%) | SG:0 | G1:0 | G2:0
[2026-02-07T18:01:28.472Z] [INFO   ] [PASSO 259]   ✓ Card 47: 2x2 FT (ft22) | (10.53%) | SG:0 | G1:0 | G2:0
[2026-02-07T18:01:28.472Z] [INFO   ] [PASSO 260] ═══════════════════════════════════════════════════════════
[2026-02-07T18:01:28.473Z] [INFO   ] [PASSO 261]   Processando Card 48/75...
[2026-02-07T18:01:28.505Z] [DEBUG  ] [PASSO 262]   ✓ Card 48: 0x3 FT (ft03) | (10.53%) | SG:0 | G1:0 | G2:0
[2026-02-07T18:01:28.506Z] [INFO   ] [PASSO 263]   ✓ Card 48: 0x3 FT (ft03) | (10.53%) | SG:0 | G1:0 | G2:0
[2026-02-07T18:01:28.506Z] [INFO   ] [PASSO 264] ═══════════════════════════════════════════════════════════
[2026-02-07T18:01:28.506Z] [INFO   ] [PASSO 265]   Processando Card 49/75...
[2026-02-07T18:01:28.540Z] [DEBUG  ] [PASSO 266]   ✓ Card 49: 1x3 FT (ft13) | (10.53%) | SG:0 | G1:0 | G2:0
[2026-02-07T18:01:28.540Z] [INFO   ] [PASSO 267]   ✓ Card 49: 1x3 FT (ft13) | (10.53%) | SG:0 | G1:0 | G2:0
[2026-02-07T18:01:28.541Z] [INFO   ] [PASSO 268] ═══════════════════════════════════════════════════════════
[2026-02-07T18:01:28.541Z] [INFO   ] [PASSO 269]   Processando Card 50/75...
[2026-02-07T18:01:28.576Z] [DEBUG  ] [PASSO 270]   ✓ Card 50: 0x2 HT (ht02) | (10.53%) | SG:0 | G1:0 | G2:0
[2026-02-07T18:01:28.576Z] [INFO   ] [PASSO 271]   ✓ Card 50: 0x2 HT (ht02) | (10.53%) | SG:0 | G1:0 | G2:0
[2026-02-07T18:01:28.577Z] [INFO   ] [PASSO 272] ═══════════════════════════════════════════════════════════
[2026-02-07T18:01:28.577Z] [INFO   ] [PASSO 273]   Processando Card 51/75...
[2026-02-07T18:01:28.610Z] [DEBUG  ] [PASSO 274]   ✓ Card 51: Viradinha (vira) | (10.53%) | SG:0 | G1:0 | G2:0
[2026-02-07T18:01:28.611Z] [INFO   ] [PASSO 275]   ✓ Card 51: Viradinha (vira) | (10.53%) | SG:0 | G1:0 | G2:0
[2026-02-07T18:01:28.611Z] [INFO   ] [PASSO 276] ═══════════════════════════════════════════════════════════
[2026-02-07T18:01:28.611Z] [INFO   ] [PASSO 277]   Processando Card 52/75...
[2026-02-07T18:01:28.646Z] [DEBUG  ] [PASSO 278]   ✓ Card 52: 4x0 FT (ft40) | (5.26%) | SG:0 | G1:0 | G2:0
[2026-02-07T18:01:28.647Z] [INFO   ] [PASSO 279]   ✓ Card 52: 4x0 FT (ft40) | (5.26%) | SG:0 | G1:0 | G2:0
[2026-02-07T18:01:28.647Z] [INFO   ] [PASSO 280] ═══════════════════════════════════════════════════════════
[2026-02-07T18:01:28.648Z] [INFO   ] [PASSO 281]   Processando Card 53/75...
[2026-02-07T18:01:28.685Z] [DEBUG  ] [PASSO 282]   ✓ Card 53: 5+ Casa (ft50_c) | (5.26%) | SG:0 | G1:0 | G2:0
[2026-02-07T18:01:28.685Z] [INFO   ] [PASSO 283]   ✓ Card 53: 5+ Casa (ft50_c) | (5.26%) | SG:0 | G1:0 | G2:0
[2026-02-07T18:01:28.686Z] [INFO   ] [PASSO 284] ═══════════════════════════════════════════════════════════
[2026-02-07T18:01:28.686Z] [INFO   ] [PASSO 285]   Processando Card 54/75...
[2026-02-07T18:01:28.719Z] [DEBUG  ] [PASSO 286]   ✓ Card 54: 3x3 FT (ft33) | (5.26%) | SG:0 | G1:0 | G2:0
[2026-02-07T18:01:28.719Z] [INFO   ] [PASSO 287]   ✓ Card 54: 3x3 FT (ft33) | (5.26%) | SG:0 | G1:0 | G2:0
[2026-02-07T18:01:28.720Z] [INFO   ] [PASSO 288] ═══════════════════════════════════════════════════════════
[2026-02-07T18:01:28.720Z] [INFO   ] [PASSO 289]   Processando Card 55/75...
[2026-02-07T18:01:28.752Z] [DEBUG  ] [PASSO 290]   ✓ Card 55: 5+ Empate (ft50_e) | (5.26%) | SG:0 | G1:0 | G2:0
[2026-02-07T18:01:28.753Z] [INFO   ] [PASSO 291]   ✓ Card 55: 5+ Empate (ft50_e) | (5.26%) | SG:0 | G1:0 | G2:0
[2026-02-07T18:01:28.753Z] [INFO   ] [PASSO 292] ═══════════════════════════════════════════════════════════
[2026-02-07T18:01:28.754Z] [INFO   ] [PASSO 293]   Processando Card 56/75...
[2026-02-07T18:01:28.786Z] [DEBUG  ] [PASSO 294]   ✓ Card 56: 0x2 FT (ft02) | (5.26%) | SG:0 | G1:0 | G2:0
[2026-02-07T18:01:28.787Z] [INFO   ] [PASSO 295]   ✓ Card 56: 0x2 FT (ft02) | (5.26%) | SG:0 | G1:0 | G2:0
[2026-02-07T18:01:28.787Z] [INFO   ] [PASSO 296] ═══════════════════════════════════════════════════════════
[2026-02-07T18:01:28.788Z] [INFO   ] [PASSO 297]   Processando Card 57/75...
[2026-02-07T18:01:28.820Z] [DEBUG  ] [PASSO 298]   ✓ Card 57: 3x0 FT (ft30) | (0.00%) | SG:0 | G1:0 | G2:0
[2026-02-07T18:01:28.820Z] [INFO   ] [PASSO 299]   ✓ Card 57: 3x0 FT (ft30) | (0.00%) | SG:0 | G1:0 | G2:0
[2026-02-07T18:01:28.821Z] [INFO   ] [PASSO 300] ═══════════════════════════════════════════════════════════
[2026-02-07T18:01:28.821Z] [INFO   ] [PASSO 301]   Processando Card 58/75...
[2026-02-07T18:01:28.854Z] [DEBUG  ] [PASSO 302]   ✓ Card 58: 3x2 FT (ft32) | (0.00%) | SG:0 | G1:0 | G2:0
[2026-02-07T18:01:28.854Z] [INFO   ] [PASSO 303]   ✓ Card 58: 3x2 FT (ft32) | (0.00%) | SG:0 | G1:0 | G2:0
[2026-02-07T18:01:28.854Z] [INFO   ] [PASSO 304] ═══════════════════════════════════════════════════════════
[2026-02-07T18:01:28.855Z] [INFO   ] [PASSO 305]   Processando Card 59/75...
[2026-02-07T18:01:28.890Z] [DEBUG  ] [PASSO 306]   ✓ Card 59: 4x1 FT (ft41) | (0.00%) | SG:0 | G1:0 | G2:0
[2026-02-07T18:01:28.890Z] [INFO   ] [PASSO 307]   ✓ Card 59: 4x1 FT (ft41) | (0.00%) | SG:0 | G1:0 | G2:0
[2026-02-07T18:01:28.891Z] [INFO   ] [PASSO 308] ═══════════════════════════════════════════════════════════
[2026-02-07T18:01:28.891Z] [INFO   ] [PASSO 309]   Processando Card 60/75...
[2026-02-07T18:01:28.929Z] [DEBUG  ] [PASSO 310]   ✓ Card 60: 4x2 FT (ft42) | (0.00%) | SG:0 | G1:0 | G2:0
[2026-02-07T18:01:28.930Z] [INFO   ] [PASSO 311]   ✓ Card 60: 4x2 FT (ft42) | (0.00%) | SG:0 | G1:0 | G2:0
[2026-02-07T18:01:28.930Z] [INFO   ] [PASSO 312] ═══════════════════════════════════════════════════════════
[2026-02-07T18:01:28.930Z] [INFO   ] [PASSO 313]   Processando Card 61/75...
[2026-02-07T18:01:28.964Z] [DEBUG  ] [PASSO 314]   ✓ Card 61: 4x3 FT (ft43) | (0.00%) | SG:0 | G1:0 | G2:0
[2026-02-07T18:01:28.965Z] [INFO   ] [PASSO 315]   ✓ Card 61: 4x3 FT (ft43) | (0.00%) | SG:0 | G1:0 | G2:0
[2026-02-07T18:01:28.965Z] [INFO   ] [PASSO 316] ═══════════════════════════════════════════════════════════
[2026-02-07T18:01:28.965Z] [INFO   ] [PASSO 317]   Processando Card 62/75...
[2026-02-07T18:01:28.999Z] [DEBUG  ] [PASSO 318]   ✓ Card 62: 4x4 FT (ft44) | (0.00%) | SG:0 | G1:0 | G2:0
[2026-02-07T18:01:29.000Z] [INFO   ] [PASSO 319]   ✓ Card 62: 4x4 FT (ft44) | (0.00%) | SG:0 | G1:0 | G2:0
[2026-02-07T18:01:29.000Z] [INFO   ] [PASSO 320] ═══════════════════════════════════════════════════════════
[2026-02-07T18:01:29.001Z] [INFO   ] [PASSO 321]   Processando Card 63/75...
[2026-02-07T18:01:29.038Z] [DEBUG  ] [PASSO 322]   ✓ Card 63: 0x4 FT (ft04) | (0.00%) | SG:0 | G1:0 | G2:0
[2026-02-07T18:01:29.038Z] [INFO   ] [PASSO 323]   ✓ Card 63: 0x4 FT (ft04) | (0.00%) | SG:0 | G1:0 | G2:0
[2026-02-07T18:01:29.038Z] [INFO   ] [PASSO 324] ═══════════════════════════════════════════════════════════
[2026-02-07T18:01:29.039Z] [INFO   ] [PASSO 325]   Processando Card 64/75...
[2026-02-07T18:01:29.073Z] [DEBUG  ] [PASSO 326]   ✓ Card 64: 1x4 FT (ft14) | (0.00%) | SG:0 | G1:0 | G2:0
[2026-02-07T18:01:29.074Z] [INFO   ] [PASSO 327]   ✓ Card 64: 1x4 FT (ft14) | (0.00%) | SG:0 | G1:0 | G2:0
[2026-02-07T18:01:29.074Z] [INFO   ] [PASSO 328] ═══════════════════════════════════════════════════════════
[2026-02-07T18:01:29.075Z] [INFO   ] [PASSO 329]   Processando Card 65/75...
[2026-02-07T18:01:29.109Z] [DEBUG  ] [PASSO 330]   ✓ Card 65: 2x4 FT (ft24) | (0.00%) | SG:0 | G1:0 | G2:0
[2026-02-07T18:01:29.109Z] [INFO   ] [PASSO 331]   ✓ Card 65: 2x4 FT (ft24) | (0.00%) | SG:0 | G1:0 | G2:0
[2026-02-07T18:01:29.110Z] [INFO   ] [PASSO 332] ═══════════════════════════════════════════════════════════
[2026-02-07T18:01:29.110Z] [INFO   ] [PASSO 333]   Processando Card 66/75...
[2026-02-07T18:01:29.147Z] [DEBUG  ] [PASSO 334]   ✓ Card 66: 3x4 FT (ft34) | (0.00%) | SG:0 | G1:0 | G2:0
[2026-02-07T18:01:29.148Z] [INFO   ] [PASSO 335]   ✓ Card 66: 3x4 FT (ft34) | (0.00%) | SG:0 | G1:0 | G2:0
[2026-02-07T18:01:29.148Z] [INFO   ] [PASSO 336] ═══════════════════════════════════════════════════════════
[2026-02-07T18:01:29.148Z] [INFO   ] [PASSO 337]   Processando Card 67/75...
[2026-02-07T18:01:29.180Z] [DEBUG  ] [PASSO 338]   ✓ Card 67: 5+ Visitante (ft50_f) | (0.00%) | SG:0 | G1:0 | G2:0
[2026-02-07T18:01:29.181Z] [INFO   ] [PASSO 339]   ✓ Card 67: 5+ Visitante (ft50_f) | (0.00%) | SG:0 | G1:0 | G2:0
[2026-02-07T18:01:29.181Z] [INFO   ] [PASSO 340] ═══════════════════════════════════════════════════════════
[2026-02-07T18:01:29.182Z] [INFO   ] [PASSO 341]   Processando Card 68/75...
[2026-02-07T18:01:29.215Z] [DEBUG  ] [PASSO 342]   ✓ Card 68: Handicap Casa (hac) | (0.00%) | SG:0 | G1:0 | G2:0
[2026-02-07T18:01:29.215Z] [INFO   ] [PASSO 343]   ✓ Card 68: Handicap Casa (hac) | (0.00%) | SG:0 | G1:0 | G2:0
[2026-02-07T18:01:29.216Z] [INFO   ] [PASSO 344] ═══════════════════════════════════════════════════════════
[2026-02-07T18:01:29.216Z] [INFO   ] [PASSO 345]   Processando Card 69/75...
[2026-02-07T18:01:29.247Z] [DEBUG  ] [PASSO 346]   ✓ Card 69: Handicap Visitante (hav) | (0.00%) | SG:0 | G1:0 | G2:0
[2026-02-07T18:01:29.248Z] [INFO   ] [PASSO 347]   ✓ Card 69: Handicap Visitante (hav) | (0.00%) | SG:0 | G1:0 | G2:0
[2026-02-07T18:01:29.248Z] [INFO   ] [PASSO 348] ═══════════════════════════════════════════════════════════
[2026-02-07T18:01:29.248Z] [INFO   ] [PASSO 349]   Processando Card 70/75...
[2026-02-07T18:01:29.277Z] [DEBUG  ] [PASSO 350]   ✓ Card 70: Over 0.5 (o05) | (100.00%) | SG:0 | G1:0 | G2:0
[2026-02-07T18:01:29.278Z] [INFO   ] [PASSO 351]   ✓ Card 70: Over 0.5 (o05) | (100.00%) | SG:0 | G1:0 | G2:0
[2026-02-07T18:01:29.278Z] [INFO   ] [PASSO 352] ═══════════════════════════════════════════════════════════
[2026-02-07T18:01:29.278Z] [INFO   ] [PASSO 353]   Processando Card 71/75...
[2026-02-07T18:01:29.307Z] [DEBUG  ] [PASSO 354]   ✓ Card 71: Over 1.5 (o15) | (100.00%) | SG:0 | G1:0 | G2:0
[2026-02-07T18:01:29.307Z] [INFO   ] [PASSO 355]   ✓ Card 71: Over 1.5 (o15) | (100.00%) | SG:0 | G1:0 | G2:0
[2026-02-07T18:01:29.307Z] [INFO   ] [PASSO 356] ═══════════════════════════════════════════════════════════
[2026-02-07T18:01:29.308Z] [INFO   ] [PASSO 357]   Processando Card 72/75...
[2026-02-07T18:01:29.336Z] [DEBUG  ] [PASSO 358]   ✓ Card 72: Under 3.5 (u35) | (94.74%) | SG:0 | G1:0 | G2:0
[2026-02-07T18:01:29.337Z] [INFO   ] [PASSO 359]   ✓ Card 72: Under 3.5 (u35) | (94.74%) | SG:0 | G1:0 | G2:0
[2026-02-07T18:01:29.337Z] [INFO   ] [PASSO 360] ═══════════════════════════════════════════════════════════
[2026-02-07T18:01:29.338Z] [INFO   ] [PASSO 361]   Processando Card 73/75...
[2026-02-07T18:01:29.365Z] [DEBUG  ] [PASSO 362]   ✓ Card 73: Under 2.5 (u25) | (89.47%) | SG:0 | G1:0 | G2:0
[2026-02-07T18:01:29.366Z] [INFO   ] [PASSO 363]   ✓ Card 73: Under 2.5 (u25) | (89.47%) | SG:0 | G1:0 | G2:0
[2026-02-07T18:01:29.366Z] [INFO   ] [PASSO 364] ═══════════════════════════════════════════════════════════
[2026-02-07T18:01:29.367Z] [INFO   ] [PASSO 365]   Processando Card 74/75...
[2026-02-07T18:01:29.401Z] [DEBUG  ] [PASSO 366]   ✓ Card 74: Under 1.5 (u15) | (68.42%) | SG:0 | G1:0 | G2:0
[2026-02-07T18:01:29.402Z] [INFO   ] [PASSO 367]   ✓ Card 74: Under 1.5 (u15) | (68.42%) | SG:0 | G1:0 | G2:0
[2026-02-07T18:01:29.402Z] [INFO   ] [PASSO 368] ═══════════════════════════════════════════════════════════
[2026-02-07T18:01:29.403Z] [INFO   ] [PASSO 369]   Processando Card 75/75...
[2026-02-07T18:01:29.432Z] [DEBUG  ] [PASSO 370]   ✓ Card 75: Under 0.5 (u05) | (31.58%) | SG:0 | G1:0 | G2:0
[2026-02-07T18:01:29.433Z] [INFO   ] [PASSO 371]   ✓ Card 75: Under 0.5 (u05) | (31.58%) | SG:0 | G1:0 | G2:0
[2026-02-07T18:01:29.433Z] [INFO   ] [PASSO 372] ═══════════════════════════════════════════════════════════
[2026-02-07T18:01:29.433Z] [INFO   ] [PASSO 373]   RESUMO DA EXTRAÇÃO:
[2026-02-07T18:01:29.434Z] [INFO   ] [PASSO 374]   Total de cards extraídos: 75
[2026-02-07T18:01:29.434Z] [INFO   ] [PASSO 375]   Timestamp: 2026-02-07T18:01:26.973Z
[2026-02-07T18:01:29.434Z] [INFO   ] [PASSO 376] ═══════════════════════════════════════════════════════════
[2026-02-07T18:01:29.435Z] [INFO   ] [PASSO 377] ═══════════════════════════════════════════════════════════
[2026-02-07T18:01:29.435Z] [INFO   ] [PASSO 378] SALVANDO CARDS NO BANCO DE DADOS...
[2026-02-07T18:01:29.435Z] [INFO   ] [PASSO 379]   Total de cards para inserir: 75
[2026-02-07T18:01:29.436Z] [INFO   ] [PASSO 380]   ═══════════════════════════════════════════════════════════════════
[2026-02-07T18:01:29.436Z] [INFO   ] [PASSO 381]   SALVANDO CARDS - NETWORK DO BROWSER
[2026-02-07T18:01:29.437Z] [INFO   ] [PASSO 382]   ═══════════════════════════════════════════════════════════════════
[2026-02-07T18:01:29.437Z] [INFO   ] [PASSO 383]   API URL: http://localhost:5000/api/inserir-cards
[2026-02-07T18:01:29.437Z] [INFO   ] [PASSO 384]   Total cards: 75
[2026-02-07T18:01:29.438Z] [DEBUG  ] [PASSO 385]   Body Size: 13952 bytes
[2026-02-07T18:01:29.438Z] [DEBUG  ] [PASSO 386]   Body: [
  {
    "titulo": "Ambas Marcam Sim (ambs)",
    "padroes": "19/19",
    "percentual": "(100.00%)",
    "sg": 0,
    "g1": 0,
    "g2": 0,
    "data_hora_busca": "2026-02-07T18:01:26.973Z"
  },
  {
    "titulo": "Casa Marca Sim (cms)",
    "padroes": "19/19",
    "percentual": "(100.00%)",
    "sg": 0,
    "g1": 0,
    "g2": 0,
    "data_hora_busca": "2026-02-07T18:01:26.973Z"
  },
  {
    "titulo": "Visitante Marca Sim (vms)",
    "padroes": "19/19",
    "percentual": "(100.00%)",
    "sg": 0...
[2026-02-07T18:01:29.439Z] [INFO   ] [PASSO 387]   [NETWORK] Listeners registrados
[2026-02-07T18:01:29.439Z] [INFO   ] [PASSO 388]   ═══════════════════════════════════════════════════════════════════
[2026-02-07T18:01:29.439Z] [INFO   ] [PASSO 389]   ENVIANDO POST VIA BROWSER FETCH...
[2026-02-07T18:01:29.440Z] [INFO   ] [PASSO 390]   ═══════════════════════════════════════════════════════════════════
[2026-02-07T18:01:29.455Z] [INFO   ] [PASSO 391]   ═══════════════════════════════════════════════════════════════════
[2026-02-07T18:01:29.455Z] [INFO   ] [PASSO 392]   RESULTADO DA REQUISIÇÃO
[2026-02-07T18:01:29.455Z] [INFO   ] [PASSO 393]   ═══════════════════════════════════════════════════════════════════
[2026-02-07T18:01:29.456Z] [INFO   ] [PASSO 394]   Status: 200 OK
[2026-02-07T18:01:29.456Z] [INFO   ] [PASSO 395]   Success: true
[2026-02-07T18:01:29.456Z] [INFO   ] [PASSO 396]   Duration: 11ms
[2026-02-07T18:01:29.456Z] [DEBUG  ] [PASSO 397]   Response Body: {"success":true,"message":"Cards recebidos!","received":13946}
[2026-02-07T18:01:29.457Z] [DEBUG  ] [PASSO 398]   Network Logs: []
[2026-02-07T18:01:29.457Z] [DEBUG  ] [PASSO 399]   Parsed JSON: {
  "success": true,
  "message": "Cards recebidos!",
  "received": 13946
}
[2026-02-07T18:01:29.457Z] [SUCCESS] [PASSO 400]   ✓ Sucesso! Registros: N/A
[2026-02-07T18:01:29.458Z] [SUCCESS] [PASSO 401] ✓ undefined cards inseridos com sucesso!
[2026-02-07T18:01:29.458Z] [INFO   ] [PASSO 402] ═══════════════════════════════════════════════════════════
[2026-02-07T18:01:29.458Z] [INFO   ] [PASSO 403] RESUMO DA EXTRAÇÃO:
[2026-02-07T18:01:29.458Z] [INFO   ] [PASSO 404]   Total de cards processados: 75
[2026-02-07T18:01:29.459Z] [INFO   ] [PASSO 405]   Cards inseridos no banco: 0
[2026-02-07T18:01:29.459Z] [INFO   ] [PASSO 406]   Timestamp: 2026-02-07T18:01:26.973Z
[2026-02-07T18:01:29.459Z] [SUCCESS] [PASSO 407] Extraídos 75 cards com sucesso
[2026-02-07T18:01:29.460Z] [INFO   ] [PASSO 408] Card 1: Ambas Marcam Sim (ambs) | Percentual: (100.00%) | SG: 0 | G1: 0 | G2: 0
[2026-02-07T18:01:29.460Z] [INFO   ] [PASSO 409] Card 2: Casa Marca Sim (cms) | Percentual: (100.00%) | SG: 0 | G1: 0 | G2: 0
[2026-02-07T18:01:29.460Z] [INFO   ] [PASSO 410] Card 3: Visitante Marca Sim (vms) | Percentual: (100.00%) | SG: 0 | G1: 0 | G2: 0
[2026-02-07T18:01:29.461Z] [INFO   ] [PASSO 411] Card 4: Ambas Não Marcam (ambn) | Percentual: (89.47%) | SG: 0 | G1: 0 | G2: 0
[2026-02-07T18:01:29.461Z] [INFO   ] [PASSO 412] Card 5: Over 2.5 (o25) | Percentual: (84.21%) | SG: 0 | G1: 0 | G2: 0
[2026-02-07T18:01:29.461Z] [INFO   ] [PASSO 413] Card 6: Visitante Não Marca (vmn) | Percentual: (84.21%) | SG: 0 | G1: 0 | G2: 0
[2026-02-07T18:01:29.462Z] [INFO   ] [PASSO 414] Card 7: [HT] Empate (hte) | Percentual: (84.21%) | SG: 0 | G1: 0 | G2: 0
[2026-02-07T18:01:29.462Z] [INFO   ] [PASSO 415] Card 8: Casa (pmc) | Percentual: (84.21%) | SG: 0 | G1: 0 | G2: 0
[2026-02-07T18:01:29.462Z] [INFO   ] [PASSO 416] Card 9: Casa (umc) | Percentual: (78.95%) | SG: 0 | G1: 0 | G2: 0
[2026-02-07T18:01:29.463Z] [INFO   ] [PASSO 417] Card 10: Vencedor Casa (ftc) | Percentual: (73.68%) | SG: 0 | G1: 0 | G2: 0
[2026-02-07T18:01:29.463Z] [INFO   ] [PASSO 418] Card 11: Empate (fte) | Percentual: (73.68%) | SG: 0 | G1: 0 | G2: 0
[2026-02-07T18:01:29.463Z] [INFO   ] [PASSO 419] Card 12: 2 Gols (ge2) | Percentual: (68.42%) | SG: 0 | G1: 0 | G2: 0
[2026-02-07T18:01:29.464Z] [INFO   ] [PASSO 420] Card 13: 0x0 HT (ht00) | Percentual: (68.42%) | SG: 0 | G1: 0 | G2: 0
[2026-02-07T18:01:29.464Z] [INFO   ] [PASSO 421] Card 14: Visitante (pmv) | Percentual: (68.42%) | SG: 0 | G1: 0 | G2: 0
[2026-02-07T18:01:29.464Z] [INFO   ] [PASSO 422] Card 15: Visitante (umv) | Percentual: (68.42%) | SG: 0 | G1: 0 | G2: 0
[2026-02-07T18:01:29.465Z] [INFO   ] [PASSO 423] Card 16: [HT] Vencedor Casa (htc) | Percentual: (63.16%) | SG: 0 | G1: 0 | G2: 0
[2026-02-07T18:01:29.465Z] [INFO   ] [PASSO 424] Card 17: [HT] Vencedor Visitante (htv) | Percentual: (57.89%) | SG: 0 | G1: 0 | G2: 0
[2026-02-07T18:01:29.465Z] [INFO   ] [PASSO 425] Card 18: Resultado Casa / Ambas Não (rcan) | Percentual: (57.89%) | SG: 0 | G1: 0 | G2: 0
[2026-02-07T18:01:29.466Z] [INFO   ] [PASSO 426] Card 19: Resultado Empate / Ambas Sim (reas) | Percentual: (57.89%) | SG: 0 | G1: 0 | G2: 0
[2026-02-07T18:01:29.466Z] [INFO   ] [PASSO 427] Card 20: Over 3.5 (o35) | Percentual: (52.63%) | SG: 0 | G1: 0 | G2: 0
[2026-02-07T18:01:29.466Z] [INFO   ] [PASSO 428] Card 21: Casa Não Marca (cmn) | Percentual: (47.37%) | SG: 0 | G1: 0 | G2: 0
[2026-02-07T18:01:29.466Z] [INFO   ] [PASSO 429] Card 22: Vencedor Visitante (ftv) | Percentual: (47.37%) | SG: 0 | G1: 0 | G2: 0
[2026-02-07T18:01:29.467Z] [INFO   ] [PASSO 430] Card 23: 3 Gols (ge3) | Percentual: (47.37%) | SG: 0 | G1: 0 | G2: 0
[2026-02-07T18:01:29.467Z] [INFO   ] [PASSO 431] Card 24: 1x0 HT (ht10) | Percentual: (47.37%) | SG: 0 | G1: 0 | G2: 0
[2026-02-07T18:01:29.467Z] [INFO   ] [PASSO 432] Card 25: 1 Gols (ge1) | Percentual: (42.11%) | SG: 0 | G1: 0 | G2: 0
[2026-02-07T18:01:29.468Z] [INFO   ] [PASSO 433] Card 26: 1x1 FT (ft11) | Percentual: (42.11%) | SG: 0 | G1: 0 | G2: 0
[2026-02-07T18:01:29.468Z] [INFO   ] [PASSO 434] Card 27: 0x1 HT (ht01) | Percentual: (42.11%) | SG: 0 | G1: 0 | G2: 0
[2026-02-07T18:01:29.468Z] [INFO   ] [PASSO 435] Card 28: Resultado Casa / Ambas Sim (rcas) | Percentual: (42.11%) | SG: 0 | G1: 0 | G2: 0
[2026-02-07T18:01:29.469Z] [INFO   ] [PASSO 436] Card 29: 4 Gols (ge4) | Percentual: (36.84%) | SG: 0 | G1: 0 | G2: 0
[2026-02-07T18:01:29.469Z] [INFO   ] [PASSO 437] Card 30: Resultado Visitante / Ambas Sim (rvas) | Percentual: (36.84%) | SG: 0 | G1: 0 | G2: 0
[2026-02-07T18:01:29.469Z] [INFO   ] [PASSO 438] Card 31: 0 Gols (ge0) | Percentual: (31.58%) | SG: 0 | G1: 0 | G2: 0
[2026-02-07T18:01:29.470Z] [INFO   ] [PASSO 439] Card 32: 2x0 FT (ft20) | Percentual: (31.58%) | SG: 0 | G1: 0 | G2: 0
[2026-02-07T18:01:29.470Z] [INFO   ] [PASSO 440] Card 33: 0x0 FT (ft00) | Percentual: (31.58%) | SG: 0 | G1: 0 | G2: 0
[2026-02-07T18:01:29.470Z] [INFO   ] [PASSO 441] Card 34: 2x0 HT (ht20) | Percentual: (31.58%) | SG: 0 | G1: 0 | G2: 0
[2026-02-07T18:01:29.471Z] [INFO   ] [PASSO 442] Card 35: 1x1 HT (ht11) | Percentual: (31.58%) | SG: 0 | G1: 0 | G2: 0
[2026-02-07T18:01:29.471Z] [INFO   ] [PASSO 443] Card 36: Resultado Visitante / Ambas Não (rvan) | Percentual: (31.58%) | SG: 0 | G1: 0 | G2: 0
[2026-02-07T18:01:29.471Z] [INFO   ] [PASSO 444] Card 37: Resultado Empate / Ambas Não (rean) | Percentual: (31.58%) | SG: 0 | G1: 0 | G2: 0
[2026-02-07T18:01:29.472Z] [INFO   ] [PASSO 445] Card 38: Over 5+ (o50) | Percentual: (26.32%) | SG: 0 | G1: 0 | G2: 0
[2026-02-07T18:01:29.472Z] [INFO   ] [PASSO 446] Card 39: 1x0 FT (ft10) | Percentual: (26.32%) | SG: 0 | G1: 0 | G2: 0
[2026-02-07T18:01:29.472Z] [INFO   ] [PASSO 447] Card 40: Outros HT (out) | Percentual: (26.32%) | SG: 0 | G1: 0 | G2: 0
[2026-02-07T18:01:29.473Z] [INFO   ] [PASSO 448] Card 41: 5+ Gols (ge5) | Percentual: (21.05%) | SG: 0 | G1: 0 | G2: 0
[2026-02-07T18:01:29.473Z] [INFO   ] [PASSO 449] Card 42: 2x1 FT (ft21) | Percentual: (21.05%) | SG: 0 | G1: 0 | G2: 0
[2026-02-07T18:01:29.473Z] [INFO   ] [PASSO 450] Card 43: 3x1 FT (ft31) | Percentual: (21.05%) | SG: 0 | G1: 0 | G2: 0
[2026-02-07T18:01:29.473Z] [INFO   ] [PASSO 451] Card 44: 0x1 FT (ft01) | Percentual: (15.79%) | SG: 0 | G1: 0 | G2: 0
[2026-02-07T18:01:29.474Z] [INFO   ] [PASSO 452] Card 45: 1x2 FT (ft12) | Percentual: (15.79%) | SG: 0 | G1: 0 | G2: 0
[2026-02-07T18:01:29.474Z] [INFO   ] [PASSO 453] Card 46: 2x3 FT (ft23) | Percentual: (15.79%) | SG: 0 | G1: 0 | G2: 0
[2026-02-07T18:01:29.474Z] [INFO   ] [PASSO 454] Card 47: 2x2 FT (ft22) | Percentual: (10.53%) | SG: 0 | G1: 0 | G2: 0
[2026-02-07T18:01:29.475Z] [INFO   ] [PASSO 455] Card 48: 0x3 FT (ft03) | Percentual: (10.53%) | SG: 0 | G1: 0 | G2: 0
[2026-02-07T18:01:29.475Z] [INFO   ] [PASSO 456] Card 49: 1x3 FT (ft13) | Percentual: (10.53%) | SG: 0 | G1: 0 | G2: 0
[2026-02-07T18:01:29.475Z] [INFO   ] [PASSO 457] Card 50: 0x2 HT (ht02) | Percentual: (10.53%) | SG: 0 | G1: 0 | G2: 0
[2026-02-07T18:01:29.476Z] [INFO   ] [PASSO 458] Card 51: Viradinha (vira) | Percentual: (10.53%) | SG: 0 | G1: 0 | G2: 0
[2026-02-07T18:01:29.476Z] [INFO   ] [PASSO 459] Card 52: 4x0 FT (ft40) | Percentual: (5.26%) | SG: 0 | G1: 0 | G2: 0
[2026-02-07T18:01:29.477Z] [INFO   ] [PASSO 460] Card 53: 5+ Casa (ft50_c) | Percentual: (5.26%) | SG: 0 | G1: 0 | G2: 0
[2026-02-07T18:01:29.477Z] [INFO   ] [PASSO 461] Card 54: 3x3 FT (ft33) | Percentual: (5.26%) | SG: 0 | G1: 0 | G2: 0
[2026-02-07T18:01:29.477Z] [INFO   ] [PASSO 462] Card 55: 5+ Empate (ft50_e) | Percentual: (5.26%) | SG: 0 | G1: 0 | G2: 0
[2026-02-07T18:01:29.478Z] [INFO   ] [PASSO 463] Card 56: 0x2 FT (ft02) | Percentual: (5.26%) | SG: 0 | G1: 0 | G2: 0
[2026-02-07T18:01:29.478Z] [INFO   ] [PASSO 464] Card 57: 3x0 FT (ft30) | Percentual: (0.00%) | SG: 0 | G1: 0 | G2: 0
[2026-02-07T18:01:29.478Z] [INFO   ] [PASSO 465] Card 58: 3x2 FT (ft32) | Percentual: (0.00%) | SG: 0 | G1: 0 | G2: 0
[2026-02-07T18:01:29.479Z] [INFO   ] [PASSO 466] Card 59: 4x1 FT (ft41) | Percentual: (0.00%) | SG: 0 | G1: 0 | G2: 0
[2026-02-07T18:01:29.479Z] [INFO   ] [PASSO 467] Card 60: 4x2 FT (ft42) | Percentual: (0.00%) | SG: 0 | G1: 0 | G2: 0
[2026-02-07T18:01:29.479Z] [INFO   ] [PASSO 468] Card 61: 4x3 FT (ft43) | Percentual: (0.00%) | SG: 0 | G1: 0 | G2: 0
[2026-02-07T18:01:29.480Z] [INFO   ] [PASSO 469] Card 62: 4x4 FT (ft44) | Percentual: (0.00%) | SG: 0 | G1: 0 | G2: 0
[2026-02-07T18:01:29.480Z] [INFO   ] [PASSO 470] Card 63: 0x4 FT (ft04) | Percentual: (0.00%) | SG: 0 | G1: 0 | G2: 0
[2026-02-07T18:01:29.480Z] [INFO   ] [PASSO 471] Card 64: 1x4 FT (ft14) | Percentual: (0.00%) | SG: 0 | G1: 0 | G2: 0
[2026-02-07T18:01:29.481Z] [INFO   ] [PASSO 472] Card 65: 2x4 FT (ft24) | Percentual: (0.00%) | SG: 0 | G1: 0 | G2: 0
[2026-02-07T18:01:29.481Z] [INFO   ] [PASSO 473] Card 66: 3x4 FT (ft34) | Percentual: (0.00%) | SG: 0 | G1: 0 | G2: 0
[2026-02-07T18:01:29.481Z] [INFO   ] [PASSO 474] Card 67: 5+ Visitante (ft50_f) | Percentual: (0.00%) | SG: 0 | G1: 0 | G2: 0
[2026-02-07T18:01:29.482Z] [INFO   ] [PASSO 475] Card 68: Handicap Casa (hac) | Percentual: (0.00%) | SG: 0 | G1: 0 | G2: 0
[2026-02-07T18:01:29.482Z] [INFO   ] [PASSO 476] Card 69: Handicap Visitante (hav) | Percentual: (0.00%) | SG: 0 | G1: 0 | G2: 0
[2026-02-07T18:01:29.482Z] [INFO   ] [PASSO 477] Card 70: Over 0.5 (o05) | Percentual: (100.00%) | SG: 0 | G1: 0 | G2: 0
[2026-02-07T18:01:29.483Z] [INFO   ] [PASSO 478] Card 71: Over 1.5 (o15) | Percentual: (100.00%) | SG: 0 | G1: 0 | G2: 0
[2026-02-07T18:01:29.483Z] [INFO   ] [PASSO 479] Card 72: Under 3.5 (u35) | Percentual: (94.74%) | SG: 0 | G1: 0 | G2: 0
[2026-02-07T18:01:29.483Z] [INFO   ] [PASSO 480] Card 73: Under 2.5 (u25) | Percentual: (89.47%) | SG: 0 | G1: 0 | G2: 0
[2026-02-07T18:01:29.483Z] [INFO   ] [PASSO 481] Card 74: Under 1.5 (u15) | Percentual: (68.42%) | SG: 0 | G1: 0 | G2: 0
[2026-02-07T18:01:29.484Z] [INFO   ] [PASSO 482] Card 75: Under 0.5 (u05) | Percentual: (31.58%) | SG: 0 | G1: 0 | G2: 0
[2026-02-07T18:01:29.484Z] [SUCCESS] [PASSO 483] ========================================
[2026-02-07T18:01:29.485Z] [SUCCESS] [PASSO 484] BUSCADOR DE PADRÕES CONCLUÍDO COM SUCESSO!
[2026-02-07T18:01:29.485Z] [SUCCESS] [PASSO 485] ========================================
[2026-02-07T18:01:29.746Z] [INFO   ] [PASSO 486] Browser fechado
[2026-02-07T18:01:29.747Z] [INFO   ] [PASSO 487] ========================================
[2026-02-07T18:01:29.747Z] [INFO   ] [PASSO 488] ROBÔ FINALIZADO
[2026-02-07T18:01:29.747Z] [INFO   ] [PASSO 489] Total de passos: 488
[2026-02-07T18:01:29.748Z] [INFO   ] [PASSO 490] ========================================
[2026-02-07T18:06:11.482Z] [INFO   ] [PASSO 1] ========================================
[2026-02-07T18:06:11.483Z] [INFO   ] [PASSO 2] INICIANDO BB TIPS ROBOT
[2026-02-07T18:06:11.483Z] [INFO   ] [PASSO 3] ========================================
[2026-02-07T18:06:11.484Z] [INFO   ] [PASSO 4] URL Base (BB Tips): https://app.bbtips.com.br
[2026-02-07T18:06:11.484Z] [INFO   ] [PASSO 5] API URL (Banco): http://localhost:5000
[2026-02-07T18:06:11.484Z] [INFO   ] [PASSO 6] Email: ****@***.***
[2026-02-07T18:06:11.485Z] [INFO   ] [PASSO 7] Inicializando browser...
[2026-02-07T18:06:12.285Z] [SUCCESS] [PASSO 8] Browser iniciado com sucesso
[2026-02-07T18:06:12.286Z] [INFO   ] [PASSO 9] ---------------------------------------
[2026-02-07T18:06:12.287Z] [INFO   ] [PASSO 10] INICIANDO LOGIN
[2026-02-07T18:06:12.288Z] [INFO   ] [PASSO 11] ---------------------------------------
[2026-02-07T18:06:12.288Z] [INFO   ] [PASSO 12] Navegando para: https://app.bbtips.com.br/login
[2026-02-07T18:06:17.803Z] [DEBUG  ] [PASSO 13] Título da página: BB Tips
[2026-02-07T18:06:17.804Z] [INFO   ] [PASSO 14] Procurando campo de email...
[2026-02-07T18:06:17.820Z] [SUCCESS] [PASSO 15] Campo de email encontrado
[2026-02-07T18:06:17.917Z] [INFO   ] [PASSO 16] Email preenchido
[2026-02-07T18:06:17.917Z] [INFO   ] [PASSO 17] Procurando campo de senha...
[2026-02-07T18:06:17.922Z] [SUCCESS] [PASSO 18] Campo de senha encontrado
[2026-02-07T18:06:17.957Z] [INFO   ] [PASSO 19] Senha preenchida
[2026-02-07T18:06:17.957Z] [INFO   ] [PASSO 20] Procurando botão de login...
[2026-02-07T18:06:17.963Z] [SUCCESS] [PASSO 21] Botão de login encontrado: "Entrar"
[2026-02-07T18:06:17.987Z] [INFO   ] [PASSO 22] Clicou no botão de login, aguardando...
[2026-02-07T18:06:22.996Z] [INFO   ] [PASSO 23] URL atual: https://app.bbtips.com.br/inicio
[2026-02-07T18:06:22.997Z] [SUCCESS] [PASSO 24] Login realizado com sucesso!
[2026-02-07T18:06:22.997Z] [INFO   ] [PASSO 25] URL após login: https://app.bbtips.com.br/inicio
[2026-02-07T18:06:22.999Z] [INFO   ] [PASSO 26] ---------------------------------------
[2026-02-07T18:06:22.999Z] [INFO   ] [PASSO 27] EXECUTANDO BUSCADOR DE PADRÕES
[2026-02-07T18:06:22.999Z] [INFO   ] [PASSO 28] ---------------------------------------
[2026-02-07T18:06:23.000Z] [INFO   ] [PASSO 29] URL Base do robô: https://app.bbtips.com.br
[2026-02-07T18:06:23.000Z] [INFO   ] [PASSO 30] Navegando para: https://app.bbtips.com.br/bots/novo
[2026-02-07T18:06:23.001Z] [DEBUG  ] [PASSO 31] URL atual antes de navegar: https://app.bbtips.com.br/inicio
[2026-02-07T18:06:23.196Z] [BROWSER-ERROR] [PASSO 32] Console Error: [Report Only] Refused to load the script 'https://app.bbtips.com.br/chunk-NLOEEFVE.js' because it violates the following Content Security Policy directive: "script-src 'none'". Note that 'script-src-elem' was not explicitly set, so 'script-src' is used as a fallback.

[2026-02-07T18:06:23.197Z] [BROWSER-ERROR] [PASSO 33] Console Error: [Report Only] Refused to load the script 'https://app.bbtips.com.br/chunk-BW25BPPI.js' because it violates the following Content Security Policy directive: "script-src 'none'". Note that 'script-src-elem' was not explicitly set, so 'script-src' is used as a fallback.

[2026-02-07T18:06:23.197Z] [BROWSER-ERROR] [PASSO 34] Console Error: [Report Only] Refused to load the script 'https://app.bbtips.com.br/chunk-OXGSOEBO.js' because it violates the following Content Security Policy directive: "script-src 'none'". Note that 'script-src-elem' was not explicitly set, so 'script-src' is used as a fallback.

[2026-02-07T18:06:23.198Z] [BROWSER-ERROR] [PASSO 35] Console Error: [Report Only] Refused to load the script 'https://app.bbtips.com.br/chunk-5XLIZX43.js' because it violates the following Content Security Policy directive: "script-src 'none'". Note that 'script-src-elem' was not explicitly set, so 'script-src' is used as a fallback.

[2026-02-07T18:06:23.199Z] [BROWSER-ERROR] [PASSO 36] Console Error: [Report Only] Refused to load the script 'https://app.bbtips.com.br/chunk-OX6J67RR.js' because it violates the following Content Security Policy directive: "script-src 'none'". Note that 'script-src-elem' was not explicitly set, so 'script-src' is used as a fallback.

[2026-02-07T18:06:23.199Z] [BROWSER-ERROR] [PASSO 37] Console Error: [Report Only] Refused to load the script 'https://app.bbtips.com.br/chunk-BJ7QMU6E.js' because it violates the following Content Security Policy directive: "script-src 'none'". Note that 'script-src-elem' was not explicitly set, so 'script-src' is used as a fallback.

[2026-02-07T18:06:23.200Z] [BROWSER-ERROR] [PASSO 38] Console Error: [Report Only] Refused to load the script 'https://app.bbtips.com.br/chunk-GY2IF7I7.js' because it violates the following Content Security Policy directive: "script-src 'none'". Note that 'script-src-elem' was not explicitly set, so 'script-src' is used as a fallback.

[2026-02-07T18:06:23.201Z] [BROWSER-ERROR] [PASSO 39] Console Error: [Report Only] Refused to load the script 'https://app.bbtips.com.br/chunk-LMLWXF2W.js' because it violates the following Content Security Policy directive: "script-src 'none'". Note that 'script-src-elem' was not explicitly set, so 'script-src' is used as a fallback.

[2026-02-07T18:06:23.202Z] [BROWSER-ERROR] [PASSO 40] Console Error: [Report Only] Refused to load the script 'https://app.bbtips.com.br/chunk-6KBEOSGV.js' because it violates the following Content Security Policy directive: "script-src 'none'". Note that 'script-src-elem' was not explicitly set, so 'script-src' is used as a fallback.

[2026-02-07T18:06:23.203Z] [BROWSER-ERROR] [PASSO 41] Console Error: [Report Only] Refused to load the script 'https://app.bbtips.com.br/chunk-NLA7K5PL.js' because it violates the following Content Security Policy directive: "script-src 'none'". Note that 'script-src-elem' was not explicitly set, so 'script-src' is used as a fallback.

[2026-02-07T18:06:23.204Z] [BROWSER-ERROR] [PASSO 42] Console Error: [Report Only] Refused to load the script 'https://app.bbtips.com.br/polyfills-EONH2QZO.js' because it violates the following Content Security Policy directive: "script-src 'none'". Note that 'script-src-elem' was not explicitly set, so 'script-src' is used as a fallback.

[2026-02-07T18:06:23.204Z] [BROWSER-ERROR] [PASSO 43] Console Error: [Report Only] Refused to load the script 'https://app.bbtips.com.br/scripts-67OFWAMY.js' because it violates the following Content Security Policy directive: "script-src 'none'". Note that 'script-src-elem' was not explicitly set, so 'script-src' is used as a fallback.

[2026-02-07T18:06:23.205Z] [BROWSER-ERROR] [PASSO 44] Console Error: [Report Only] Refused to load the script 'https://app.bbtips.com.br/main-KQK37MUR.js' because it violates the following Content Security Policy directive: "script-src 'none'". Note that 'script-src-elem' was not explicitly set, so 'script-src' is used as a fallback.

[2026-02-07T18:06:23.205Z] [BROWSER-ERROR] [PASSO 45] Console Error: [Report Only] Refused to load the script 'https://cdn.jsdelivr.net/npm/hls.js@latest' because it violates the following Content Security Policy directive: "script-src 'none'". Note that 'script-src-elem' was not explicitly set, so 'script-src' is used as a fallback.

[2026-02-07T18:06:23.215Z] [BROWSER-ERROR] [PASSO 46] Console Error: [Report Only] Refused to execute inline event handler because it violates the following Content Security Policy directive: "script-src 'none'". Either the 'unsafe-inline' keyword, a hash ('sha256-...'), or a nonce ('nonce-...') is required to enable inline execution. Note that hashes do not apply to event handlers, style attributes and javascript: navigations unless the 'unsafe-hashes' keyword is present.

[2026-02-07T18:06:23.216Z] [BROWSER-ERROR] [PASSO 47] Console Error: [Report Only] Refused to load the script 'https://cdn.jsdelivr.net/npm/jquery@3.5.1/dist/jquery.slim.min.js' because it violates the following Content Security Policy directive: "script-src 'none'". Note that 'script-src-elem' was not explicitly set, so 'script-src' is used as a fallback.

[2026-02-07T18:06:23.219Z] [BROWSER-ERROR] [PASSO 48] Console Error: [Report Only] Refused to load the script 'https://cdn.jsdelivr.net/npm/bootstrap@5.2.3/dist/js/bootstrap.bundle.min.js' because it violates the following Content Security Policy directive: "script-src 'none'". Note that 'script-src-elem' was not explicitly set, so 'script-src' is used as a fallback.

[2026-02-07T18:06:23.220Z] [BROWSER-ERROR] [PASSO 49] Console Error: [Report Only] Refused to load the script 'https://cdnjs.cloudflare.com/ajax/libs/formatter.js/0.1.5/formatter.min.js' because it violates the following Content Security Policy directive: "script-src 'none'". Note that 'script-src-elem' was not explicitly set, so 'script-src' is used as a fallback.

[2026-02-07T18:06:23.221Z] [BROWSER-ERROR] [PASSO 50] Console Error: [Report Only] Refused to load the script 'https://cdn.jsdelivr.net/npm/sweetalert2@11' because it violates the following Content Security Policy directive: "script-src 'none'". Note that 'script-src-elem' was not explicitly set, so 'script-src' is used as a fallback.

[2026-02-07T18:06:23.223Z] [BROWSER-ERROR] [PASSO 51] Console Error: [Report Only] Refused to load the script 'https://sdk.mercadopago.com/js/v2' because it violates the following Content Security Policy directive: "script-src 'none'". Note that 'script-src-elem' was not explicitly set, so 'script-src' is used as a fallback.

[2026-02-07T18:06:23.409Z] [BROWSER-ERROR] [PASSO 52] Console Error: [Report Only] Refused to execute inline script because it violates the following Content Security Policy directive: "script-src 'none'". Either the 'unsafe-inline' keyword, a hash ('sha256-xFs3wFDMsuI2n0lKyMq9cctXibydXlGu6UBCeVVyGTg='), or a nonce ('nonce-...') is required to enable inline execution.

[2026-02-07T18:06:23.410Z] [BROWSER-ERROR] [PASSO 53] Console Error: [Report Only] Refused to load the script 'https://cdn.jsdelivr.net/npm/quill@2.0.3/dist/quill.js' because it violates the following Content Security Policy directive: "script-src 'none'". Note that 'script-src-elem' was not explicitly set, so 'script-src' is used as a fallback.

[2026-02-07T18:06:23.431Z] [BROWSER-ERROR] [PASSO 54] Console Error: [Report Only] Refused to load the script 'https://app.bbtips.com.br/chunk-6WURUOVO.js' because it violates the following Content Security Policy directive: "script-src 'none'". Note that 'script-src-elem' was not explicitly set, so 'script-src' is used as a fallback.

[2026-02-07T18:06:23.432Z] [BROWSER-ERROR] [PASSO 55] Console Error: [Report Only] Refused to load the script 'https://app.bbtips.com.br/chunk-WWX6BADO.js' because it violates the following Content Security Policy directive: "script-src 'none'". Note that 'script-src-elem' was not explicitly set, so 'script-src' is used as a fallback.

[2026-02-07T18:06:23.482Z] [BROWSER-ERROR] [PASSO 56] Console Error: [Report Only] Refused to load the script 'https://app.bbtips.com.br/chunk-6LOLENSM.js' because it violates the following Content Security Policy directive: "script-src 'none'". Note that 'script-src-elem' was not explicitly set, so 'script-src' is used as a fallback.

[2026-02-07T18:06:23.503Z] [BROWSER-ERROR] [PASSO 57] Console Error: [Report Only] Refused to load the script 'https://app.bbtips.com.br/chunk-RG2B4NCN.js' because it violates the following Content Security Policy directive: "script-src 'none'". Note that 'script-src-elem' was not explicitly set, so 'script-src' is used as a fallback.

[2026-02-07T18:06:23.504Z] [BROWSER-ERROR] [PASSO 58] Console Error: [Report Only] Refused to load the script 'https://app.bbtips.com.br/chunk-TLWIAUDU.js' because it violates the following Content Security Policy directive: "script-src 'none'". Note that 'script-src-elem' was not explicitly set, so 'script-src' is used as a fallback.

[2026-02-07T18:06:23.505Z] [BROWSER-ERROR] [PASSO 59] Console Error: [Report Only] Refused to load the script 'https://app.bbtips.com.br/chunk-EJYUQN43.js' because it violates the following Content Security Policy directive: "script-src 'none'". Note that 'script-src-elem' was not explicitly set, so 'script-src' is used as a fallback.

[2026-02-07T18:06:23.506Z] [BROWSER-ERROR] [PASSO 60] Console Error: [Report Only] Refused to load the script 'https://app.bbtips.com.br/chunk-C4R4M7O5.js' because it violates the following Content Security Policy directive: "script-src 'none'". Note that 'script-src-elem' was not explicitly set, so 'script-src' is used as a fallback.

[2026-02-07T18:06:23.507Z] [BROWSER-ERROR] [PASSO 61] Console Error: [Report Only] Refused to load the script 'https://app.bbtips.com.br/chunk-A5IICILA.js' because it violates the following Content Security Policy directive: "script-src 'none'". Note that 'script-src-elem' was not explicitly set, so 'script-src' is used as a fallback.

[2026-02-07T18:06:23.507Z] [BROWSER-ERROR] [PASSO 62] Console Error: [Report Only] Refused to load the script 'https://app.bbtips.com.br/chunk-YQWLIOPD.js' because it violates the following Content Security Policy directive: "script-src 'none'". Note that 'script-src-elem' was not explicitly set, so 'script-src' is used as a fallback.

[2026-02-07T18:06:23.508Z] [BROWSER-ERROR] [PASSO 63] Console Error: [Report Only] Refused to load the script 'https://app.bbtips.com.br/chunk-G2AFNGUO.js' because it violates the following Content Security Policy directive: "script-src 'none'". Note that 'script-src-elem' was not explicitly set, so 'script-src' is used as a fallback.

[2026-02-07T18:06:23.509Z] [BROWSER-ERROR] [PASSO 64] Console Error: [Report Only] Refused to load the script 'https://app.bbtips.com.br/chunk-CWIPMKSP.js' because it violates the following Content Security Policy directive: "script-src 'none'". Note that 'script-src-elem' was not explicitly set, so 'script-src' is used as a fallback.

[2026-02-07T18:06:23.509Z] [BROWSER-ERROR] [PASSO 65] Console Error: [Report Only] Refused to load the script 'https://app.bbtips.com.br/chunk-ZNGJPW4U.js' because it violates the following Content Security Policy directive: "script-src 'none'". Note that 'script-src-elem' was not explicitly set, so 'script-src' is used as a fallback.

[2026-02-07T18:06:23.510Z] [BROWSER-ERROR] [PASSO 66] Console Error: [Report Only] Refused to load the script 'https://app.bbtips.com.br/chunk-N7PV4LCN.js' because it violates the following Content Security Policy directive: "script-src 'none'". Note that 'script-src-elem' was not explicitly set, so 'script-src' is used as a fallback.

[2026-02-07T18:06:23.510Z] [BROWSER-ERROR] [PASSO 67] Console Error: [Report Only] Refused to load the script 'https://app.bbtips.com.br/chunk-FAAXEELX.js' because it violates the following Content Security Policy directive: "script-src 'none'". Note that 'script-src-elem' was not explicitly set, so 'script-src' is used as a fallback.

[2026-02-07T18:06:23.511Z] [BROWSER-ERROR] [PASSO 68] Console Error: [Report Only] Refused to load the script 'https://app.bbtips.com.br/chunk-LQXDE5SR.js' because it violates the following Content Security Policy directive: "script-src 'none'". Note that 'script-src-elem' was not explicitly set, so 'script-src' is used as a fallback.

[2026-02-07T18:06:23.557Z] [BROWSER-ERROR] [PASSO 69] Console Error: [Report Only] Refused to load the script 'https://app.bbtips.com.br/chunk-UP54TWHV.js' because it violates the following Content Security Policy directive: "script-src 'none'". Note that 'script-src-elem' was not explicitly set, so 'script-src' is used as a fallback.

[2026-02-07T18:06:23.586Z] [BROWSER-ERROR] [PASSO 70] Console Error: [Report Only] Refused to load the script 'https://app.bbtips.com.br/chunk-M3KKHCQB.js' because it violates the following Content Security Policy directive: "script-src 'none'". Note that 'script-src-elem' was not explicitly set, so 'script-src' is used as a fallback.

[2026-02-07T18:06:23.587Z] [BROWSER-ERROR] [PASSO 71] Console Error: [Report Only] Refused to load the script 'https://app.bbtips.com.br/chunk-F4XPXUFC.js' because it violates the following Content Security Policy directive: "script-src 'none'". Note that 'script-src-elem' was not explicitly set, so 'script-src' is used as a fallback.

[2026-02-07T18:06:23.588Z] [BROWSER-ERROR] [PASSO 72] Console Error: [Report Only] Refused to load the script 'https://app.bbtips.com.br/chunk-ER62NFNX.js' because it violates the following Content Security Policy directive: "script-src 'none'". Note that 'script-src-elem' was not explicitly set, so 'script-src' is used as a fallback.

[2026-02-07T18:06:23.588Z] [BROWSER-ERROR] [PASSO 73] Console Error: [Report Only] Refused to load the script 'https://app.bbtips.com.br/chunk-OX67KVXP.js' because it violates the following Content Security Policy directive: "script-src 'none'". Note that 'script-src-elem' was not explicitly set, so 'script-src' is used as a fallback.

[2026-02-07T18:06:23.589Z] [BROWSER-ERROR] [PASSO 74] Console Error: [Report Only] Refused to load the script 'https://app.bbtips.com.br/chunk-OLWDPAXQ.js' because it violates the following Content Security Policy directive: "script-src 'none'". Note that 'script-src-elem' was not explicitly set, so 'script-src' is used as a fallback.

[2026-02-07T18:06:24.762Z] [DEBUG  ] [PASSO 75] URL após navegar: https://app.bbtips.com.br/bots/novo
[2026-02-07T18:06:27.788Z] [DEBUG  ] [PASSO 76] Conteúdo da página: 23/02/2026
 Bet365 
 Betano 
 Kiron
 SportingBet
 Aviator 
 Blaze 
 Roletas
 Luiz Silva 
Criar Novo Robô
Layout Antigo
Público
Selecione a Liga que deseja atuar
TodasCopaEuroSuperPremier
Nome
Chat
×[B...
[2026-02-07T18:06:27.788Z] [INFO   ] [PASSO 77] Procurando botão Buscar Padrões...
[2026-02-07T18:06:27.794Z] [SUCCESS] [PASSO 78] Botão Buscar Padrões encontrado: "Buscador de Padrões 🤖"
[2026-02-07T18:06:29.836Z] [INFO   ] [PASSO 79] Procurando campo Máximo Pulos...
[2026-02-07T18:06:29.839Z] [WARN   ] [PASSO 80] Campo Máximo Pulos não encontrado via ng-select
[2026-02-07T18:06:29.842Z] [WARN   ] [PASSO 81] Campo Máximo Pulos não encontrado
[2026-02-07T18:06:29.842Z] [INFO   ] [PASSO 82] Procurando botão Buscar no modal...
[2026-02-07T18:06:29.847Z] [SUCCESS] [PASSO 83] Botão Buscar encontrado: "Buscar"
[2026-02-07T18:06:29.868Z] [INFO   ] [PASSO 84] Clicou em Buscar, aguardando resultados...
[2026-02-07T18:06:34.876Z] [INFO   ] [PASSO 85] Procurando resultados da busca...
[2026-02-07T18:06:36.893Z] [SUCCESS] [PASSO 86] Quinta tabela encontrada
[2026-02-07T18:06:36.898Z] [INFO   ] [PASSO 87] Clicando na primeira linha da quinta tabela...
[2026-02-07T18:06:37.946Z] [INFO   ] [PASSO 88] Procurando dialog SweetAlert2...
[2026-02-07T18:06:39.456Z] [SUCCESS] [PASSO 89] Modal SweetAlert2 encontrado
[2026-02-07T18:06:39.460Z] [SUCCESS] [PASSO 90] Botão encontrado: "Sim"
[2026-02-07T18:06:39.461Z] [SUCCESS] [PASSO 91] Clicando em "Sim"
[2026-02-07T18:06:39.559Z] [INFO   ] [PASSO 92] Clicou no botão Sim
[2026-02-07T18:06:41.060Z] [INFO   ] [PASSO 93] Procurando elemento para clicar...
[2026-02-07T18:06:42.074Z] [SUCCESS] [PASSO 94] Elemento encontrado
[2026-02-07T18:06:42.098Z] [INFO   ] [PASSO 95] Clicou no elemento div[2]
[2026-02-07T18:06:43.098Z] [INFO   ] [PASSO 96] Procurando span para clicar...
[2026-02-07T18:06:44.113Z] [SUCCESS] [PASSO 97] Span encontrado: "VER MAIS"
[2026-02-07T18:06:44.232Z] [INFO   ] [PASSO 98] Clicou no span
[2026-02-07T18:06:45.237Z] [INFO   ] [PASSO 99] ========================================
[2026-02-07T18:06:45.237Z] [INFO   ] [PASSO 100] EXTRAINDO DADOS DOS CARDS
[2026-02-07T18:06:45.238Z] [INFO   ] [PASSO 101] ========================================
[2026-02-07T18:06:45.239Z] [INFO   ] [PASSO 102] ╔══════════════════════════════════════════════════════════╗
[2026-02-07T18:06:45.239Z] [INFO   ] [PASSO 103] ║          EXTRAÇÃO DE DADOS DOS CARDS (XPath)         ║
[2026-02-07T18:06:45.239Z] [INFO   ] [PASSO 104] ╚══════════════════════════════════════════════════════════╝
[2026-02-07T18:06:45.240Z] [INFO   ] [PASSO 105] Timestamp: 2026-02-07T18:06:45.240Z
[2026-02-07T18:06:47.241Z] [INFO   ] [PASSO 106] ══════════════════════════════════════════════════════════
[2026-02-07T18:06:47.242Z] [INFO   ] [PASSO 107] BUSCA POR CONTAINER DE CARDS:
[2026-02-07T18:06:47.242Z] [INFO   ] [PASSO 108]   XPath Container: /html/body/app-root/div/app-robos-novo/div/div/div[5]/div[1]/div[1]/div[3]/div[3]/div[2]/div[2]/div[1]
[2026-02-07T18:06:47.249Z] [SUCCESS] [PASSO 109] Container encontrado
[2026-02-07T18:06:47.249Z] [INFO   ] [PASSO 110] ══════════════════════════════════════════════════════════
[2026-02-07T18:06:47.250Z] [INFO   ] [PASSO 111] BUSCA POR CARDS DENTRO DO CONTAINER:
[2026-02-07T18:06:47.250Z] [INFO   ] [PASSO 112]   XPath Cards: ./div[not(contains(@class, 'row'))]
[2026-02-07T18:06:47.296Z] [INFO   ] [PASSO 113]   Cards encontrados via XPath: 75
[2026-02-07T18:06:47.297Z] [SUCCESS] [PASSO 114] Total de cards encontrados: 75
[2026-02-07T18:06:47.297Z] [INFO   ] [PASSO 115] ═══════════════════════════════════════════════════════════
[2026-02-07T18:06:47.297Z] [INFO   ] [PASSO 116]   Processando Card 1/75...
[2026-02-07T18:06:47.332Z] [DEBUG  ] [PASSO 117]   ✓ Card 1: Ambas Marcam Sim (ambs) | (100.00%) | SG:0 | G1:0 | G2:0
[2026-02-07T18:06:47.332Z] [INFO   ] [PASSO 118]   ✓ Card 1: Ambas Marcam Sim (ambs) | (100.00%) | SG:0 | G1:0 | G2:0
[2026-02-07T18:06:47.333Z] [INFO   ] [PASSO 119] ═══════════════════════════════════════════════════════════
[2026-02-07T18:06:47.333Z] [INFO   ] [PASSO 120]   Processando Card 2/75...
[2026-02-07T18:06:47.367Z] [DEBUG  ] [PASSO 121]   ✓ Card 2: Casa Marca Sim (cms) | (100.00%) | SG:0 | G1:0 | G2:0
[2026-02-07T18:06:47.367Z] [INFO   ] [PASSO 122]   ✓ Card 2: Casa Marca Sim (cms) | (100.00%) | SG:0 | G1:0 | G2:0
[2026-02-07T18:06:47.368Z] [INFO   ] [PASSO 123] ═══════════════════════════════════════════════════════════
[2026-02-07T18:06:47.368Z] [INFO   ] [PASSO 124]   Processando Card 3/75...
[2026-02-07T18:06:47.401Z] [DEBUG  ] [PASSO 125]   ✓ Card 3: Visitante Marca Sim (vms) | (100.00%) | SG:0 | G1:0 | G2:0
[2026-02-07T18:06:47.402Z] [INFO   ] [PASSO 126]   ✓ Card 3: Visitante Marca Sim (vms) | (100.00%) | SG:0 | G1:0 | G2:0
[2026-02-07T18:06:47.402Z] [INFO   ] [PASSO 127] ═══════════════════════════════════════════════════════════
[2026-02-07T18:06:47.403Z] [INFO   ] [PASSO 128]   Processando Card 4/75...
[2026-02-07T18:06:47.436Z] [DEBUG  ] [PASSO 129]   ✓ Card 4: Ambas Não Marcam (ambn) | (89.47%) | SG:0 | G1:0 | G2:0
[2026-02-07T18:06:47.437Z] [INFO   ] [PASSO 130]   ✓ Card 4: Ambas Não Marcam (ambn) | (89.47%) | SG:0 | G1:0 | G2:0
[2026-02-07T18:06:47.438Z] [INFO   ] [PASSO 131] ═══════════════════════════════════════════════════════════
[2026-02-07T18:06:47.438Z] [INFO   ] [PASSO 132]   Processando Card 5/75...
[2026-02-07T18:06:47.470Z] [DEBUG  ] [PASSO 133]   ✓ Card 5: Over 2.5 (o25) | (84.21%) | SG:0 | G1:0 | G2:0
[2026-02-07T18:06:47.471Z] [INFO   ] [PASSO 134]   ✓ Card 5: Over 2.5 (o25) | (84.21%) | SG:0 | G1:0 | G2:0
[2026-02-07T18:06:47.471Z] [INFO   ] [PASSO 135] ═══════════════════════════════════════════════════════════
[2026-02-07T18:06:47.471Z] [INFO   ] [PASSO 136]   Processando Card 6/75...
[2026-02-07T18:06:47.504Z] [DEBUG  ] [PASSO 137]   ✓ Card 6: Visitante Não Marca (vmn) | (84.21%) | SG:0 | G1:0 | G2:0
[2026-02-07T18:06:47.505Z] [INFO   ] [PASSO 138]   ✓ Card 6: Visitante Não Marca (vmn) | (84.21%) | SG:0 | G1:0 | G2:0
[2026-02-07T18:06:47.505Z] [INFO   ] [PASSO 139] ═══════════════════════════════════════════════════════════
[2026-02-07T18:06:47.506Z] [INFO   ] [PASSO 140]   Processando Card 7/75...
[2026-02-07T18:06:47.538Z] [DEBUG  ] [PASSO 141]   ✓ Card 7: [HT] Empate (hte) | (84.21%) | SG:0 | G1:0 | G2:0
[2026-02-07T18:06:47.539Z] [INFO   ] [PASSO 142]   ✓ Card 7: [HT] Empate (hte) | (84.21%) | SG:0 | G1:0 | G2:0
[2026-02-07T18:06:47.539Z] [INFO   ] [PASSO 143] ═══════════════════════════════════════════════════════════
[2026-02-07T18:06:47.540Z] [INFO   ] [PASSO 144]   Processando Card 8/75...
[2026-02-07T18:06:47.572Z] [DEBUG  ] [PASSO 145]   ✓ Card 8: Casa (pmc) | (84.21%) | SG:0 | G1:0 | G2:0
[2026-02-07T18:06:47.573Z] [INFO   ] [PASSO 146]   ✓ Card 8: Casa (pmc) | (84.21%) | SG:0 | G1:0 | G2:0
[2026-02-07T18:06:47.573Z] [INFO   ] [PASSO 147] ═══════════════════════════════════════════════════════════
[2026-02-07T18:06:47.573Z] [INFO   ] [PASSO 148]   Processando Card 9/75...
[2026-02-07T18:06:47.606Z] [DEBUG  ] [PASSO 149]   ✓ Card 9: Casa (umc) | (78.95%) | SG:0 | G1:0 | G2:0
[2026-02-07T18:06:47.607Z] [INFO   ] [PASSO 150]   ✓ Card 9: Casa (umc) | (78.95%) | SG:0 | G1:0 | G2:0
[2026-02-07T18:06:47.608Z] [INFO   ] [PASSO 151] ═══════════════════════════════════════════════════════════
[2026-02-07T18:06:47.608Z] [INFO   ] [PASSO 152]   Processando Card 10/75...
[2026-02-07T18:06:47.640Z] [DEBUG  ] [PASSO 153]   ✓ Card 10: Vencedor Casa (ftc) | (73.68%) | SG:0 | G1:0 | G2:0
[2026-02-07T18:06:47.641Z] [INFO   ] [PASSO 154]   ✓ Card 10: Vencedor Casa (ftc) | (73.68%) | SG:0 | G1:0 | G2:0
[2026-02-07T18:06:47.641Z] [INFO   ] [PASSO 155] ═══════════════════════════════════════════════════════════
[2026-02-07T18:06:47.642Z] [INFO   ] [PASSO 156]   Processando Card 11/75...
[2026-02-07T18:06:47.678Z] [DEBUG  ] [PASSO 157]   ✓ Card 11: Empate (fte) | (73.68%) | SG:0 | G1:0 | G2:0
[2026-02-07T18:06:47.679Z] [INFO   ] [PASSO 158]   ✓ Card 11: Empate (fte) | (73.68%) | SG:0 | G1:0 | G2:0
[2026-02-07T18:06:47.679Z] [INFO   ] [PASSO 159] ═══════════════════════════════════════════════════════════
[2026-02-07T18:06:47.679Z] [INFO   ] [PASSO 160]   Processando Card 12/75...
[2026-02-07T18:06:47.711Z] [DEBUG  ] [PASSO 161]   ✓ Card 12: 2 Gols (ge2) | (68.42%) | SG:0 | G1:0 | G2:0
[2026-02-07T18:06:47.712Z] [INFO   ] [PASSO 162]   ✓ Card 12: 2 Gols (ge2) | (68.42%) | SG:0 | G1:0 | G2:0
[2026-02-07T18:06:47.713Z] [INFO   ] [PASSO 163] ═══════════════════════════════════════════════════════════
[2026-02-07T18:06:47.713Z] [INFO   ] [PASSO 164]   Processando Card 13/75...
[2026-02-07T18:06:47.746Z] [DEBUG  ] [PASSO 165]   ✓ Card 13: 0x0 HT (ht00) | (68.42%) | SG:0 | G1:0 | G2:0
[2026-02-07T18:06:47.746Z] [INFO   ] [PASSO 166]   ✓ Card 13: 0x0 HT (ht00) | (68.42%) | SG:0 | G1:0 | G2:0
[2026-02-07T18:06:47.747Z] [INFO   ] [PASSO 167] ═══════════════════════════════════════════════════════════
[2026-02-07T18:06:47.747Z] [INFO   ] [PASSO 168]   Processando Card 14/75...
[2026-02-07T18:06:47.780Z] [DEBUG  ] [PASSO 169]   ✓ Card 14: Visitante (pmv) | (68.42%) | SG:0 | G1:0 | G2:0
[2026-02-07T18:06:47.781Z] [INFO   ] [PASSO 170]   ✓ Card 14: Visitante (pmv) | (68.42%) | SG:0 | G1:0 | G2:0
[2026-02-07T18:06:47.781Z] [INFO   ] [PASSO 171] ═══════════════════════════════════════════════════════════
[2026-02-07T18:06:47.782Z] [INFO   ] [PASSO 172]   Processando Card 15/75...
[2026-02-07T18:06:47.813Z] [DEBUG  ] [PASSO 173]   ✓ Card 15: Visitante (umv) | (68.42%) | SG:0 | G1:0 | G2:0
[2026-02-07T18:06:47.814Z] [INFO   ] [PASSO 174]   ✓ Card 15: Visitante (umv) | (68.42%) | SG:0 | G1:0 | G2:0
[2026-02-07T18:06:47.814Z] [INFO   ] [PASSO 175] ═══════════════════════════════════════════════════════════
[2026-02-07T18:06:47.815Z] [INFO   ] [PASSO 176]   Processando Card 16/75...
[2026-02-07T18:06:47.847Z] [DEBUG  ] [PASSO 177]   ✓ Card 16: [HT] Vencedor Casa (htc) | (63.16%) | SG:0 | G1:0 | G2:0
[2026-02-07T18:06:47.848Z] [INFO   ] [PASSO 178]   ✓ Card 16: [HT] Vencedor Casa (htc) | (63.16%) | SG:0 | G1:0 | G2:0
[2026-02-07T18:06:47.848Z] [INFO   ] [PASSO 179] ═══════════════════════════════════════════════════════════
[2026-02-07T18:06:47.849Z] [INFO   ] [PASSO 180]   Processando Card 17/75...
[2026-02-07T18:06:47.884Z] [DEBUG  ] [PASSO 181]   ✓ Card 17: [HT] Vencedor Visitante (htv) | (57.89%) | SG:0 | G1:0 | G2:0
[2026-02-07T18:06:47.884Z] [INFO   ] [PASSO 182]   ✓ Card 17: [HT] Vencedor Visitante (htv) | (57.89%) | SG:0 | G1:0 | G2:0
[2026-02-07T18:06:47.885Z] [INFO   ] [PASSO 183] ═══════════════════════════════════════════════════════════
[2026-02-07T18:06:47.885Z] [INFO   ] [PASSO 184]   Processando Card 18/75...
[2026-02-07T18:06:47.917Z] [DEBUG  ] [PASSO 185]   ✓ Card 18: Resultado Casa / Ambas Não (rcan) | (57.89%) | SG:0 | G1:0 | G2:0
[2026-02-07T18:06:47.918Z] [INFO   ] [PASSO 186]   ✓ Card 18: Resultado Casa / Ambas Não (rcan) | (57.89%) | SG:0 | G1:0 | G2:0
[2026-02-07T18:06:47.918Z] [INFO   ] [PASSO 187] ═══════════════════════════════════════════════════════════
[2026-02-07T18:06:47.919Z] [INFO   ] [PASSO 188]   Processando Card 19/75...
[2026-02-07T18:06:47.953Z] [DEBUG  ] [PASSO 189]   ✓ Card 19: Resultado Empate / Ambas Sim (reas) | (57.89%) | SG:0 | G1:0 | G2:0
[2026-02-07T18:06:47.954Z] [INFO   ] [PASSO 190]   ✓ Card 19: Resultado Empate / Ambas Sim (reas) | (57.89%) | SG:0 | G1:0 | G2:0
[2026-02-07T18:06:47.954Z] [INFO   ] [PASSO 191] ═══════════════════════════════════════════════════════════
[2026-02-07T18:06:47.955Z] [INFO   ] [PASSO 192]   Processando Card 20/75...
[2026-02-07T18:06:47.992Z] [DEBUG  ] [PASSO 193]   ✓ Card 20: Over 3.5 (o35) | (52.63%) | SG:0 | G1:0 | G2:0
[2026-02-07T18:06:47.993Z] [INFO   ] [PASSO 194]   ✓ Card 20: Over 3.5 (o35) | (52.63%) | SG:0 | G1:0 | G2:0
[2026-02-07T18:06:47.994Z] [INFO   ] [PASSO 195] ═══════════════════════════════════════════════════════════
[2026-02-07T18:06:47.994Z] [INFO   ] [PASSO 196]   Processando Card 21/75...
[2026-02-07T18:06:48.028Z] [DEBUG  ] [PASSO 197]   ✓ Card 21: Casa Não Marca (cmn) | (47.37%) | SG:0 | G1:0 | G2:0
[2026-02-07T18:06:48.029Z] [INFO   ] [PASSO 198]   ✓ Card 21: Casa Não Marca (cmn) | (47.37%) | SG:0 | G1:0 | G2:0
[2026-02-07T18:06:48.029Z] [INFO   ] [PASSO 199] ═══════════════════════════════════════════════════════════
[2026-02-07T18:06:48.029Z] [INFO   ] [PASSO 200]   Processando Card 22/75...
[2026-02-07T18:06:48.066Z] [DEBUG  ] [PASSO 201]   ✓ Card 22: Vencedor Visitante (ftv) | (47.37%) | SG:0 | G1:0 | G2:0
[2026-02-07T18:06:48.066Z] [INFO   ] [PASSO 202]   ✓ Card 22: Vencedor Visitante (ftv) | (47.37%) | SG:0 | G1:0 | G2:0
[2026-02-07T18:06:48.067Z] [INFO   ] [PASSO 203] ═══════════════════════════════════════════════════════════
[2026-02-07T18:06:48.067Z] [INFO   ] [PASSO 204]   Processando Card 23/75...
[2026-02-07T18:06:48.104Z] [DEBUG  ] [PASSO 205]   ✓ Card 23: 3 Gols (ge3) | (47.37%) | SG:0 | G1:0 | G2:0
[2026-02-07T18:06:48.105Z] [INFO   ] [PASSO 206]   ✓ Card 23: 3 Gols (ge3) | (47.37%) | SG:0 | G1:0 | G2:0
[2026-02-07T18:06:48.105Z] [INFO   ] [PASSO 207] ═══════════════════════════════════════════════════════════
[2026-02-07T18:06:48.105Z] [INFO   ] [PASSO 208]   Processando Card 24/75...
[2026-02-07T18:06:48.143Z] [DEBUG  ] [PASSO 209]   ✓ Card 24: 1x0 HT (ht10) | (47.37%) | SG:0 | G1:0 | G2:0
[2026-02-07T18:06:48.143Z] [INFO   ] [PASSO 210]   ✓ Card 24: 1x0 HT (ht10) | (47.37%) | SG:0 | G1:0 | G2:0
[2026-02-07T18:06:48.144Z] [INFO   ] [PASSO 211] ═══════════════════════════════════════════════════════════
[2026-02-07T18:06:48.144Z] [INFO   ] [PASSO 212]   Processando Card 25/75...
[2026-02-07T18:06:48.180Z] [DEBUG  ] [PASSO 213]   ✓ Card 25: 1 Gols (ge1) | (42.11%) | SG:0 | G1:0 | G2:0
[2026-02-07T18:06:48.181Z] [INFO   ] [PASSO 214]   ✓ Card 25: 1 Gols (ge1) | (42.11%) | SG:0 | G1:0 | G2:0
[2026-02-07T18:06:48.181Z] [INFO   ] [PASSO 215] ═══════════════════════════════════════════════════════════
[2026-02-07T18:06:48.182Z] [INFO   ] [PASSO 216]   Processando Card 26/75...
[2026-02-07T18:06:48.221Z] [DEBUG  ] [PASSO 217]   ✓ Card 26: 1x1 FT (ft11) | (42.11%) | SG:0 | G1:0 | G2:0
[2026-02-07T18:06:48.222Z] [INFO   ] [PASSO 218]   ✓ Card 26: 1x1 FT (ft11) | (42.11%) | SG:0 | G1:0 | G2:0
[2026-02-07T18:06:48.222Z] [INFO   ] [PASSO 219] ═══════════════════════════════════════════════════════════
[2026-02-07T18:06:48.223Z] [INFO   ] [PASSO 220]   Processando Card 27/75...
[2026-02-07T18:06:48.259Z] [DEBUG  ] [PASSO 221]   ✓ Card 27: 0x1 HT (ht01) | (42.11%) | SG:0 | G1:0 | G2:0
[2026-02-07T18:06:48.260Z] [INFO   ] [PASSO 222]   ✓ Card 27: 0x1 HT (ht01) | (42.11%) | SG:0 | G1:0 | G2:0
[2026-02-07T18:06:48.261Z] [INFO   ] [PASSO 223] ═══════════════════════════════════════════════════════════
[2026-02-07T18:06:48.261Z] [INFO   ] [PASSO 224]   Processando Card 28/75...
[2026-02-07T18:06:48.297Z] [DEBUG  ] [PASSO 225]   ✓ Card 28: Resultado Casa / Ambas Sim (rcas) | (42.11%) | SG:0 | G1:0 | G2:0
[2026-02-07T18:06:48.298Z] [INFO   ] [PASSO 226]   ✓ Card 28: Resultado Casa / Ambas Sim (rcas) | (42.11%) | SG:0 | G1:0 | G2:0
[2026-02-07T18:06:48.298Z] [INFO   ] [PASSO 227] ═══════════════════════════════════════════════════════════
[2026-02-07T18:06:48.298Z] [INFO   ] [PASSO 228]   Processando Card 29/75...
[2026-02-07T18:06:48.334Z] [DEBUG  ] [PASSO 229]   ✓ Card 29: 4 Gols (ge4) | (36.84%) | SG:0 | G1:0 | G2:0
[2026-02-07T18:06:48.334Z] [INFO   ] [PASSO 230]   ✓ Card 29: 4 Gols (ge4) | (36.84%) | SG:0 | G1:0 | G2:0
[2026-02-07T18:06:48.335Z] [INFO   ] [PASSO 231] ═══════════════════════════════════════════════════════════
[2026-02-07T18:06:48.335Z] [INFO   ] [PASSO 232]   Processando Card 30/75...
[2026-02-07T18:06:48.375Z] [DEBUG  ] [PASSO 233]   ✓ Card 30: Resultado Visitante / Ambas Sim (rvas) | (36.84%) | SG:0 | G1:0 | G2:0
[2026-02-07T18:06:48.375Z] [INFO   ] [PASSO 234]   ✓ Card 30: Resultado Visitante / Ambas Sim (rvas) | (36.84%) | SG:0 | G1:0 | G2:0
[2026-02-07T18:06:48.376Z] [INFO   ] [PASSO 235] ═══════════════════════════════════════════════════════════
[2026-02-07T18:06:48.376Z] [INFO   ] [PASSO 236]   Processando Card 31/75...
[2026-02-07T18:06:48.416Z] [DEBUG  ] [PASSO 237]   ✓ Card 31: 0 Gols (ge0) | (31.58%) | SG:0 | G1:0 | G2:0
[2026-02-07T18:06:48.417Z] [INFO   ] [PASSO 238]   ✓ Card 31: 0 Gols (ge0) | (31.58%) | SG:0 | G1:0 | G2:0
[2026-02-07T18:06:48.417Z] [INFO   ] [PASSO 239] ═══════════════════════════════════════════════════════════
[2026-02-07T18:06:48.418Z] [INFO   ] [PASSO 240]   Processando Card 32/75...
[2026-02-07T18:06:48.453Z] [DEBUG  ] [PASSO 241]   ✓ Card 32: 2x0 FT (ft20) | (31.58%) | SG:0 | G1:0 | G2:0
[2026-02-07T18:06:48.454Z] [INFO   ] [PASSO 242]   ✓ Card 32: 2x0 FT (ft20) | (31.58%) | SG:0 | G1:0 | G2:0
[2026-02-07T18:06:48.454Z] [INFO   ] [PASSO 243] ═══════════════════════════════════════════════════════════
[2026-02-07T18:06:48.455Z] [INFO   ] [PASSO 244]   Processando Card 33/75...
[2026-02-07T18:06:48.492Z] [DEBUG  ] [PASSO 245]   ✓ Card 33: 0x0 FT (ft00) | (31.58%) | SG:0 | G1:0 | G2:0
[2026-02-07T18:06:48.493Z] [INFO   ] [PASSO 246]   ✓ Card 33: 0x0 FT (ft00) | (31.58%) | SG:0 | G1:0 | G2:0
[2026-02-07T18:06:48.493Z] [INFO   ] [PASSO 247] ═══════════════════════════════════════════════════════════
[2026-02-07T18:06:48.494Z] [INFO   ] [PASSO 248]   Processando Card 34/75...
[2026-02-07T18:06:48.531Z] [DEBUG  ] [PASSO 249]   ✓ Card 34: 2x0 HT (ht20) | (31.58%) | SG:0 | G1:0 | G2:0
[2026-02-07T18:06:48.532Z] [INFO   ] [PASSO 250]   ✓ Card 34: 2x0 HT (ht20) | (31.58%) | SG:0 | G1:0 | G2:0
[2026-02-07T18:06:48.532Z] [INFO   ] [PASSO 251] ═══════════════════════════════════════════════════════════
[2026-02-07T18:06:48.533Z] [INFO   ] [PASSO 252]   Processando Card 35/75...
[2026-02-07T18:06:48.572Z] [DEBUG  ] [PASSO 253]   ✓ Card 35: 1x1 HT (ht11) | (31.58%) | SG:0 | G1:0 | G2:0
[2026-02-07T18:06:48.573Z] [INFO   ] [PASSO 254]   ✓ Card 35: 1x1 HT (ht11) | (31.58%) | SG:0 | G1:0 | G2:0
[2026-02-07T18:06:48.573Z] [INFO   ] [PASSO 255] ═══════════════════════════════════════════════════════════
[2026-02-07T18:06:48.573Z] [INFO   ] [PASSO 256]   Processando Card 36/75...
[2026-02-07T18:06:48.613Z] [DEBUG  ] [PASSO 257]   ✓ Card 36: Resultado Visitante / Ambas Não (rvan) | (31.58%) | SG:0 | G1:0 | G2:0
[2026-02-07T18:06:48.614Z] [INFO   ] [PASSO 258]   ✓ Card 36: Resultado Visitante / Ambas Não (rvan) | (31.58%) | SG:0 | G1:0 | G2:0
[2026-02-07T18:06:48.614Z] [INFO   ] [PASSO 259] ═══════════════════════════════════════════════════════════
[2026-02-07T18:06:48.614Z] [INFO   ] [PASSO 260]   Processando Card 37/75...
[2026-02-07T18:06:48.654Z] [DEBUG  ] [PASSO 261]   ✓ Card 37: Resultado Empate / Ambas Não (rean) | (31.58%) | SG:0 | G1:0 | G2:0
[2026-02-07T18:06:48.655Z] [INFO   ] [PASSO 262]   ✓ Card 37: Resultado Empate / Ambas Não (rean) | (31.58%) | SG:0 | G1:0 | G2:0
[2026-02-07T18:06:48.655Z] [INFO   ] [PASSO 263] ═══════════════════════════════════════════════════════════
[2026-02-07T18:06:48.656Z] [INFO   ] [PASSO 264]   Processando Card 38/75...
[2026-02-07T18:06:48.695Z] [DEBUG  ] [PASSO 265]   ✓ Card 38: Over 5+ (o50) | (26.32%) | SG:0 | G1:0 | G2:0
[2026-02-07T18:06:48.696Z] [INFO   ] [PASSO 266]   ✓ Card 38: Over 5+ (o50) | (26.32%) | SG:0 | G1:0 | G2:0
[2026-02-07T18:06:48.697Z] [INFO   ] [PASSO 267] ═══════════════════════════════════════════════════════════
[2026-02-07T18:06:48.697Z] [INFO   ] [PASSO 268]   Processando Card 39/75...
[2026-02-07T18:06:48.734Z] [DEBUG  ] [PASSO 269]   ✓ Card 39: 1x0 FT (ft10) | (26.32%) | SG:0 | G1:0 | G2:0
[2026-02-07T18:06:48.735Z] [INFO   ] [PASSO 270]   ✓ Card 39: 1x0 FT (ft10) | (26.32%) | SG:0 | G1:0 | G2:0
[2026-02-07T18:06:48.735Z] [INFO   ] [PASSO 271] ═══════════════════════════════════════════════════════════
[2026-02-07T18:06:48.736Z] [INFO   ] [PASSO 272]   Processando Card 40/75...
[2026-02-07T18:06:48.772Z] [DEBUG  ] [PASSO 273]   ✓ Card 40: Outros HT (out) | (26.32%) | SG:0 | G1:0 | G2:0
[2026-02-07T18:06:48.773Z] [INFO   ] [PASSO 274]   ✓ Card 40: Outros HT (out) | (26.32%) | SG:0 | G1:0 | G2:0
[2026-02-07T18:06:48.773Z] [INFO   ] [PASSO 275] ═══════════════════════════════════════════════════════════
[2026-02-07T18:06:48.774Z] [INFO   ] [PASSO 276]   Processando Card 41/75...
[2026-02-07T18:06:48.812Z] [DEBUG  ] [PASSO 277]   ✓ Card 41: 5+ Gols (ge5) | (21.05%) | SG:0 | G1:0 | G2:0
[2026-02-07T18:06:48.812Z] [INFO   ] [PASSO 278]   ✓ Card 41: 5+ Gols (ge5) | (21.05%) | SG:0 | G1:0 | G2:0
[2026-02-07T18:06:48.813Z] [INFO   ] [PASSO 279] ═══════════════════════════════════════════════════════════
[2026-02-07T18:06:48.813Z] [INFO   ] [PASSO 280]   Processando Card 42/75...
[2026-02-07T18:06:48.851Z] [DEBUG  ] [PASSO 281]   ✓ Card 42: 2x1 FT (ft21) | (21.05%) | SG:0 | G1:0 | G2:0
[2026-02-07T18:06:48.852Z] [INFO   ] [PASSO 282]   ✓ Card 42: 2x1 FT (ft21) | (21.05%) | SG:0 | G1:0 | G2:0
[2026-02-07T18:06:48.853Z] [INFO   ] [PASSO 283] ═══════════════════════════════════════════════════════════
[2026-02-07T18:06:48.853Z] [INFO   ] [PASSO 284]   Processando Card 43/75...
[2026-02-07T18:06:48.891Z] [DEBUG  ] [PASSO 285]   ✓ Card 43: 3x1 FT (ft31) | (21.05%) | SG:0 | G1:0 | G2:0
[2026-02-07T18:06:48.892Z] [INFO   ] [PASSO 286]   ✓ Card 43: 3x1 FT (ft31) | (21.05%) | SG:0 | G1:0 | G2:0
[2026-02-07T18:06:48.892Z] [INFO   ] [PASSO 287] ═══════════════════════════════════════════════════════════
[2026-02-07T18:06:48.892Z] [INFO   ] [PASSO 288]   Processando Card 44/75...
[2026-02-07T18:06:48.932Z] [DEBUG  ] [PASSO 289]   ✓ Card 44: 0x1 FT (ft01) | (15.79%) | SG:0 | G1:0 | G2:0
[2026-02-07T18:06:48.932Z] [INFO   ] [PASSO 290]   ✓ Card 44: 0x1 FT (ft01) | (15.79%) | SG:0 | G1:0 | G2:0
[2026-02-07T18:06:48.933Z] [INFO   ] [PASSO 291] ═══════════════════════════════════════════════════════════
[2026-02-07T18:06:48.933Z] [INFO   ] [PASSO 292]   Processando Card 45/75...
[2026-02-07T18:06:48.967Z] [DEBUG  ] [PASSO 293]   ✓ Card 45: 1x2 FT (ft12) | (15.79%) | SG:0 | G1:0 | G2:0
[2026-02-07T18:06:48.968Z] [INFO   ] [PASSO 294]   ✓ Card 45: 1x2 FT (ft12) | (15.79%) | SG:0 | G1:0 | G2:0
[2026-02-07T18:06:48.968Z] [INFO   ] [PASSO 295] ═══════════════════════════════════════════════════════════
[2026-02-07T18:06:48.968Z] [INFO   ] [PASSO 296]   Processando Card 46/75...
[2026-02-07T18:06:49.000Z] [DEBUG  ] [PASSO 297]   ✓ Card 46: 2x3 FT (ft23) | (15.79%) | SG:0 | G1:0 | G2:0
[2026-02-07T18:06:49.001Z] [INFO   ] [PASSO 298]   ✓ Card 46: 2x3 FT (ft23) | (15.79%) | SG:0 | G1:0 | G2:0
[2026-02-07T18:06:49.001Z] [INFO   ] [PASSO 299] ═══════════════════════════════════════════════════════════
[2026-02-07T18:06:49.002Z] [INFO   ] [PASSO 300]   Processando Card 47/75...
[2026-02-07T18:06:49.035Z] [DEBUG  ] [PASSO 301]   ✓ Card 47: 2x2 FT (ft22) | (10.53%) | SG:0 | G1:0 | G2:0
[2026-02-07T18:06:49.036Z] [INFO   ] [PASSO 302]   ✓ Card 47: 2x2 FT (ft22) | (10.53%) | SG:0 | G1:0 | G2:0
[2026-02-07T18:06:49.036Z] [INFO   ] [PASSO 303] ═══════════════════════════════════════════════════════════
[2026-02-07T18:06:49.037Z] [INFO   ] [PASSO 304]   Processando Card 48/75...
[2026-02-07T18:06:49.071Z] [DEBUG  ] [PASSO 305]   ✓ Card 48: 0x3 FT (ft03) | (10.53%) | SG:0 | G1:0 | G2:0
[2026-02-07T18:06:49.072Z] [INFO   ] [PASSO 306]   ✓ Card 48: 0x3 FT (ft03) | (10.53%) | SG:0 | G1:0 | G2:0
[2026-02-07T18:06:49.072Z] [INFO   ] [PASSO 307] ═══════════════════════════════════════════════════════════
[2026-02-07T18:06:49.073Z] [INFO   ] [PASSO 308]   Processando Card 49/75...
[2026-02-07T18:06:49.109Z] [DEBUG  ] [PASSO 309]   ✓ Card 49: 1x3 FT (ft13) | (10.53%) | SG:0 | G1:0 | G2:0
[2026-02-07T18:06:49.110Z] [INFO   ] [PASSO 310]   ✓ Card 49: 1x3 FT (ft13) | (10.53%) | SG:0 | G1:0 | G2:0
[2026-02-07T18:06:49.110Z] [INFO   ] [PASSO 311] ═══════════════════════════════════════════════════════════
[2026-02-07T18:06:49.111Z] [INFO   ] [PASSO 312]   Processando Card 50/75...
[2026-02-07T18:06:49.147Z] [DEBUG  ] [PASSO 313]   ✓ Card 50: 0x2 HT (ht02) | (10.53%) | SG:0 | G1:0 | G2:0
[2026-02-07T18:06:49.147Z] [INFO   ] [PASSO 314]   ✓ Card 50: 0x2 HT (ht02) | (10.53%) | SG:0 | G1:0 | G2:0
[2026-02-07T18:06:49.148Z] [INFO   ] [PASSO 315] ═══════════════════════════════════════════════════════════
[2026-02-07T18:06:49.148Z] [INFO   ] [PASSO 316]   Processando Card 51/75...
[2026-02-07T18:06:49.186Z] [DEBUG  ] [PASSO 317]   ✓ Card 51: Viradinha (vira) | (10.53%) | SG:0 | G1:0 | G2:0
[2026-02-07T18:06:49.187Z] [INFO   ] [PASSO 318]   ✓ Card 51: Viradinha (vira) | (10.53%) | SG:0 | G1:0 | G2:0
[2026-02-07T18:06:49.187Z] [INFO   ] [PASSO 319] ═══════════════════════════════════════════════════════════
[2026-02-07T18:06:49.188Z] [INFO   ] [PASSO 320]   Processando Card 52/75...
[2026-02-07T18:06:49.226Z] [DEBUG  ] [PASSO 321]   ✓ Card 52: 4x0 FT (ft40) | (5.26%) | SG:0 | G1:0 | G2:0
[2026-02-07T18:06:49.227Z] [INFO   ] [PASSO 322]   ✓ Card 52: 4x0 FT (ft40) | (5.26%) | SG:0 | G1:0 | G2:0
[2026-02-07T18:06:49.227Z] [INFO   ] [PASSO 323] ═══════════════════════════════════════════════════════════
[2026-02-07T18:06:49.228Z] [INFO   ] [PASSO 324]   Processando Card 53/75...
[2026-02-07T18:06:49.270Z] [DEBUG  ] [PASSO 325]   ✓ Card 53: 5+ Casa (ft50_c) | (5.26%) | SG:0 | G1:0 | G2:0
[2026-02-07T18:06:49.271Z] [INFO   ] [PASSO 326]   ✓ Card 53: 5+ Casa (ft50_c) | (5.26%) | SG:0 | G1:0 | G2:0
[2026-02-07T18:06:49.271Z] [INFO   ] [PASSO 327] ═══════════════════════════════════════════════════════════
[2026-02-07T18:06:49.271Z] [INFO   ] [PASSO 328]   Processando Card 54/75...
[2026-02-07T18:06:49.304Z] [DEBUG  ] [PASSO 329]   ✓ Card 54: 3x3 FT (ft33) | (5.26%) | SG:0 | G1:0 | G2:0
[2026-02-07T18:06:49.305Z] [INFO   ] [PASSO 330]   ✓ Card 54: 3x3 FT (ft33) | (5.26%) | SG:0 | G1:0 | G2:0
[2026-02-07T18:06:49.305Z] [INFO   ] [PASSO 331] ═══════════════════════════════════════════════════════════
[2026-02-07T18:06:49.305Z] [INFO   ] [PASSO 332]   Processando Card 55/75...
[2026-02-07T18:06:49.338Z] [DEBUG  ] [PASSO 333]   ✓ Card 55: 5+ Empate (ft50_e) | (5.26%) | SG:0 | G1:0 | G2:0
[2026-02-07T18:06:49.339Z] [INFO   ] [PASSO 334]   ✓ Card 55: 5+ Empate (ft50_e) | (5.26%) | SG:0 | G1:0 | G2:0
[2026-02-07T18:06:49.339Z] [INFO   ] [PASSO 335] ═══════════════════════════════════════════════════════════
[2026-02-07T18:06:49.339Z] [INFO   ] [PASSO 336]   Processando Card 56/75...
[2026-02-07T18:06:49.371Z] [DEBUG  ] [PASSO 337]   ✓ Card 56: 0x2 FT (ft02) | (5.26%) | SG:0 | G1:0 | G2:0
[2026-02-07T18:06:49.372Z] [INFO   ] [PASSO 338]   ✓ Card 56: 0x2 FT (ft02) | (5.26%) | SG:0 | G1:0 | G2:0
[2026-02-07T18:06:49.373Z] [INFO   ] [PASSO 339] ═══════════════════════════════════════════════════════════
[2026-02-07T18:06:49.373Z] [INFO   ] [PASSO 340]   Processando Card 57/75...
[2026-02-07T18:06:49.404Z] [DEBUG  ] [PASSO 341]   ✓ Card 57: 3x0 FT (ft30) | (0.00%) | SG:0 | G1:0 | G2:0
[2026-02-07T18:06:49.405Z] [INFO   ] [PASSO 342]   ✓ Card 57: 3x0 FT (ft30) | (0.00%) | SG:0 | G1:0 | G2:0
[2026-02-07T18:06:49.405Z] [INFO   ] [PASSO 343] ═══════════════════════════════════════════════════════════
[2026-02-07T18:06:49.406Z] [INFO   ] [PASSO 344]   Processando Card 58/75...
[2026-02-07T18:06:49.443Z] [DEBUG  ] [PASSO 345]   ✓ Card 58: 3x2 FT (ft32) | (0.00%) | SG:0 | G1:0 | G2:0
[2026-02-07T18:06:49.443Z] [INFO   ] [PASSO 346]   ✓ Card 58: 3x2 FT (ft32) | (0.00%) | SG:0 | G1:0 | G2:0
[2026-02-07T18:06:49.444Z] [INFO   ] [PASSO 347] ═══════════════════════════════════════════════════════════
[2026-02-07T18:06:49.444Z] [INFO   ] [PASSO 348]   Processando Card 59/75...
[2026-02-07T18:06:49.476Z] [DEBUG  ] [PASSO 349]   ✓ Card 59: 4x1 FT (ft41) | (0.00%) | SG:0 | G1:0 | G2:0
[2026-02-07T18:06:49.477Z] [INFO   ] [PASSO 350]   ✓ Card 59: 4x1 FT (ft41) | (0.00%) | SG:0 | G1:0 | G2:0
[2026-02-07T18:06:49.477Z] [INFO   ] [PASSO 351] ═══════════════════════════════════════════════════════════
[2026-02-07T18:06:49.477Z] [INFO   ] [PASSO 352]   Processando Card 60/75...
[2026-02-07T18:06:49.508Z] [DEBUG  ] [PASSO 353]   ✓ Card 60: 4x2 FT (ft42) | (0.00%) | SG:0 | G1:0 | G2:0
[2026-02-07T18:06:49.509Z] [INFO   ] [PASSO 354]   ✓ Card 60: 4x2 FT (ft42) | (0.00%) | SG:0 | G1:0 | G2:0
[2026-02-07T18:06:49.509Z] [INFO   ] [PASSO 355] ═══════════════════════════════════════════════════════════
[2026-02-07T18:06:49.510Z] [INFO   ] [PASSO 356]   Processando Card 61/75...
[2026-02-07T18:06:49.540Z] [DEBUG  ] [PASSO 357]   ✓ Card 61: 4x3 FT (ft43) | (0.00%) | SG:0 | G1:0 | G2:0
[2026-02-07T18:06:49.540Z] [INFO   ] [PASSO 358]   ✓ Card 61: 4x3 FT (ft43) | (0.00%) | SG:0 | G1:0 | G2:0
[2026-02-07T18:06:49.541Z] [INFO   ] [PASSO 359] ═══════════════════════════════════════════════════════════
[2026-02-07T18:06:49.541Z] [INFO   ] [PASSO 360]   Processando Card 62/75...
[2026-02-07T18:06:49.572Z] [DEBUG  ] [PASSO 361]   ✓ Card 62: 4x4 FT (ft44) | (0.00%) | SG:0 | G1:0 | G2:0
[2026-02-07T18:06:49.572Z] [INFO   ] [PASSO 362]   ✓ Card 62: 4x4 FT (ft44) | (0.00%) | SG:0 | G1:0 | G2:0
[2026-02-07T18:06:49.573Z] [INFO   ] [PASSO 363] ═══════════════════════════════════════════════════════════
[2026-02-07T18:06:49.573Z] [INFO   ] [PASSO 364]   Processando Card 63/75...
[2026-02-07T18:06:49.605Z] [DEBUG  ] [PASSO 365]   ✓ Card 63: 0x4 FT (ft04) | (0.00%) | SG:0 | G1:0 | G2:0
[2026-02-07T18:06:49.605Z] [INFO   ] [PASSO 366]   ✓ Card 63: 0x4 FT (ft04) | (0.00%) | SG:0 | G1:0 | G2:0
[2026-02-07T18:06:49.606Z] [INFO   ] [PASSO 367] ═══════════════════════════════════════════════════════════
[2026-02-07T18:06:49.606Z] [INFO   ] [PASSO 368]   Processando Card 64/75...
[2026-02-07T18:06:49.639Z] [DEBUG  ] [PASSO 369]   ✓ Card 64: 1x4 FT (ft14) | (0.00%) | SG:0 | G1:0 | G2:0
[2026-02-07T18:06:49.639Z] [INFO   ] [PASSO 370]   ✓ Card 64: 1x4 FT (ft14) | (0.00%) | SG:0 | G1:0 | G2:0
[2026-02-07T18:06:49.640Z] [INFO   ] [PASSO 371] ═══════════════════════════════════════════════════════════
[2026-02-07T18:06:49.640Z] [INFO   ] [PASSO 372]   Processando Card 65/75...
[2026-02-07T18:06:49.673Z] [DEBUG  ] [PASSO 373]   ✓ Card 65: 2x4 FT (ft24) | (0.00%) | SG:0 | G1:0 | G2:0
[2026-02-07T18:06:49.674Z] [INFO   ] [PASSO 374]   ✓ Card 65: 2x4 FT (ft24) | (0.00%) | SG:0 | G1:0 | G2:0
[2026-02-07T18:06:49.674Z] [INFO   ] [PASSO 375] ═══════════════════════════════════════════════════════════
[2026-02-07T18:06:49.675Z] [INFO   ] [PASSO 376]   Processando Card 66/75...
[2026-02-07T18:06:49.708Z] [DEBUG  ] [PASSO 377]   ✓ Card 66: 3x4 FT (ft34) | (0.00%) | SG:0 | G1:0 | G2:0
[2026-02-07T18:06:49.709Z] [INFO   ] [PASSO 378]   ✓ Card 66: 3x4 FT (ft34) | (0.00%) | SG:0 | G1:0 | G2:0
[2026-02-07T18:06:49.709Z] [INFO   ] [PASSO 379] ═══════════════════════════════════════════════════════════
[2026-02-07T18:06:49.709Z] [INFO   ] [PASSO 380]   Processando Card 67/75...
[2026-02-07T18:06:49.744Z] [DEBUG  ] [PASSO 381]   ✓ Card 67: 5+ Visitante (ft50_f) | (0.00%) | SG:0 | G1:0 | G2:0
[2026-02-07T18:06:49.744Z] [INFO   ] [PASSO 382]   ✓ Card 67: 5+ Visitante (ft50_f) | (0.00%) | SG:0 | G1:0 | G2:0
[2026-02-07T18:06:49.745Z] [INFO   ] [PASSO 383] ═══════════════════════════════════════════════════════════
[2026-02-07T18:06:49.745Z] [INFO   ] [PASSO 384]   Processando Card 68/75...
[2026-02-07T18:06:49.778Z] [DEBUG  ] [PASSO 385]   ✓ Card 68: Handicap Casa (hac) | (0.00%) | SG:0 | G1:0 | G2:0
[2026-02-07T18:06:49.778Z] [INFO   ] [PASSO 386]   ✓ Card 68: Handicap Casa (hac) | (0.00%) | SG:0 | G1:0 | G2:0
[2026-02-07T18:06:49.779Z] [INFO   ] [PASSO 387] ═══════════════════════════════════════════════════════════
[2026-02-07T18:06:49.779Z] [INFO   ] [PASSO 388]   Processando Card 69/75...
[2026-02-07T18:06:49.812Z] [DEBUG  ] [PASSO 389]   ✓ Card 69: Handicap Visitante (hav) | (0.00%) | SG:0 | G1:0 | G2:0
[2026-02-07T18:06:49.812Z] [INFO   ] [PASSO 390]   ✓ Card 69: Handicap Visitante (hav) | (0.00%) | SG:0 | G1:0 | G2:0
[2026-02-07T18:06:49.813Z] [INFO   ] [PASSO 391] ═══════════════════════════════════════════════════════════
[2026-02-07T18:06:49.813Z] [INFO   ] [PASSO 392]   Processando Card 70/75...
[2026-02-07T18:06:49.843Z] [DEBUG  ] [PASSO 393]   ✓ Card 70: Over 0.5 (o05) | (100.00%) | SG:0 | G1:0 | G2:0
[2026-02-07T18:06:49.844Z] [INFO   ] [PASSO 394]   ✓ Card 70: Over 0.5 (o05) | (100.00%) | SG:0 | G1:0 | G2:0
[2026-02-07T18:06:49.844Z] [INFO   ] [PASSO 395] ═══════════════════════════════════════════════════════════
[2026-02-07T18:06:49.845Z] [INFO   ] [PASSO 396]   Processando Card 71/75...
[2026-02-07T18:06:49.876Z] [DEBUG  ] [PASSO 397]   ✓ Card 71: Over 1.5 (o15) | (100.00%) | SG:0 | G1:0 | G2:0
[2026-02-07T18:06:49.876Z] [INFO   ] [PASSO 398]   ✓ Card 71: Over 1.5 (o15) | (100.00%) | SG:0 | G1:0 | G2:0
[2026-02-07T18:06:49.877Z] [INFO   ] [PASSO 399] ═══════════════════════════════════════════════════════════
[2026-02-07T18:06:49.877Z] [INFO   ] [PASSO 400]   Processando Card 72/75...
[2026-02-07T18:06:49.916Z] [DEBUG  ] [PASSO 401]   ✓ Card 72: Under 3.5 (u35) | (94.74%) | SG:0 | G1:0 | G2:0
[2026-02-07T18:06:49.916Z] [INFO   ] [PASSO 402]   ✓ Card 72: Under 3.5 (u35) | (94.74%) | SG:0 | G1:0 | G2:0
[2026-02-07T18:06:49.917Z] [INFO   ] [PASSO 403] ═══════════════════════════════════════════════════════════
[2026-02-07T18:06:49.917Z] [INFO   ] [PASSO 404]   Processando Card 73/75...
[2026-02-07T18:06:49.952Z] [DEBUG  ] [PASSO 405]   ✓ Card 73: Under 2.5 (u25) | (89.47%) | SG:0 | G1:0 | G2:0
[2026-02-07T18:06:49.952Z] [INFO   ] [PASSO 406]   ✓ Card 73: Under 2.5 (u25) | (89.47%) | SG:0 | G1:0 | G2:0
[2026-02-07T18:06:49.953Z] [INFO   ] [PASSO 407] ═══════════════════════════════════════════════════════════
[2026-02-07T18:06:49.953Z] [INFO   ] [PASSO 408]   Processando Card 74/75...
[2026-02-07T18:06:49.986Z] [DEBUG  ] [PASSO 409]   ✓ Card 74: Under 1.5 (u15) | (68.42%) | SG:0 | G1:0 | G2:0
[2026-02-07T18:06:49.986Z] [INFO   ] [PASSO 410]   ✓ Card 74: Under 1.5 (u15) | (68.42%) | SG:0 | G1:0 | G2:0
[2026-02-07T18:06:49.987Z] [INFO   ] [PASSO 411] ═══════════════════════════════════════════════════════════
[2026-02-07T18:06:49.987Z] [INFO   ] [PASSO 412]   Processando Card 75/75...
[2026-02-07T18:06:50.020Z] [DEBUG  ] [PASSO 413]   ✓ Card 75: Under 0.5 (u05) | (31.58%) | SG:0 | G1:0 | G2:0
[2026-02-07T18:06:50.020Z] [INFO   ] [PASSO 414]   ✓ Card 75: Under 0.5 (u05) | (31.58%) | SG:0 | G1:0 | G2:0
[2026-02-07T18:06:50.021Z] [INFO   ] [PASSO 415] ═══════════════════════════════════════════════════════════
[2026-02-07T18:06:50.021Z] [INFO   ] [PASSO 416]   RESUMO DA EXTRAÇÃO:
[2026-02-07T18:06:50.021Z] [INFO   ] [PASSO 417]   Total de cards extraídos: 75
[2026-02-07T18:06:50.022Z] [INFO   ] [PASSO 418]   Timestamp: 2026-02-07T18:06:47.297Z
[2026-02-07T18:06:50.022Z] [INFO   ] [PASSO 419] ═══════════════════════════════════════════════════════════
[2026-02-07T18:06:50.023Z] [INFO   ] [PASSO 420] ═══════════════════════════════════════════════════════════
[2026-02-07T18:06:50.023Z] [INFO   ] [PASSO 421] SALVANDO CARDS NO BANCO DE DADOS...
[2026-02-07T18:06:50.023Z] [INFO   ] [PASSO 422]   Total de cards para inserir: 75
[2026-02-07T18:06:50.024Z] [INFO   ] [PASSO 423]   ═══════════════════════════════════════════════════════════════════
[2026-02-07T18:06:50.024Z] [INFO   ] [PASSO 424]   SALVANDO CARDS - NETWORK DO BROWSER
[2026-02-07T18:06:50.025Z] [INFO   ] [PASSO 425]   ═══════════════════════════════════════════════════════════════════
[2026-02-07T18:06:50.025Z] [INFO   ] [PASSO 426]   API URL: http://localhost:5000/api/inserir-cards
[2026-02-07T18:06:50.026Z] [INFO   ] [PASSO 427]   Total cards: 75
[2026-02-07T18:06:50.026Z] [DEBUG  ] [PASSO 428]   Body Size: 13952 bytes
[2026-02-07T18:06:50.026Z] [DEBUG  ] [PASSO 429]   Body: [
  {
    "titulo": "Ambas Marcam Sim (ambs)",
    "padroes": "19/19",
    "percentual": "(100.00%)",
    "sg": 0,
    "g1": 0,
    "g2": 0,
    "data_hora_busca": "2026-02-07T18:06:47.297Z"
  },
  {
    "titulo": "Casa Marca Sim (cms)",
    "padroes": "19/19",
    "percentual": "(100.00%)",
    "sg": 0,
    "g1": 0,
    "g2": 0,
    "data_hora_busca": "2026-02-07T18:06:47.297Z"
  },
  {
    "titulo": "Visitante Marca Sim (vms)",
    "padroes": "19/19",
    "percentual": "(100.00%)",
    "sg": 0...
[2026-02-07T18:06:50.027Z] [INFO   ] [PASSO 430]   [NETWORK] Listeners registrados
[2026-02-07T18:06:50.027Z] [INFO   ] [PASSO 431]   ═══════════════════════════════════════════════════════════════════
[2026-02-07T18:06:50.027Z] [INFO   ] [PASSO 432]   ENVIANDO POST VIA BROWSER FETCH...
[2026-02-07T18:06:50.028Z] [INFO   ] [PASSO 433]   ═══════════════════════════════════════════════════════════════════
[2026-02-07T18:06:50.943Z] [INFO   ] [PASSO 434]   ═══════════════════════════════════════════════════════════════════
[2026-02-07T18:06:50.944Z] [INFO   ] [PASSO 435]   RESULTADO DA REQUISIÇÃO
[2026-02-07T18:06:50.945Z] [INFO   ] [PASSO 436]   ═══════════════════════════════════════════════════════════════════
[2026-02-07T18:06:50.945Z] [INFO   ] [PASSO 437]   Status: 200 OK
[2026-02-07T18:06:50.945Z] [INFO   ] [PASSO 438]   Success: true
[2026-02-07T18:06:50.946Z] [INFO   ] [PASSO 439]   Duration: 911ms
[2026-02-07T18:06:50.946Z] [DEBUG  ] [PASSO 440]   Response Body: {"success":true,"message":"Cards recebidos e salvos!","received":75,"saved":0}
[2026-02-07T18:06:50.947Z] [DEBUG  ] [PASSO 441]   Network Logs: []
[2026-02-07T18:06:50.947Z] [DEBUG  ] [PASSO 442]   Parsed JSON: {
  "success": true,
  "message": "Cards recebidos e salvos!",
  "received": 75,
  "saved": 0
}
[2026-02-07T18:06:50.947Z] [SUCCESS] [PASSO 443]   ✓ Sucesso! Registros: N/A
[2026-02-07T18:06:50.948Z] [SUCCESS] [PASSO 444] ✓ undefined cards inseridos com sucesso!
[2026-02-07T18:06:50.948Z] [INFO   ] [PASSO 445] ═══════════════════════════════════════════════════════════
[2026-02-07T18:06:50.949Z] [INFO   ] [PASSO 446] RESUMO DA EXTRAÇÃO:
[2026-02-07T18:06:50.949Z] [INFO   ] [PASSO 447]   Total de cards processados: 75
[2026-02-07T18:06:50.949Z] [INFO   ] [PASSO 448]   Cards inseridos no banco: 0
[2026-02-07T18:06:50.950Z] [INFO   ] [PASSO 449]   Timestamp: 2026-02-07T18:06:47.297Z
[2026-02-07T18:06:50.950Z] [SUCCESS] [PASSO 450] Extraídos 75 cards com sucesso
[2026-02-07T18:06:50.951Z] [INFO   ] [PASSO 451] Card 1: Ambas Marcam Sim (ambs) | Percentual: (100.00%) | SG: 0 | G1: 0 | G2: 0
[2026-02-07T18:06:50.951Z] [INFO   ] [PASSO 452] Card 2: Casa Marca Sim (cms) | Percentual: (100.00%) | SG: 0 | G1: 0 | G2: 0
[2026-02-07T18:06:50.951Z] [INFO   ] [PASSO 453] Card 3: Visitante Marca Sim (vms) | Percentual: (100.00%) | SG: 0 | G1: 0 | G2: 0
[2026-02-07T18:06:50.952Z] [INFO   ] [PASSO 454] Card 4: Ambas Não Marcam (ambn) | Percentual: (89.47%) | SG: 0 | G1: 0 | G2: 0
[2026-02-07T18:06:50.952Z] [INFO   ] [PASSO 455] Card 5: Over 2.5 (o25) | Percentual: (84.21%) | SG: 0 | G1: 0 | G2: 0
[2026-02-07T18:06:50.952Z] [INFO   ] [PASSO 456] Card 6: Visitante Não Marca (vmn) | Percentual: (84.21%) | SG: 0 | G1: 0 | G2: 0
[2026-02-07T18:06:50.953Z] [INFO   ] [PASSO 457] Card 7: [HT] Empate (hte) | Percentual: (84.21%) | SG: 0 | G1: 0 | G2: 0
[2026-02-07T18:06:50.953Z] [INFO   ] [PASSO 458] Card 8: Casa (pmc) | Percentual: (84.21%) | SG: 0 | G1: 0 | G2: 0
[2026-02-07T18:06:50.954Z] [INFO   ] [PASSO 459] Card 9: Casa (umc) | Percentual: (78.95%) | SG: 0 | G1: 0 | G2: 0
[2026-02-07T18:06:50.954Z] [INFO   ] [PASSO 460] Card 10: Vencedor Casa (ftc) | Percentual: (73.68%) | SG: 0 | G1: 0 | G2: 0
[2026-02-07T18:06:50.955Z] [INFO   ] [PASSO 461] Card 11: Empate (fte) | Percentual: (73.68%) | SG: 0 | G1: 0 | G2: 0
[2026-02-07T18:06:50.955Z] [INFO   ] [PASSO 462] Card 12: 2 Gols (ge2) | Percentual: (68.42%) | SG: 0 | G1: 0 | G2: 0
[2026-02-07T18:06:50.956Z] [INFO   ] [PASSO 463] Card 13: 0x0 HT (ht00) | Percentual: (68.42%) | SG: 0 | G1: 0 | G2: 0
[2026-02-07T18:06:50.956Z] [INFO   ] [PASSO 464] Card 14: Visitante (pmv) | Percentual: (68.42%) | SG: 0 | G1: 0 | G2: 0
[2026-02-07T18:06:50.956Z] [INFO   ] [PASSO 465] Card 15: Visitante (umv) | Percentual: (68.42%) | SG: 0 | G1: 0 | G2: 0
[2026-02-07T18:06:50.956Z] [INFO   ] [PASSO 466] Card 16: [HT] Vencedor Casa (htc) | Percentual: (63.16%) | SG: 0 | G1: 0 | G2: 0
[2026-02-07T18:06:50.957Z] [INFO   ] [PASSO 467] Card 17: [HT] Vencedor Visitante (htv) | Percentual: (57.89%) | SG: 0 | G1: 0 | G2: 0
[2026-02-07T18:06:50.957Z] [INFO   ] [PASSO 468] Card 18: Resultado Casa / Ambas Não (rcan) | Percentual: (57.89%) | SG: 0 | G1: 0 | G2: 0
[2026-02-07T18:06:50.957Z] [INFO   ] [PASSO 469] Card 19: Resultado Empate / Ambas Sim (reas) | Percentual: (57.89%) | SG: 0 | G1: 0 | G2: 0
[2026-02-07T18:06:50.958Z] [INFO   ] [PASSO 470] Card 20: Over 3.5 (o35) | Percentual: (52.63%) | SG: 0 | G1: 0 | G2: 0
[2026-02-07T18:06:50.958Z] [INFO   ] [PASSO 471] Card 21: Casa Não Marca (cmn) | Percentual: (47.37%) | SG: 0 | G1: 0 | G2: 0
[2026-02-07T18:06:50.958Z] [INFO   ] [PASSO 472] Card 22: Vencedor Visitante (ftv) | Percentual: (47.37%) | SG: 0 | G1: 0 | G2: 0
[2026-02-07T18:06:50.959Z] [INFO   ] [PASSO 473] Card 23: 3 Gols (ge3) | Percentual: (47.37%) | SG: 0 | G1: 0 | G2: 0
[2026-02-07T18:06:50.959Z] [INFO   ] [PASSO 474] Card 24: 1x0 HT (ht10) | Percentual: (47.37%) | SG: 0 | G1: 0 | G2: 0
[2026-02-07T18:06:50.959Z] [INFO   ] [PASSO 475] Card 25: 1 Gols (ge1) | Percentual: (42.11%) | SG: 0 | G1: 0 | G2: 0
[2026-02-07T18:06:50.960Z] [INFO   ] [PASSO 476] Card 26: 1x1 FT (ft11) | Percentual: (42.11%) | SG: 0 | G1: 0 | G2: 0
[2026-02-07T18:06:50.960Z] [INFO   ] [PASSO 477] Card 27: 0x1 HT (ht01) | Percentual: (42.11%) | SG: 0 | G1: 0 | G2: 0
[2026-02-07T18:06:50.960Z] [INFO   ] [PASSO 478] Card 28: Resultado Casa / Ambas Sim (rcas) | Percentual: (42.11%) | SG: 0 | G1: 0 | G2: 0
[2026-02-07T18:06:50.960Z] [INFO   ] [PASSO 479] Card 29: 4 Gols (ge4) | Percentual: (36.84%) | SG: 0 | G1: 0 | G2: 0
[2026-02-07T18:06:50.961Z] [INFO   ] [PASSO 480] Card 30: Resultado Visitante / Ambas Sim (rvas) | Percentual: (36.84%) | SG: 0 | G1: 0 | G2: 0
[2026-02-07T18:06:50.961Z] [INFO   ] [PASSO 481] Card 31: 0 Gols (ge0) | Percentual: (31.58%) | SG: 0 | G1: 0 | G2: 0
[2026-02-07T18:06:50.961Z] [INFO   ] [PASSO 482] Card 32: 2x0 FT (ft20) | Percentual: (31.58%) | SG: 0 | G1: 0 | G2: 0
[2026-02-07T18:06:50.962Z] [INFO   ] [PASSO 483] Card 33: 0x0 FT (ft00) | Percentual: (31.58%) | SG: 0 | G1: 0 | G2: 0
[2026-02-07T18:06:50.962Z] [INFO   ] [PASSO 484] Card 34: 2x0 HT (ht20) | Percentual: (31.58%) | SG: 0 | G1: 0 | G2: 0
[2026-02-07T18:06:50.962Z] [INFO   ] [PASSO 485] Card 35: 1x1 HT (ht11) | Percentual: (31.58%) | SG: 0 | G1: 0 | G2: 0
[2026-02-07T18:06:50.963Z] [INFO   ] [PASSO 486] Card 36: Resultado Visitante / Ambas Não (rvan) | Percentual: (31.58%) | SG: 0 | G1: 0 | G2: 0
[2026-02-07T18:06:50.963Z] [INFO   ] [PASSO 487] Card 37: Resultado Empate / Ambas Não (rean) | Percentual: (31.58%) | SG: 0 | G1: 0 | G2: 0
[2026-02-07T18:06:50.963Z] [INFO   ] [PASSO 488] Card 38: Over 5+ (o50) | Percentual: (26.32%) | SG: 0 | G1: 0 | G2: 0
[2026-02-07T18:06:50.963Z] [INFO   ] [PASSO 489] Card 39: 1x0 FT (ft10) | Percentual: (26.32%) | SG: 0 | G1: 0 | G2: 0
[2026-02-07T18:06:50.964Z] [INFO   ] [PASSO 490] Card 40: Outros HT (out) | Percentual: (26.32%) | SG: 0 | G1: 0 | G2: 0
[2026-02-07T18:06:50.964Z] [INFO   ] [PASSO 491] Card 41: 5+ Gols (ge5) | Percentual: (21.05%) | SG: 0 | G1: 0 | G2: 0
[2026-02-07T18:06:50.964Z] [INFO   ] [PASSO 492] Card 42: 2x1 FT (ft21) | Percentual: (21.05%) | SG: 0 | G1: 0 | G2: 0
[2026-02-07T18:06:50.965Z] [INFO   ] [PASSO 493] Card 43: 3x1 FT (ft31) | Percentual: (21.05%) | SG: 0 | G1: 0 | G2: 0
[2026-02-07T18:06:50.965Z] [INFO   ] [PASSO 494] Card 44: 0x1 FT (ft01) | Percentual: (15.79%) | SG: 0 | G1: 0 | G2: 0
[2026-02-07T18:06:50.965Z] [INFO   ] [PASSO 495] Card 45: 1x2 FT (ft12) | Percentual: (15.79%) | SG: 0 | G1: 0 | G2: 0
[2026-02-07T18:06:50.966Z] [INFO   ] [PASSO 496] Card 46: 2x3 FT (ft23) | Percentual: (15.79%) | SG: 0 | G1: 0 | G2: 0
[2026-02-07T18:06:50.966Z] [INFO   ] [PASSO 497] Card 47: 2x2 FT (ft22) | Percentual: (10.53%) | SG: 0 | G1: 0 | G2: 0
[2026-02-07T18:06:50.966Z] [INFO   ] [PASSO 498] Card 48: 0x3 FT (ft03) | Percentual: (10.53%) | SG: 0 | G1: 0 | G2: 0
[2026-02-07T18:06:50.967Z] [INFO   ] [PASSO 499] Card 49: 1x3 FT (ft13) | Percentual: (10.53%) | SG: 0 | G1: 0 | G2: 0
[2026-02-07T18:06:50.967Z] [INFO   ] [PASSO 500] Card 50: 0x2 HT (ht02) | Percentual: (10.53%) | SG: 0 | G1: 0 | G2: 0
[2026-02-07T18:06:50.967Z] [INFO   ] [PASSO 501] Card 51: Viradinha (vira) | Percentual: (10.53%) | SG: 0 | G1: 0 | G2: 0
[2026-02-07T18:06:50.968Z] [INFO   ] [PASSO 502] Card 52: 4x0 FT (ft40) | Percentual: (5.26%) | SG: 0 | G1: 0 | G2: 0
[2026-02-07T18:06:50.968Z] [INFO   ] [PASSO 503] Card 53: 5+ Casa (ft50_c) | Percentual: (5.26%) | SG: 0 | G1: 0 | G2: 0
[2026-02-07T18:06:50.969Z] [INFO   ] [PASSO 504] Card 54: 3x3 FT (ft33) | Percentual: (5.26%) | SG: 0 | G1: 0 | G2: 0
[2026-02-07T18:06:50.969Z] [INFO   ] [PASSO 505] Card 55: 5+ Empate (ft50_e) | Percentual: (5.26%) | SG: 0 | G1: 0 | G2: 0
[2026-02-07T18:06:50.969Z] [INFO   ] [PASSO 506] Card 56: 0x2 FT (ft02) | Percentual: (5.26%) | SG: 0 | G1: 0 | G2: 0
[2026-02-07T18:06:50.970Z] [INFO   ] [PASSO 507] Card 57: 3x0 FT (ft30) | Percentual: (0.00%) | SG: 0 | G1: 0 | G2: 0
[2026-02-07T18:06:50.970Z] [INFO   ] [PASSO 508] Card 58: 3x2 FT (ft32) | Percentual: (0.00%) | SG: 0 | G1: 0 | G2: 0
[2026-02-07T18:06:50.970Z] [INFO   ] [PASSO 509] Card 59: 4x1 FT (ft41) | Percentual: (0.00%) | SG: 0 | G1: 0 | G2: 0
[2026-02-07T18:06:50.971Z] [INFO   ] [PASSO 510] Card 60: 4x2 FT (ft42) | Percentual: (0.00%) | SG: 0 | G1: 0 | G2: 0
[2026-02-07T18:06:50.971Z] [INFO   ] [PASSO 511] Card 61: 4x3 FT (ft43) | Percentual: (0.00%) | SG: 0 | G1: 0 | G2: 0
[2026-02-07T18:06:50.972Z] [INFO   ] [PASSO 512] Card 62: 4x4 FT (ft44) | Percentual: (0.00%) | SG: 0 | G1: 0 | G2: 0
[2026-02-07T18:06:50.972Z] [INFO   ] [PASSO 513] Card 63: 0x4 FT (ft04) | Percentual: (0.00%) | SG: 0 | G1: 0 | G2: 0
[2026-02-07T18:06:50.972Z] [INFO   ] [PASSO 514] Card 64: 1x4 FT (ft14) | Percentual: (0.00%) | SG: 0 | G1: 0 | G2: 0
[2026-02-07T18:06:50.973Z] [INFO   ] [PASSO 515] Card 65: 2x4 FT (ft24) | Percentual: (0.00%) | SG: 0 | G1: 0 | G2: 0
[2026-02-07T18:06:50.973Z] [INFO   ] [PASSO 516] Card 66: 3x4 FT (ft34) | Percentual: (0.00%) | SG: 0 | G1: 0 | G2: 0
[2026-02-07T18:06:50.973Z] [INFO   ] [PASSO 517] Card 67: 5+ Visitante (ft50_f) | Percentual: (0.00%) | SG: 0 | G1: 0 | G2: 0
[2026-02-07T18:06:50.974Z] [INFO   ] [PASSO 518] Card 68: Handicap Casa (hac) | Percentual: (0.00%) | SG: 0 | G1: 0 | G2: 0
[2026-02-07T18:06:50.974Z] [INFO   ] [PASSO 519] Card 69: Handicap Visitante (hav) | Percentual: (0.00%) | SG: 0 | G1: 0 | G2: 0
[2026-02-07T18:06:50.974Z] [INFO   ] [PASSO 520] Card 70: Over 0.5 (o05) | Percentual: (100.00%) | SG: 0 | G1: 0 | G2: 0
[2026-02-07T18:06:50.975Z] [INFO   ] [PASSO 521] Card 71: Over 1.5 (o15) | Percentual: (100.00%) | SG: 0 | G1: 0 | G2: 0
[2026-02-07T18:06:50.975Z] [INFO   ] [PASSO 522] Card 72: Under 3.5 (u35) | Percentual: (94.74%) | SG: 0 | G1: 0 | G2: 0
[2026-02-07T18:06:50.975Z] [INFO   ] [PASSO 523] Card 73: Under 2.5 (u25) | Percentual: (89.47%) | SG: 0 | G1: 0 | G2: 0
[2026-02-07T18:06:50.976Z] [INFO   ] [PASSO 524] Card 74: Under 1.5 (u15) | Percentual: (68.42%) | SG: 0 | G1: 0 | G2: 0
[2026-02-07T18:06:50.976Z] [INFO   ] [PASSO 525] Card 75: Under 0.5 (u05) | Percentual: (31.58%) | SG: 0 | G1: 0 | G2: 0
[2026-02-07T18:06:50.976Z] [SUCCESS] [PASSO 526] ========================================
[2026-02-07T18:06:50.977Z] [SUCCESS] [PASSO 527] BUSCADOR DE PADRÕES CONCLUÍDO COM SUCESSO!
[2026-02-07T18:06:50.977Z] [SUCCESS] [PASSO 528] ========================================
[2026-02-07T18:06:51.279Z] [INFO   ] [PASSO 529] Browser fechado
[2026-02-07T18:06:51.280Z] [INFO   ] [PASSO 530] ========================================
[2026-02-07T18:06:51.282Z] [INFO   ] [PASSO 531] ROBÔ FINALIZADO
[2026-02-07T18:06:51.282Z] [INFO   ] [PASSO 532] Total de passos: 531
[2026-02-07T18:06:51.282Z] [INFO   ] [PASSO 533] ========================================
[2026-02-07T18:12:20.558Z] [INFO   ] [PASSO 1] ========================================
[2026-02-07T18:12:20.558Z] [INFO   ] [PASSO 2] INICIANDO BB TIPS ROBOT
[2026-02-07T18:12:20.559Z] [INFO   ] [PASSO 3] ========================================
[2026-02-07T18:12:20.559Z] [INFO   ] [PASSO 4] URL Base (BB Tips): https://app.bbtips.com.br
[2026-02-07T18:12:20.560Z] [INFO   ] [PASSO 5] API URL (Banco): http://localhost:5000
[2026-02-07T18:12:20.560Z] [INFO   ] [PASSO 6] Email: ****@***.***
[2026-02-07T18:12:20.560Z] [INFO   ] [PASSO 7] Inicializando browser...
[2026-02-07T18:12:21.409Z] [SUCCESS] [PASSO 8] Browser iniciado com sucesso
[2026-02-07T18:12:21.410Z] [INFO   ] [PASSO 9] ---------------------------------------
[2026-02-07T18:12:21.411Z] [INFO   ] [PASSO 10] INICIANDO LOGIN
[2026-02-07T18:12:21.412Z] [INFO   ] [PASSO 11] ---------------------------------------
[2026-02-07T18:12:21.412Z] [INFO   ] [PASSO 12] Navegando para: https://app.bbtips.com.br/login
[2026-02-07T18:12:26.704Z] [DEBUG  ] [PASSO 13] Título da página: BB Tips
[2026-02-07T18:12:26.705Z] [INFO   ] [PASSO 14] Procurando campo de email...
[2026-02-07T18:12:26.720Z] [SUCCESS] [PASSO 15] Campo de email encontrado
[2026-02-07T18:12:26.804Z] [INFO   ] [PASSO 16] Email preenchido
[2026-02-07T18:12:26.804Z] [INFO   ] [PASSO 17] Procurando campo de senha...
[2026-02-07T18:12:26.809Z] [SUCCESS] [PASSO 18] Campo de senha encontrado
[2026-02-07T18:12:26.837Z] [INFO   ] [PASSO 19] Senha preenchida
[2026-02-07T18:12:26.838Z] [INFO   ] [PASSO 20] Procurando botão de login...
[2026-02-07T18:12:26.842Z] [SUCCESS] [PASSO 21] Botão de login encontrado: "Entrar"
[2026-02-07T18:12:26.867Z] [INFO   ] [PASSO 22] Clicou no botão de login, aguardando...
[2026-02-07T18:12:31.876Z] [INFO   ] [PASSO 23] URL atual: https://app.bbtips.com.br/inicio
[2026-02-07T18:12:31.877Z] [SUCCESS] [PASSO 24] Login realizado com sucesso!
[2026-02-07T18:12:31.878Z] [INFO   ] [PASSO 25] URL após login: https://app.bbtips.com.br/inicio
[2026-02-07T18:12:31.879Z] [INFO   ] [PASSO 26] ---------------------------------------
[2026-02-07T18:12:31.879Z] [INFO   ] [PASSO 27] EXECUTANDO BUSCADOR DE PADRÕES
[2026-02-07T18:12:31.880Z] [INFO   ] [PASSO 28] ---------------------------------------
[2026-02-07T18:12:31.880Z] [INFO   ] [PASSO 29] URL Base do robô: https://app.bbtips.com.br
[2026-02-07T18:12:31.880Z] [INFO   ] [PASSO 30] Navegando para: https://app.bbtips.com.br/bots/novo
[2026-02-07T18:12:31.881Z] [DEBUG  ] [PASSO 31] URL atual antes de navegar: https://app.bbtips.com.br/inicio
[2026-02-07T18:12:33.806Z] [DEBUG  ] [PASSO 32] URL após navegar: https://app.bbtips.com.br/bots/novo
[2026-02-07T18:12:36.833Z] [DEBUG  ] [PASSO 33] Conteúdo da página: 23/02/2026
 Bet365 
 Betano 
 Kiron
 SportingBet
 Aviator 
 Blaze 
 Roletas
 Luiz Silva 
Criar Novo Robô
Layout Antigo
Público
Selecione a Liga que deseja atuar
TodasCopaEuroSuperPremier
Nome
Chat
×[B...
[2026-02-07T18:12:36.834Z] [INFO   ] [PASSO 34] Procurando botão Buscar Padrões...
[2026-02-07T18:12:36.840Z] [SUCCESS] [PASSO 35] Botão Buscar Padrões encontrado: "Buscador de Padrões 🤖"
[2026-02-07T18:12:38.880Z] [INFO   ] [PASSO 36] Procurando campo Máximo Pulos...
[2026-02-07T18:12:38.884Z] [WARN   ] [PASSO 37] Campo Máximo Pulos não encontrado via ng-select
[2026-02-07T18:12:38.887Z] [WARN   ] [PASSO 38] Campo Máximo Pulos não encontrado
[2026-02-07T18:12:38.888Z] [INFO   ] [PASSO 39] Procurando botão Buscar no modal...
[2026-02-07T18:12:38.893Z] [SUCCESS] [PASSO 40] Botão Buscar encontrado: "Buscar"
[2026-02-07T18:12:38.927Z] [INFO   ] [PASSO 41] Clicou em Buscar, aguardando resultados...
[2026-02-07T18:12:43.932Z] [INFO   ] [PASSO 42] Procurando resultados da busca...
[2026-02-07T18:12:45.938Z] [SUCCESS] [PASSO 43] Quinta tabela encontrada
[2026-02-07T18:12:45.941Z] [INFO   ] [PASSO 44] Clicando na primeira linha da quinta tabela...
[2026-02-07T18:12:46.989Z] [INFO   ] [PASSO 45] Procurando dialog SweetAlert2...
[2026-02-07T18:12:48.497Z] [SUCCESS] [PASSO 46] Modal SweetAlert2 encontrado
[2026-02-07T18:12:48.501Z] [SUCCESS] [PASSO 47] Botão encontrado: "Sim"
[2026-02-07T18:12:48.503Z] [SUCCESS] [PASSO 48] Clicando em "Sim"
[2026-02-07T18:12:48.576Z] [INFO   ] [PASSO 49] Clicou no botão Sim
[2026-02-07T18:12:50.086Z] [INFO   ] [PASSO 50] Procurando elemento para clicar...
[2026-02-07T18:12:51.105Z] [SUCCESS] [PASSO 51] Elemento encontrado
[2026-02-07T18:12:51.124Z] [INFO   ] [PASSO 52] Clicou no elemento div[2]
[2026-02-07T18:12:52.134Z] [INFO   ] [PASSO 53] Procurando span para clicar...
[2026-02-07T18:12:53.149Z] [SUCCESS] [PASSO 54] Span encontrado: "VER MAIS"
[2026-02-07T18:12:53.242Z] [INFO   ] [PASSO 55] Clicou no span
[2026-02-07T18:12:54.249Z] [INFO   ] [PASSO 56] ========================================
[2026-02-07T18:12:54.250Z] [INFO   ] [PASSO 57] EXTRAINDO DADOS DOS CARDS
[2026-02-07T18:12:54.251Z] [INFO   ] [PASSO 58] ========================================
[2026-02-07T18:12:54.251Z] [INFO   ] [PASSO 59] ╔══════════════════════════════════════════════════════════╗
[2026-02-07T18:12:54.252Z] [INFO   ] [PASSO 60] ║          EXTRAÇÃO DE DADOS DOS CARDS (XPath)         ║
[2026-02-07T18:12:54.252Z] [INFO   ] [PASSO 61] ╚══════════════════════════════════════════════════════════╝
[2026-02-07T18:12:54.253Z] [INFO   ] [PASSO 62] Timestamp: 2026-02-07T18:12:54.253Z
[2026-02-07T18:12:56.256Z] [INFO   ] [PASSO 63] ══════════════════════════════════════════════════════════
[2026-02-07T18:12:56.257Z] [INFO   ] [PASSO 64] BUSCA POR CONTAINER DE CARDS:
[2026-02-07T18:12:56.257Z] [INFO   ] [PASSO 65]   XPath Container: /html/body/app-root/div/app-robos-novo/div/div/div[5]/div[1]/div[1]/div[3]/div[3]/div[2]/div[2]/div[1]
[2026-02-07T18:12:56.265Z] [SUCCESS] [PASSO 66] Container encontrado
[2026-02-07T18:12:56.265Z] [INFO   ] [PASSO 67] ══════════════════════════════════════════════════════════
[2026-02-07T18:12:56.266Z] [INFO   ] [PASSO 68] BUSCA POR CARDS DENTRO DO CONTAINER:
[2026-02-07T18:12:56.266Z] [INFO   ] [PASSO 69]   XPath Cards: ./div[not(contains(@class, 'row'))]
[2026-02-07T18:12:56.316Z] [INFO   ] [PASSO 70]   Cards encontrados via XPath: 75
[2026-02-07T18:12:56.317Z] [SUCCESS] [PASSO 71] Total de cards encontrados: 75
[2026-02-07T18:12:56.318Z] [INFO   ] [PASSO 72] ═══════════════════════════════════════════════════════════
[2026-02-07T18:12:56.318Z] [INFO   ] [PASSO 73]   Processando Card 1/75...
[2026-02-07T18:12:56.354Z] [DEBUG  ] [PASSO 74]   ✓ Card 1: Ambas Marcam Sim (ambs) | (100.00%) | SG:0 | G1:0 | G2:0
[2026-02-07T18:12:56.355Z] [INFO   ] [PASSO 75]   ✓ Card 1: Ambas Marcam Sim (ambs) | (100.00%) | SG:0 | G1:0 | G2:0
[2026-02-07T18:12:56.355Z] [INFO   ] [PASSO 76] ═══════════════════════════════════════════════════════════
[2026-02-07T18:12:56.355Z] [INFO   ] [PASSO 77]   Processando Card 2/75...
[2026-02-07T18:12:56.388Z] [DEBUG  ] [PASSO 78]   ✓ Card 2: Casa Marca Sim (cms) | (100.00%) | SG:0 | G1:0 | G2:0
[2026-02-07T18:12:56.389Z] [INFO   ] [PASSO 79]   ✓ Card 2: Casa Marca Sim (cms) | (100.00%) | SG:0 | G1:0 | G2:0
[2026-02-07T18:12:56.389Z] [INFO   ] [PASSO 80] ═══════════════════════════════════════════════════════════
[2026-02-07T18:12:56.390Z] [INFO   ] [PASSO 81]   Processando Card 3/75...
[2026-02-07T18:12:56.423Z] [DEBUG  ] [PASSO 82]   ✓ Card 3: Visitante Marca Sim (vms) | (100.00%) | SG:0 | G1:0 | G2:0
[2026-02-07T18:12:56.424Z] [INFO   ] [PASSO 83]   ✓ Card 3: Visitante Marca Sim (vms) | (100.00%) | SG:0 | G1:0 | G2:0
[2026-02-07T18:12:56.424Z] [INFO   ] [PASSO 84] ═══════════════════════════════════════════════════════════
[2026-02-07T18:12:56.424Z] [INFO   ] [PASSO 85]   Processando Card 4/75...
[2026-02-07T18:12:56.458Z] [DEBUG  ] [PASSO 86]   ✓ Card 4: Ambas Não Marcam (ambn) | (89.47%) | SG:0 | G1:0 | G2:0
[2026-02-07T18:12:56.459Z] [INFO   ] [PASSO 87]   ✓ Card 4: Ambas Não Marcam (ambn) | (89.47%) | SG:0 | G1:0 | G2:0
[2026-02-07T18:12:56.459Z] [INFO   ] [PASSO 88] ═══════════════════════════════════════════════════════════
[2026-02-07T18:12:56.460Z] [INFO   ] [PASSO 89]   Processando Card 5/75...
[2026-02-07T18:12:56.493Z] [DEBUG  ] [PASSO 90]   ✓ Card 5: Over 2.5 (o25) | (84.21%) | SG:0 | G1:0 | G2:0
[2026-02-07T18:12:56.494Z] [INFO   ] [PASSO 91]   ✓ Card 5: Over 2.5 (o25) | (84.21%) | SG:0 | G1:0 | G2:0
[2026-02-07T18:12:56.494Z] [INFO   ] [PASSO 92] ═══════════════════════════════════════════════════════════
[2026-02-07T18:12:56.494Z] [INFO   ] [PASSO 93]   Processando Card 6/75...
[2026-02-07T18:12:56.528Z] [DEBUG  ] [PASSO 94]   ✓ Card 6: Visitante Não Marca (vmn) | (84.21%) | SG:0 | G1:0 | G2:0
[2026-02-07T18:12:56.529Z] [INFO   ] [PASSO 95]   ✓ Card 6: Visitante Não Marca (vmn) | (84.21%) | SG:0 | G1:0 | G2:0
[2026-02-07T18:12:56.529Z] [INFO   ] [PASSO 96] ═══════════════════════════════════════════════════════════
[2026-02-07T18:12:56.530Z] [INFO   ] [PASSO 97]   Processando Card 7/75...
[2026-02-07T18:12:56.568Z] [DEBUG  ] [PASSO 98]   ✓ Card 7: [HT] Empate (hte) | (84.21%) | SG:0 | G1:0 | G2:0
[2026-02-07T18:12:56.569Z] [INFO   ] [PASSO 99]   ✓ Card 7: [HT] Empate (hte) | (84.21%) | SG:0 | G1:0 | G2:0
[2026-02-07T18:12:56.569Z] [INFO   ] [PASSO 100] ═══════════════════════════════════════════════════════════
[2026-02-07T18:12:56.570Z] [INFO   ] [PASSO 101]   Processando Card 8/75...
[2026-02-07T18:12:56.603Z] [DEBUG  ] [PASSO 102]   ✓ Card 8: Casa (pmc) | (84.21%) | SG:0 | G1:0 | G2:0
[2026-02-07T18:12:56.604Z] [INFO   ] [PASSO 103]   ✓ Card 8: Casa (pmc) | (84.21%) | SG:0 | G1:0 | G2:0
[2026-02-07T18:12:56.604Z] [INFO   ] [PASSO 104] ═══════════════════════════════════════════════════════════
[2026-02-07T18:12:56.604Z] [INFO   ] [PASSO 105]   Processando Card 9/75...
[2026-02-07T18:12:56.641Z] [DEBUG  ] [PASSO 106]   ✓ Card 9: Casa (umc) | (78.95%) | SG:0 | G1:0 | G2:0
[2026-02-07T18:12:56.641Z] [INFO   ] [PASSO 107]   ✓ Card 9: Casa (umc) | (78.95%) | SG:0 | G1:0 | G2:0
[2026-02-07T18:12:56.642Z] [INFO   ] [PASSO 108] ═══════════════════════════════════════════════════════════
[2026-02-07T18:12:56.642Z] [INFO   ] [PASSO 109]   Processando Card 10/75...
[2026-02-07T18:12:56.676Z] [DEBUG  ] [PASSO 110]   ✓ Card 10: Vencedor Casa (ftc) | (73.68%) | SG:0 | G1:0 | G2:0
[2026-02-07T18:12:56.677Z] [INFO   ] [PASSO 111]   ✓ Card 10: Vencedor Casa (ftc) | (73.68%) | SG:0 | G1:0 | G2:0
[2026-02-07T18:12:56.677Z] [INFO   ] [PASSO 112] ═══════════════════════════════════════════════════════════
[2026-02-07T18:12:56.677Z] [INFO   ] [PASSO 113]   Processando Card 11/75...
[2026-02-07T18:12:56.713Z] [DEBUG  ] [PASSO 114]   ✓ Card 11: Empate (fte) | (73.68%) | SG:0 | G1:0 | G2:0
[2026-02-07T18:12:56.713Z] [INFO   ] [PASSO 115]   ✓ Card 11: Empate (fte) | (73.68%) | SG:0 | G1:0 | G2:0
[2026-02-07T18:12:56.714Z] [INFO   ] [PASSO 116] ═══════════════════════════════════════════════════════════
[2026-02-07T18:12:56.714Z] [INFO   ] [PASSO 117]   Processando Card 12/75...
[2026-02-07T18:12:56.748Z] [DEBUG  ] [PASSO 118]   ✓ Card 12: 2 Gols (ge2) | (68.42%) | SG:0 | G1:0 | G2:0
[2026-02-07T18:12:56.749Z] [INFO   ] [PASSO 119]   ✓ Card 12: 2 Gols (ge2) | (68.42%) | SG:0 | G1:0 | G2:0
[2026-02-07T18:12:56.749Z] [INFO   ] [PASSO 120] ═══════════════════════════════════════════════════════════
[2026-02-07T18:12:56.749Z] [INFO   ] [PASSO 121]   Processando Card 13/75...
[2026-02-07T18:12:56.784Z] [DEBUG  ] [PASSO 122]   ✓ Card 13: 0x0 HT (ht00) | (68.42%) | SG:0 | G1:0 | G2:0
[2026-02-07T18:12:56.784Z] [INFO   ] [PASSO 123]   ✓ Card 13: 0x0 HT (ht00) | (68.42%) | SG:0 | G1:0 | G2:0
[2026-02-07T18:12:56.785Z] [INFO   ] [PASSO 124] ═══════════════════════════════════════════════════════════
[2026-02-07T18:12:56.785Z] [INFO   ] [PASSO 125]   Processando Card 14/75...
[2026-02-07T18:12:56.821Z] [DEBUG  ] [PASSO 126]   ✓ Card 14: Visitante (pmv) | (68.42%) | SG:0 | G1:0 | G2:0
[2026-02-07T18:12:56.822Z] [INFO   ] [PASSO 127]   ✓ Card 14: Visitante (pmv) | (68.42%) | SG:0 | G1:0 | G2:0
[2026-02-07T18:12:56.823Z] [INFO   ] [PASSO 128] ═══════════════════════════════════════════════════════════
[2026-02-07T18:12:56.823Z] [INFO   ] [PASSO 129]   Processando Card 15/75...
[2026-02-07T18:12:56.860Z] [DEBUG  ] [PASSO 130]   ✓ Card 15: Visitante (umv) | (68.42%) | SG:0 | G1:0 | G2:0
[2026-02-07T18:12:56.861Z] [INFO   ] [PASSO 131]   ✓ Card 15: Visitante (umv) | (68.42%) | SG:0 | G1:0 | G2:0
[2026-02-07T18:12:56.861Z] [INFO   ] [PASSO 132] ═══════════════════════════════════════════════════════════
[2026-02-07T18:12:56.862Z] [INFO   ] [PASSO 133]   Processando Card 16/75...
[2026-02-07T18:12:56.899Z] [DEBUG  ] [PASSO 134]   ✓ Card 16: [HT] Vencedor Casa (htc) | (63.16%) | SG:0 | G1:0 | G2:0
[2026-02-07T18:12:56.900Z] [INFO   ] [PASSO 135]   ✓ Card 16: [HT] Vencedor Casa (htc) | (63.16%) | SG:0 | G1:0 | G2:0
[2026-02-07T18:12:56.900Z] [INFO   ] [PASSO 136] ═══════════════════════════════════════════════════════════
[2026-02-07T18:12:56.901Z] [INFO   ] [PASSO 137]   Processando Card 17/75...
[2026-02-07T18:12:56.939Z] [DEBUG  ] [PASSO 138]   ✓ Card 17: [HT] Vencedor Visitante (htv) | (57.89%) | SG:0 | G1:0 | G2:0
[2026-02-07T18:12:56.940Z] [INFO   ] [PASSO 139]   ✓ Card 17: [HT] Vencedor Visitante (htv) | (57.89%) | SG:0 | G1:0 | G2:0
[2026-02-07T18:12:56.940Z] [INFO   ] [PASSO 140] ═══════════════════════════════════════════════════════════
[2026-02-07T18:12:56.941Z] [INFO   ] [PASSO 141]   Processando Card 18/75...
[2026-02-07T18:12:56.978Z] [DEBUG  ] [PASSO 142]   ✓ Card 18: Resultado Casa / Ambas Não (rcan) | (57.89%) | SG:0 | G1:0 | G2:0
[2026-02-07T18:12:56.979Z] [INFO   ] [PASSO 143]   ✓ Card 18: Resultado Casa / Ambas Não (rcan) | (57.89%) | SG:0 | G1:0 | G2:0
[2026-02-07T18:12:56.979Z] [INFO   ] [PASSO 144] ═══════════════════════════════════════════════════════════
[2026-02-07T18:12:56.980Z] [INFO   ] [PASSO 145]   Processando Card 19/75...
[2026-02-07T18:12:57.018Z] [DEBUG  ] [PASSO 146]   ✓ Card 19: Resultado Empate / Ambas Sim (reas) | (57.89%) | SG:0 | G1:0 | G2:0
[2026-02-07T18:12:57.019Z] [INFO   ] [PASSO 147]   ✓ Card 19: Resultado Empate / Ambas Sim (reas) | (57.89%) | SG:0 | G1:0 | G2:0
[2026-02-07T18:12:57.020Z] [INFO   ] [PASSO 148] ═══════════════════════════════════════════════════════════
[2026-02-07T18:12:57.020Z] [INFO   ] [PASSO 149]   Processando Card 20/75...
[2026-02-07T18:12:57.057Z] [DEBUG  ] [PASSO 150]   ✓ Card 20: Over 3.5 (o35) | (52.63%) | SG:0 | G1:0 | G2:0
[2026-02-07T18:12:57.058Z] [INFO   ] [PASSO 151]   ✓ Card 20: Over 3.5 (o35) | (52.63%) | SG:0 | G1:0 | G2:0
[2026-02-07T18:12:57.058Z] [INFO   ] [PASSO 152] ═══════════════════════════════════════════════════════════
[2026-02-07T18:12:57.059Z] [INFO   ] [PASSO 153]   Processando Card 21/75...
[2026-02-07T18:12:57.096Z] [DEBUG  ] [PASSO 154]   ✓ Card 21: Casa Não Marca (cmn) | (47.37%) | SG:0 | G1:0 | G2:0
[2026-02-07T18:12:57.096Z] [INFO   ] [PASSO 155]   ✓ Card 21: Casa Não Marca (cmn) | (47.37%) | SG:0 | G1:0 | G2:0
[2026-02-07T18:12:57.097Z] [INFO   ] [PASSO 156] ═══════════════════════════════════════════════════════════
[2026-02-07T18:12:57.097Z] [INFO   ] [PASSO 157]   Processando Card 22/75...
[2026-02-07T18:12:57.135Z] [DEBUG  ] [PASSO 158]   ✓ Card 22: Vencedor Visitante (ftv) | (47.37%) | SG:0 | G1:0 | G2:0
[2026-02-07T18:12:57.136Z] [INFO   ] [PASSO 159]   ✓ Card 22: Vencedor Visitante (ftv) | (47.37%) | SG:0 | G1:0 | G2:0
[2026-02-07T18:12:57.136Z] [INFO   ] [PASSO 160] ═══════════════════════════════════════════════════════════
[2026-02-07T18:12:57.137Z] [INFO   ] [PASSO 161]   Processando Card 23/75...
[2026-02-07T18:12:57.172Z] [DEBUG  ] [PASSO 162]   ✓ Card 23: 3 Gols (ge3) | (47.37%) | SG:0 | G1:0 | G2:0
[2026-02-07T18:12:57.173Z] [INFO   ] [PASSO 163]   ✓ Card 23: 3 Gols (ge3) | (47.37%) | SG:0 | G1:0 | G2:0
[2026-02-07T18:12:57.173Z] [INFO   ] [PASSO 164] ═══════════════════════════════════════════════════════════
[2026-02-07T18:12:57.174Z] [INFO   ] [PASSO 165]   Processando Card 24/75...
[2026-02-07T18:12:57.212Z] [DEBUG  ] [PASSO 166]   ✓ Card 24: 1x0 HT (ht10) | (47.37%) | SG:0 | G1:0 | G2:0
[2026-02-07T18:12:57.212Z] [INFO   ] [PASSO 167]   ✓ Card 24: 1x0 HT (ht10) | (47.37%) | SG:0 | G1:0 | G2:0
[2026-02-07T18:12:57.213Z] [INFO   ] [PASSO 168] ═══════════════════════════════════════════════════════════
[2026-02-07T18:12:57.213Z] [INFO   ] [PASSO 169]   Processando Card 25/75...
[2026-02-07T18:12:57.248Z] [DEBUG  ] [PASSO 170]   ✓ Card 25: 1 Gols (ge1) | (42.11%) | SG:0 | G1:0 | G2:0
[2026-02-07T18:12:57.249Z] [INFO   ] [PASSO 171]   ✓ Card 25: 1 Gols (ge1) | (42.11%) | SG:0 | G1:0 | G2:0
[2026-02-07T18:12:57.250Z] [INFO   ] [PASSO 172] ═══════════════════════════════════════════════════════════
[2026-02-07T18:12:57.250Z] [INFO   ] [PASSO 173]   Processando Card 26/75...
[2026-02-07T18:12:57.284Z] [DEBUG  ] [PASSO 174]   ✓ Card 26: 1x1 FT (ft11) | (42.11%) | SG:0 | G1:0 | G2:0
[2026-02-07T18:12:57.285Z] [INFO   ] [PASSO 175]   ✓ Card 26: 1x1 FT (ft11) | (42.11%) | SG:0 | G1:0 | G2:0
[2026-02-07T18:12:57.286Z] [INFO   ] [PASSO 176] ═══════════════════════════════════════════════════════════
[2026-02-07T18:12:57.286Z] [INFO   ] [PASSO 177]   Processando Card 27/75...
[2026-02-07T18:12:57.323Z] [DEBUG  ] [PASSO 178]   ✓ Card 27: 0x1 HT (ht01) | (42.11%) | SG:0 | G1:0 | G2:0
[2026-02-07T18:12:57.323Z] [INFO   ] [PASSO 179]   ✓ Card 27: 0x1 HT (ht01) | (42.11%) | SG:0 | G1:0 | G2:0
[2026-02-07T18:12:57.324Z] [INFO   ] [PASSO 180] ═══════════════════════════════════════════════════════════
[2026-02-07T18:12:57.324Z] [INFO   ] [PASSO 181]   Processando Card 28/75...
[2026-02-07T18:12:57.362Z] [DEBUG  ] [PASSO 182]   ✓ Card 28: Resultado Casa / Ambas Sim (rcas) | (42.11%) | SG:0 | G1:0 | G2:0
[2026-02-07T18:12:57.362Z] [INFO   ] [PASSO 183]   ✓ Card 28: Resultado Casa / Ambas Sim (rcas) | (42.11%) | SG:0 | G1:0 | G2:0
[2026-02-07T18:12:57.363Z] [INFO   ] [PASSO 184] ═══════════════════════════════════════════════════════════
[2026-02-07T18:12:57.363Z] [INFO   ] [PASSO 185]   Processando Card 29/75...
[2026-02-07T18:12:57.398Z] [DEBUG  ] [PASSO 186]   ✓ Card 29: 4 Gols (ge4) | (36.84%) | SG:0 | G1:0 | G2:0
[2026-02-07T18:12:57.398Z] [INFO   ] [PASSO 187]   ✓ Card 29: 4 Gols (ge4) | (36.84%) | SG:0 | G1:0 | G2:0
[2026-02-07T18:12:57.399Z] [INFO   ] [PASSO 188] ═══════════════════════════════════════════════════════════
[2026-02-07T18:12:57.399Z] [INFO   ] [PASSO 189]   Processando Card 30/75...
[2026-02-07T18:12:57.434Z] [DEBUG  ] [PASSO 190]   ✓ Card 30: Resultado Visitante / Ambas Sim (rvas) | (36.84%) | SG:0 | G1:0 | G2:0
[2026-02-07T18:12:57.435Z] [INFO   ] [PASSO 191]   ✓ Card 30: Resultado Visitante / Ambas Sim (rvas) | (36.84%) | SG:0 | G1:0 | G2:0
[2026-02-07T18:12:57.435Z] [INFO   ] [PASSO 192] ═══════════════════════════════════════════════════════════
[2026-02-07T18:12:57.435Z] [INFO   ] [PASSO 193]   Processando Card 31/75...
[2026-02-07T18:12:57.472Z] [DEBUG  ] [PASSO 194]   ✓ Card 31: 0 Gols (ge0) | (31.58%) | SG:0 | G1:0 | G2:0
[2026-02-07T18:12:57.472Z] [INFO   ] [PASSO 195]   ✓ Card 31: 0 Gols (ge0) | (31.58%) | SG:0 | G1:0 | G2:0
[2026-02-07T18:12:57.473Z] [INFO   ] [PASSO 196] ═══════════════════════════════════════════════════════════
[2026-02-07T18:12:57.473Z] [INFO   ] [PASSO 197]   Processando Card 32/75...
[2026-02-07T18:12:57.517Z] [DEBUG  ] [PASSO 198]   ✓ Card 32: 2x0 FT (ft20) | (31.58%) | SG:0 | G1:0 | G2:0
[2026-02-07T18:12:57.517Z] [INFO   ] [PASSO 199]   ✓ Card 32: 2x0 FT (ft20) | (31.58%) | SG:0 | G1:0 | G2:0
[2026-02-07T18:12:57.518Z] [INFO   ] [PASSO 200] ═══════════════════════════════════════════════════════════
[2026-02-07T18:12:57.519Z] [INFO   ] [PASSO 201]   Processando Card 33/75...
[2026-02-07T18:12:57.562Z] [DEBUG  ] [PASSO 202]   ✓ Card 33: 0x0 FT (ft00) | (31.58%) | SG:0 | G1:0 | G2:0
[2026-02-07T18:12:57.563Z] [INFO   ] [PASSO 203]   ✓ Card 33: 0x0 FT (ft00) | (31.58%) | SG:0 | G1:0 | G2:0
[2026-02-07T18:12:57.564Z] [INFO   ] [PASSO 204] ═══════════════════════════════════════════════════════════
[2026-02-07T18:12:57.564Z] [INFO   ] [PASSO 205]   Processando Card 34/75...
[2026-02-07T18:12:57.614Z] [DEBUG  ] [PASSO 206]   ✓ Card 34: 2x0 HT (ht20) | (31.58%) | SG:0 | G1:0 | G2:0
[2026-02-07T18:12:57.615Z] [INFO   ] [PASSO 207]   ✓ Card 34: 2x0 HT (ht20) | (31.58%) | SG:0 | G1:0 | G2:0
[2026-02-07T18:12:57.616Z] [INFO   ] [PASSO 208] ═══════════════════════════════════════════════════════════
[2026-02-07T18:12:57.616Z] [INFO   ] [PASSO 209]   Processando Card 35/75...
[2026-02-07T18:12:57.657Z] [DEBUG  ] [PASSO 210]   ✓ Card 35: 1x1 HT (ht11) | (31.58%) | SG:0 | G1:0 | G2:0
[2026-02-07T18:12:57.658Z] [INFO   ] [PASSO 211]   ✓ Card 35: 1x1 HT (ht11) | (31.58%) | SG:0 | G1:0 | G2:0
[2026-02-07T18:12:57.659Z] [INFO   ] [PASSO 212] ═══════════════════════════════════════════════════════════
[2026-02-07T18:12:57.659Z] [INFO   ] [PASSO 213]   Processando Card 36/75...
[2026-02-07T18:12:57.699Z] [DEBUG  ] [PASSO 214]   ✓ Card 36: Resultado Visitante / Ambas Não (rvan) | (31.58%) | SG:0 | G1:0 | G2:0
[2026-02-07T18:12:57.700Z] [INFO   ] [PASSO 215]   ✓ Card 36: Resultado Visitante / Ambas Não (rvan) | (31.58%) | SG:0 | G1:0 | G2:0
[2026-02-07T18:12:57.700Z] [INFO   ] [PASSO 216] ═══════════════════════════════════════════════════════════
[2026-02-07T18:12:57.700Z] [INFO   ] [PASSO 217]   Processando Card 37/75...
[2026-02-07T18:12:57.739Z] [DEBUG  ] [PASSO 218]   ✓ Card 37: Resultado Empate / Ambas Não (rean) | (31.58%) | SG:0 | G1:0 | G2:0
[2026-02-07T18:12:57.740Z] [INFO   ] [PASSO 219]   ✓ Card 37: Resultado Empate / Ambas Não (rean) | (31.58%) | SG:0 | G1:0 | G2:0
[2026-02-07T18:12:57.740Z] [INFO   ] [PASSO 220] ═══════════════════════════════════════════════════════════
[2026-02-07T18:12:57.741Z] [INFO   ] [PASSO 221]   Processando Card 38/75...
[2026-02-07T18:12:57.781Z] [DEBUG  ] [PASSO 222]   ✓ Card 38: Over 5+ (o50) | (26.32%) | SG:0 | G1:0 | G2:0
[2026-02-07T18:12:57.782Z] [INFO   ] [PASSO 223]   ✓ Card 38: Over 5+ (o50) | (26.32%) | SG:0 | G1:0 | G2:0
[2026-02-07T18:12:57.783Z] [INFO   ] [PASSO 224] ═══════════════════════════════════════════════════════════
[2026-02-07T18:12:57.783Z] [INFO   ] [PASSO 225]   Processando Card 39/75...
[2026-02-07T18:12:57.826Z] [DEBUG  ] [PASSO 226]   ✓ Card 39: 1x0 FT (ft10) | (26.32%) | SG:0 | G1:0 | G2:0
[2026-02-07T18:12:57.827Z] [INFO   ] [PASSO 227]   ✓ Card 39: 1x0 FT (ft10) | (26.32%) | SG:0 | G1:0 | G2:0
[2026-02-07T18:12:57.828Z] [INFO   ] [PASSO 228] ═══════════════════════════════════════════════════════════
[2026-02-07T18:12:57.828Z] [INFO   ] [PASSO 229]   Processando Card 40/75...
[2026-02-07T18:12:57.870Z] [DEBUG  ] [PASSO 230]   ✓ Card 40: Outros HT (out) | (26.32%) | SG:0 | G1:0 | G2:0
[2026-02-07T18:12:57.870Z] [INFO   ] [PASSO 231]   ✓ Card 40: Outros HT (out) | (26.32%) | SG:0 | G1:0 | G2:0
[2026-02-07T18:12:57.871Z] [INFO   ] [PASSO 232] ═══════════════════════════════════════════════════════════
[2026-02-07T18:12:57.871Z] [INFO   ] [PASSO 233]   Processando Card 41/75...
[2026-02-07T18:12:57.932Z] [DEBUG  ] [PASSO 234]   ✓ Card 41: 5+ Gols (ge5) | (21.05%) | SG:0 | G1:0 | G2:0
[2026-02-07T18:12:57.933Z] [INFO   ] [PASSO 235]   ✓ Card 41: 5+ Gols (ge5) | (21.05%) | SG:0 | G1:0 | G2:0
[2026-02-07T18:12:57.933Z] [INFO   ] [PASSO 236] ═══════════════════════════════════════════════════════════
[2026-02-07T18:12:57.934Z] [INFO   ] [PASSO 237]   Processando Card 42/75...
[2026-02-07T18:12:57.972Z] [DEBUG  ] [PASSO 238]   ✓ Card 42: 2x1 FT (ft21) | (21.05%) | SG:0 | G1:0 | G2:0
[2026-02-07T18:12:57.973Z] [INFO   ] [PASSO 239]   ✓ Card 42: 2x1 FT (ft21) | (21.05%) | SG:0 | G1:0 | G2:0
[2026-02-07T18:12:57.973Z] [INFO   ] [PASSO 240] ═══════════════════════════════════════════════════════════
[2026-02-07T18:12:57.974Z] [INFO   ] [PASSO 241]   Processando Card 43/75...
[2026-02-07T18:12:58.014Z] [DEBUG  ] [PASSO 242]   ✓ Card 43: 3x1 FT (ft31) | (21.05%) | SG:0 | G1:0 | G2:0
[2026-02-07T18:12:58.014Z] [INFO   ] [PASSO 243]   ✓ Card 43: 3x1 FT (ft31) | (21.05%) | SG:0 | G1:0 | G2:0
[2026-02-07T18:12:58.015Z] [INFO   ] [PASSO 244] ═══════════════════════════════════════════════════════════
[2026-02-07T18:12:58.015Z] [INFO   ] [PASSO 245]   Processando Card 44/75...
[2026-02-07T18:12:58.055Z] [DEBUG  ] [PASSO 246]   ✓ Card 44: 0x1 FT (ft01) | (15.79%) | SG:0 | G1:0 | G2:0
[2026-02-07T18:12:58.055Z] [INFO   ] [PASSO 247]   ✓ Card 44: 0x1 FT (ft01) | (15.79%) | SG:0 | G1:0 | G2:0
[2026-02-07T18:12:58.056Z] [INFO   ] [PASSO 248] ═══════════════════════════════════════════════════════════
[2026-02-07T18:12:58.056Z] [INFO   ] [PASSO 249]   Processando Card 45/75...
[2026-02-07T18:12:58.095Z] [DEBUG  ] [PASSO 250]   ✓ Card 45: 1x2 FT (ft12) | (15.79%) | SG:0 | G1:0 | G2:0
[2026-02-07T18:12:58.096Z] [INFO   ] [PASSO 251]   ✓ Card 45: 1x2 FT (ft12) | (15.79%) | SG:0 | G1:0 | G2:0
[2026-02-07T18:12:58.096Z] [INFO   ] [PASSO 252] ═══════════════════════════════════════════════════════════
[2026-02-07T18:12:58.096Z] [INFO   ] [PASSO 253]   Processando Card 46/75...
[2026-02-07T18:12:58.136Z] [DEBUG  ] [PASSO 254]   ✓ Card 46: 2x3 FT (ft23) | (15.79%) | SG:0 | G1:0 | G2:0
[2026-02-07T18:12:58.137Z] [INFO   ] [PASSO 255]   ✓ Card 46: 2x3 FT (ft23) | (15.79%) | SG:0 | G1:0 | G2:0
[2026-02-07T18:12:58.137Z] [INFO   ] [PASSO 256] ═══════════════════════════════════════════════════════════
[2026-02-07T18:12:58.138Z] [INFO   ] [PASSO 257]   Processando Card 47/75...
[2026-02-07T18:12:58.177Z] [DEBUG  ] [PASSO 258]   ✓ Card 47: 2x2 FT (ft22) | (10.53%) | SG:0 | G1:0 | G2:0
[2026-02-07T18:12:58.178Z] [INFO   ] [PASSO 259]   ✓ Card 47: 2x2 FT (ft22) | (10.53%) | SG:0 | G1:0 | G2:0
[2026-02-07T18:12:58.178Z] [INFO   ] [PASSO 260] ═══════════════════════════════════════════════════════════
[2026-02-07T18:12:58.179Z] [INFO   ] [PASSO 261]   Processando Card 48/75...
[2026-02-07T18:12:58.221Z] [DEBUG  ] [PASSO 262]   ✓ Card 48: 0x3 FT (ft03) | (10.53%) | SG:0 | G1:0 | G2:0
[2026-02-07T18:12:58.222Z] [INFO   ] [PASSO 263]   ✓ Card 48: 0x3 FT (ft03) | (10.53%) | SG:0 | G1:0 | G2:0
[2026-02-07T18:12:58.222Z] [INFO   ] [PASSO 264] ═══════════════════════════════════════════════════════════
[2026-02-07T18:12:58.223Z] [INFO   ] [PASSO 265]   Processando Card 49/75...
[2026-02-07T18:12:58.261Z] [DEBUG  ] [PASSO 266]   ✓ Card 49: 1x3 FT (ft13) | (10.53%) | SG:0 | G1:0 | G2:0
[2026-02-07T18:12:58.261Z] [INFO   ] [PASSO 267]   ✓ Card 49: 1x3 FT (ft13) | (10.53%) | SG:0 | G1:0 | G2:0
[2026-02-07T18:12:58.262Z] [INFO   ] [PASSO 268] ═══════════════════════════════════════════════════════════
[2026-02-07T18:12:58.262Z] [INFO   ] [PASSO 269]   Processando Card 50/75...
[2026-02-07T18:12:58.300Z] [DEBUG  ] [PASSO 270]   ✓ Card 50: 0x2 HT (ht02) | (10.53%) | SG:0 | G1:0 | G2:0
[2026-02-07T18:12:58.301Z] [INFO   ] [PASSO 271]   ✓ Card 50: 0x2 HT (ht02) | (10.53%) | SG:0 | G1:0 | G2:0
[2026-02-07T18:12:58.302Z] [INFO   ] [PASSO 272] ═══════════════════════════════════════════════════════════
[2026-02-07T18:12:58.302Z] [INFO   ] [PASSO 273]   Processando Card 51/75...
[2026-02-07T18:12:58.341Z] [DEBUG  ] [PASSO 274]   ✓ Card 51: Viradinha (vira) | (10.53%) | SG:0 | G1:0 | G2:0
[2026-02-07T18:12:58.341Z] [INFO   ] [PASSO 275]   ✓ Card 51: Viradinha (vira) | (10.53%) | SG:0 | G1:0 | G2:0
[2026-02-07T18:12:58.342Z] [INFO   ] [PASSO 276] ═══════════════════════════════════════════════════════════
[2026-02-07T18:12:58.342Z] [INFO   ] [PASSO 277]   Processando Card 52/75...
[2026-02-07T18:12:58.377Z] [DEBUG  ] [PASSO 278]   ✓ Card 52: 4x0 FT (ft40) | (5.26%) | SG:0 | G1:0 | G2:0
[2026-02-07T18:12:58.378Z] [INFO   ] [PASSO 279]   ✓ Card 52: 4x0 FT (ft40) | (5.26%) | SG:0 | G1:0 | G2:0
[2026-02-07T18:12:58.378Z] [INFO   ] [PASSO 280] ═══════════════════════════════════════════════════════════
[2026-02-07T18:12:58.379Z] [INFO   ] [PASSO 281]   Processando Card 53/75...
[2026-02-07T18:12:58.412Z] [DEBUG  ] [PASSO 282]   ✓ Card 53: 5+ Casa (ft50_c) | (5.26%) | SG:0 | G1:0 | G2:0
[2026-02-07T18:12:58.412Z] [INFO   ] [PASSO 283]   ✓ Card 53: 5+ Casa (ft50_c) | (5.26%) | SG:0 | G1:0 | G2:0
[2026-02-07T18:12:58.413Z] [INFO   ] [PASSO 284] ═══════════════════════════════════════════════════════════
[2026-02-07T18:12:58.413Z] [INFO   ] [PASSO 285]   Processando Card 54/75...
[2026-02-07T18:12:58.447Z] [DEBUG  ] [PASSO 286]   ✓ Card 54: 3x3 FT (ft33) | (5.26%) | SG:0 | G1:0 | G2:0
[2026-02-07T18:12:58.448Z] [INFO   ] [PASSO 287]   ✓ Card 54: 3x3 FT (ft33) | (5.26%) | SG:0 | G1:0 | G2:0
[2026-02-07T18:12:58.449Z] [INFO   ] [PASSO 288] ═══════════════════════════════════════════════════════════
[2026-02-07T18:12:58.449Z] [INFO   ] [PASSO 289]   Processando Card 55/75...
[2026-02-07T18:12:58.483Z] [DEBUG  ] [PASSO 290]   ✓ Card 55: 5+ Empate (ft50_e) | (5.26%) | SG:0 | G1:0 | G2:0
[2026-02-07T18:12:58.484Z] [INFO   ] [PASSO 291]   ✓ Card 55: 5+ Empate (ft50_e) | (5.26%) | SG:0 | G1:0 | G2:0
[2026-02-07T18:12:58.484Z] [INFO   ] [PASSO 292] ═══════════════════════════════════════════════════════════
[2026-02-07T18:12:58.484Z] [INFO   ] [PASSO 293]   Processando Card 56/75...
[2026-02-07T18:12:58.517Z] [DEBUG  ] [PASSO 294]   ✓ Card 56: 0x2 FT (ft02) | (5.26%) | SG:0 | G1:0 | G2:0
[2026-02-07T18:12:58.518Z] [INFO   ] [PASSO 295]   ✓ Card 56: 0x2 FT (ft02) | (5.26%) | SG:0 | G1:0 | G2:0
[2026-02-07T18:12:58.518Z] [INFO   ] [PASSO 296] ═══════════════════════════════════════════════════════════
[2026-02-07T18:12:58.518Z] [INFO   ] [PASSO 297]   Processando Card 57/75...
[2026-02-07T18:12:58.561Z] [DEBUG  ] [PASSO 298]   ✓ Card 57: 3x0 FT (ft30) | (0.00%) | SG:0 | G1:0 | G2:0
[2026-02-07T18:12:58.562Z] [INFO   ] [PASSO 299]   ✓ Card 57: 3x0 FT (ft30) | (0.00%) | SG:0 | G1:0 | G2:0
[2026-02-07T18:12:58.563Z] [INFO   ] [PASSO 300] ═══════════════════════════════════════════════════════════
[2026-02-07T18:12:58.563Z] [INFO   ] [PASSO 301]   Processando Card 58/75...
[2026-02-07T18:12:58.602Z] [DEBUG  ] [PASSO 302]   ✓ Card 58: 3x2 FT (ft32) | (0.00%) | SG:0 | G1:0 | G2:0
[2026-02-07T18:12:58.602Z] [INFO   ] [PASSO 303]   ✓ Card 58: 3x2 FT (ft32) | (0.00%) | SG:0 | G1:0 | G2:0
[2026-02-07T18:12:58.603Z] [INFO   ] [PASSO 304] ═══════════════════════════════════════════════════════════
[2026-02-07T18:12:58.603Z] [INFO   ] [PASSO 305]   Processando Card 59/75...
[2026-02-07T18:12:58.642Z] [DEBUG  ] [PASSO 306]   ✓ Card 59: 4x1 FT (ft41) | (0.00%) | SG:0 | G1:0 | G2:0
[2026-02-07T18:12:58.643Z] [INFO   ] [PASSO 307]   ✓ Card 59: 4x1 FT (ft41) | (0.00%) | SG:0 | G1:0 | G2:0
[2026-02-07T18:12:58.644Z] [INFO   ] [PASSO 308] ═══════════════════════════════════════════════════════════
[2026-02-07T18:12:58.644Z] [INFO   ] [PASSO 309]   Processando Card 60/75...
[2026-02-07T18:12:58.693Z] [DEBUG  ] [PASSO 310]   ✓ Card 60: 4x2 FT (ft42) | (0.00%) | SG:0 | G1:0 | G2:0
[2026-02-07T18:12:58.694Z] [INFO   ] [PASSO 311]   ✓ Card 60: 4x2 FT (ft42) | (0.00%) | SG:0 | G1:0 | G2:0
[2026-02-07T18:12:58.694Z] [INFO   ] [PASSO 312] ═══════════════════════════════════════════════════════════
[2026-02-07T18:12:58.694Z] [INFO   ] [PASSO 313]   Processando Card 61/75...
[2026-02-07T18:12:58.733Z] [DEBUG  ] [PASSO 314]   ✓ Card 61: 4x3 FT (ft43) | (0.00%) | SG:0 | G1:0 | G2:0
[2026-02-07T18:12:58.734Z] [INFO   ] [PASSO 315]   ✓ Card 61: 4x3 FT (ft43) | (0.00%) | SG:0 | G1:0 | G2:0
[2026-02-07T18:12:58.735Z] [INFO   ] [PASSO 316] ═══════════════════════════════════════════════════════════
[2026-02-07T18:12:58.736Z] [INFO   ] [PASSO 317]   Processando Card 62/75...
[2026-02-07T18:12:58.782Z] [DEBUG  ] [PASSO 318]   ✓ Card 62: 4x4 FT (ft44) | (0.00%) | SG:0 | G1:0 | G2:0
[2026-02-07T18:12:58.783Z] [INFO   ] [PASSO 319]   ✓ Card 62: 4x4 FT (ft44) | (0.00%) | SG:0 | G1:0 | G2:0
[2026-02-07T18:12:58.783Z] [INFO   ] [PASSO 320] ═══════════════════════════════════════════════════════════
[2026-02-07T18:12:58.784Z] [INFO   ] [PASSO 321]   Processando Card 63/75...
[2026-02-07T18:12:58.823Z] [DEBUG  ] [PASSO 322]   ✓ Card 63: 0x4 FT (ft04) | (0.00%) | SG:0 | G1:0 | G2:0
[2026-02-07T18:12:58.824Z] [INFO   ] [PASSO 323]   ✓ Card 63: 0x4 FT (ft04) | (0.00%) | SG:0 | G1:0 | G2:0
[2026-02-07T18:12:58.824Z] [INFO   ] [PASSO 324] ═══════════════════════════════════════════════════════════
[2026-02-07T18:12:58.824Z] [INFO   ] [PASSO 325]   Processando Card 64/75...
[2026-02-07T18:12:58.865Z] [DEBUG  ] [PASSO 326]   ✓ Card 64: 1x4 FT (ft14) | (0.00%) | SG:0 | G1:0 | G2:0
[2026-02-07T18:12:58.865Z] [INFO   ] [PASSO 327]   ✓ Card 64: 1x4 FT (ft14) | (0.00%) | SG:0 | G1:0 | G2:0
[2026-02-07T18:12:58.866Z] [INFO   ] [PASSO 328] ═══════════════════════════════════════════════════════════
[2026-02-07T18:12:58.866Z] [INFO   ] [PASSO 329]   Processando Card 65/75...
[2026-02-07T18:12:58.904Z] [DEBUG  ] [PASSO 330]   ✓ Card 65: 2x4 FT (ft24) | (0.00%) | SG:0 | G1:0 | G2:0
[2026-02-07T18:12:58.904Z] [INFO   ] [PASSO 331]   ✓ Card 65: 2x4 FT (ft24) | (0.00%) | SG:0 | G1:0 | G2:0
[2026-02-07T18:12:58.905Z] [INFO   ] [PASSO 332] ═══════════════════════════════════════════════════════════
[2026-02-07T18:12:58.905Z] [INFO   ] [PASSO 333]   Processando Card 66/75...
[2026-02-07T18:12:58.940Z] [DEBUG  ] [PASSO 334]   ✓ Card 66: 3x4 FT (ft34) | (0.00%) | SG:0 | G1:0 | G2:0
[2026-02-07T18:12:58.940Z] [INFO   ] [PASSO 335]   ✓ Card 66: 3x4 FT (ft34) | (0.00%) | SG:0 | G1:0 | G2:0
[2026-02-07T18:12:58.941Z] [INFO   ] [PASSO 336] ═══════════════════════════════════════════════════════════
[2026-02-07T18:12:58.941Z] [INFO   ] [PASSO 337]   Processando Card 67/75...
[2026-02-07T18:12:58.978Z] [DEBUG  ] [PASSO 338]   ✓ Card 67: 5+ Visitante (ft50_f) | (0.00%) | SG:0 | G1:0 | G2:0
[2026-02-07T18:12:58.978Z] [INFO   ] [PASSO 339]   ✓ Card 67: 5+ Visitante (ft50_f) | (0.00%) | SG:0 | G1:0 | G2:0
[2026-02-07T18:12:58.979Z] [INFO   ] [PASSO 340] ═══════════════════════════════════════════════════════════
[2026-02-07T18:12:58.979Z] [INFO   ] [PASSO 341]   Processando Card 68/75...
[2026-02-07T18:12:59.018Z] [DEBUG  ] [PASSO 342]   ✓ Card 68: Handicap Casa (hac) | (0.00%) | SG:0 | G1:0 | G2:0
[2026-02-07T18:12:59.019Z] [INFO   ] [PASSO 343]   ✓ Card 68: Handicap Casa (hac) | (0.00%) | SG:0 | G1:0 | G2:0
[2026-02-07T18:12:59.019Z] [INFO   ] [PASSO 344] ═══════════════════════════════════════════════════════════
[2026-02-07T18:12:59.019Z] [INFO   ] [PASSO 345]   Processando Card 69/75...
[2026-02-07T18:12:59.057Z] [DEBUG  ] [PASSO 346]   ✓ Card 69: Handicap Visitante (hav) | (0.00%) | SG:0 | G1:0 | G2:0
[2026-02-07T18:12:59.057Z] [INFO   ] [PASSO 347]   ✓ Card 69: Handicap Visitante (hav) | (0.00%) | SG:0 | G1:0 | G2:0
[2026-02-07T18:12:59.058Z] [INFO   ] [PASSO 348] ═══════════════════════════════════════════════════════════
[2026-02-07T18:12:59.059Z] [INFO   ] [PASSO 349]   Processando Card 70/75...
[2026-02-07T18:12:59.095Z] [DEBUG  ] [PASSO 350]   ✓ Card 70: Over 0.5 (o05) | (100.00%) | SG:0 | G1:0 | G2:0
[2026-02-07T18:12:59.096Z] [INFO   ] [PASSO 351]   ✓ Card 70: Over 0.5 (o05) | (100.00%) | SG:0 | G1:0 | G2:0
[2026-02-07T18:12:59.096Z] [INFO   ] [PASSO 352] ═══════════════════════════════════════════════════════════
[2026-02-07T18:12:59.097Z] [INFO   ] [PASSO 353]   Processando Card 71/75...
[2026-02-07T18:12:59.135Z] [DEBUG  ] [PASSO 354]   ✓ Card 71: Over 1.5 (o15) | (100.00%) | SG:0 | G1:0 | G2:0
[2026-02-07T18:12:59.136Z] [INFO   ] [PASSO 355]   ✓ Card 71: Over 1.5 (o15) | (100.00%) | SG:0 | G1:0 | G2:0
[2026-02-07T18:12:59.136Z] [INFO   ] [PASSO 356] ═══════════════════════════════════════════════════════════
[2026-02-07T18:12:59.137Z] [INFO   ] [PASSO 357]   Processando Card 72/75...
[2026-02-07T18:12:59.173Z] [DEBUG  ] [PASSO 358]   ✓ Card 72: Under 3.5 (u35) | (94.74%) | SG:0 | G1:0 | G2:0
[2026-02-07T18:12:59.174Z] [INFO   ] [PASSO 359]   ✓ Card 72: Under 3.5 (u35) | (94.74%) | SG:0 | G1:0 | G2:0
[2026-02-07T18:12:59.174Z] [INFO   ] [PASSO 360] ═══════════════════════════════════════════════════════════
[2026-02-07T18:12:59.174Z] [INFO   ] [PASSO 361]   Processando Card 73/75...
[2026-02-07T18:12:59.212Z] [DEBUG  ] [PASSO 362]   ✓ Card 73: Under 2.5 (u25) | (89.47%) | SG:0 | G1:0 | G2:0
[2026-02-07T18:12:59.213Z] [INFO   ] [PASSO 363]   ✓ Card 73: Under 2.5 (u25) | (89.47%) | SG:0 | G1:0 | G2:0
[2026-02-07T18:12:59.213Z] [INFO   ] [PASSO 364] ═══════════════════════════════════════════════════════════
[2026-02-07T18:12:59.214Z] [INFO   ] [PASSO 365]   Processando Card 74/75...
[2026-02-07T18:12:59.253Z] [DEBUG  ] [PASSO 366]   ✓ Card 74: Under 1.5 (u15) | (68.42%) | SG:0 | G1:0 | G2:0
[2026-02-07T18:12:59.254Z] [INFO   ] [PASSO 367]   ✓ Card 74: Under 1.5 (u15) | (68.42%) | SG:0 | G1:0 | G2:0
[2026-02-07T18:12:59.254Z] [INFO   ] [PASSO 368] ═══════════════════════════════════════════════════════════
[2026-02-07T18:12:59.254Z] [INFO   ] [PASSO 369]   Processando Card 75/75...
[2026-02-07T18:12:59.292Z] [DEBUG  ] [PASSO 370]   ✓ Card 75: Under 0.5 (u05) | (31.58%) | SG:0 | G1:0 | G2:0
[2026-02-07T18:12:59.293Z] [INFO   ] [PASSO 371]   ✓ Card 75: Under 0.5 (u05) | (31.58%) | SG:0 | G1:0 | G2:0
[2026-02-07T18:12:59.293Z] [INFO   ] [PASSO 372] ═══════════════════════════════════════════════════════════
[2026-02-07T18:12:59.293Z] [INFO   ] [PASSO 373]   RESUMO DA EXTRAÇÃO:
[2026-02-07T18:12:59.294Z] [INFO   ] [PASSO 374]   Total de cards extraídos: 75
[2026-02-07T18:12:59.294Z] [INFO   ] [PASSO 375]   Timestamp: 2026-02-07T18:12:56.318Z
[2026-02-07T18:12:59.295Z] [INFO   ] [PASSO 376] ═══════════════════════════════════════════════════════════
[2026-02-07T18:12:59.295Z] [INFO   ] [PASSO 377] ═══════════════════════════════════════════════════════════
[2026-02-07T18:12:59.296Z] [INFO   ] [PASSO 378] SALVANDO CARDS NO BANCO DE DADOS...
[2026-02-07T18:12:59.296Z] [INFO   ] [PASSO 379]   Total de cards para inserir: 75
[2026-02-07T18:12:59.297Z] [INFO   ] [PASSO 380]   ═══════════════════════════════════════════════════════════════════
[2026-02-07T18:12:59.297Z] [INFO   ] [PASSO 381]   SALVANDO CARDS - NETWORK DO BROWSER
[2026-02-07T18:12:59.297Z] [INFO   ] [PASSO 382]   ═══════════════════════════════════════════════════════════════════
[2026-02-07T18:12:59.298Z] [INFO   ] [PASSO 383]   API URL: http://localhost:5000/api/inserir-cards
[2026-02-07T18:12:59.298Z] [INFO   ] [PASSO 384]   Total cards: 75
[2026-02-07T18:12:59.299Z] [DEBUG  ] [PASSO 385]   Body Size: 13952 bytes
[2026-02-07T18:12:59.299Z] [DEBUG  ] [PASSO 386]   Body: [
  {
    "titulo": "Ambas Marcam Sim (ambs)",
    "padroes": "19/19",
    "percentual": "(100.00%)",
    "sg": 0,
    "g1": 0,
    "g2": 0,
    "data_hora_busca": "2026-02-07T18:12:56.318Z"
  },
  {
    "titulo": "Casa Marca Sim (cms)",
    "padroes": "19/19",
    "percentual": "(100.00%)",
    "sg": 0,
    "g1": 0,
    "g2": 0,
    "data_hora_busca": "2026-02-07T18:12:56.318Z"
  },
  {
    "titulo": "Visitante Marca Sim (vms)",
    "padroes": "19/19",
    "percentual": "(100.00%)",
    "sg": 0...
[2026-02-07T18:12:59.300Z] [INFO   ] [PASSO 387]   [NETWORK] Listeners registrados
[2026-02-07T18:12:59.300Z] [INFO   ] [PASSO 388]   ═══════════════════════════════════════════════════════════════════
[2026-02-07T18:12:59.300Z] [INFO   ] [PASSO 389]   ENVIANDO POST VIA BROWSER FETCH...
[2026-02-07T18:12:59.301Z] [INFO   ] [PASSO 390]   ═══════════════════════════════════════════════════════════════════
[2026-02-07T18:12:59.729Z] [INFO   ] [PASSO 391]   ═══════════════════════════════════════════════════════════════════
[2026-02-07T18:12:59.730Z] [INFO   ] [PASSO 392]   RESULTADO DA REQUISIÇÃO
[2026-02-07T18:12:59.730Z] [INFO   ] [PASSO 393]   ═══════════════════════════════════════════════════════════════════
[2026-02-07T18:12:59.731Z] [INFO   ] [PASSO 394]   Status: 200 OK
[2026-02-07T18:12:59.731Z] [INFO   ] [PASSO 395]   Success: true
[2026-02-07T18:12:59.732Z] [INFO   ] [PASSO 396]   Duration: 424ms
[2026-02-07T18:12:59.732Z] [DEBUG  ] [PASSO 397]   Response Body: {"success":true,"message":"Cards recebidos e salvos!","received":75,"saved":75}
[2026-02-07T18:12:59.732Z] [DEBUG  ] [PASSO 398]   Network Logs: []
[2026-02-07T18:12:59.733Z] [DEBUG  ] [PASSO 399]   Parsed JSON: {
  "success": true,
  "message": "Cards recebidos e salvos!",
  "received": 75,
  "saved": 75
}
[2026-02-07T18:12:59.733Z] [SUCCESS] [PASSO 400]   ✓ Sucesso! Registros: N/A
[2026-02-07T18:12:59.734Z] [SUCCESS] [PASSO 401] ✓ undefined cards inseridos com sucesso!
[2026-02-07T18:12:59.734Z] [INFO   ] [PASSO 402] ═══════════════════════════════════════════════════════════
[2026-02-07T18:12:59.734Z] [INFO   ] [PASSO 403] RESUMO DA EXTRAÇÃO:
[2026-02-07T18:12:59.735Z] [INFO   ] [PASSO 404]   Total de cards processados: 75
[2026-02-07T18:12:59.735Z] [INFO   ] [PASSO 405]   Cards inseridos no banco: 0
[2026-02-07T18:12:59.736Z] [INFO   ] [PASSO 406]   Timestamp: 2026-02-07T18:12:56.318Z
[2026-02-07T18:12:59.736Z] [SUCCESS] [PASSO 407] Extraídos 75 cards com sucesso
[2026-02-07T18:12:59.737Z] [INFO   ] [PASSO 408] Card 1: Ambas Marcam Sim (ambs) | Percentual: (100.00%) | SG: 0 | G1: 0 | G2: 0
[2026-02-07T18:12:59.737Z] [INFO   ] [PASSO 409] Card 2: Casa Marca Sim (cms) | Percentual: (100.00%) | SG: 0 | G1: 0 | G2: 0
[2026-02-07T18:12:59.738Z] [INFO   ] [PASSO 410] Card 3: Visitante Marca Sim (vms) | Percentual: (100.00%) | SG: 0 | G1: 0 | G2: 0
[2026-02-07T18:12:59.738Z] [INFO   ] [PASSO 411] Card 4: Ambas Não Marcam (ambn) | Percentual: (89.47%) | SG: 0 | G1: 0 | G2: 0
[2026-02-07T18:12:59.738Z] [INFO   ] [PASSO 412] Card 5: Over 2.5 (o25) | Percentual: (84.21%) | SG: 0 | G1: 0 | G2: 0
[2026-02-07T18:12:59.739Z] [INFO   ] [PASSO 413] Card 6: Visitante Não Marca (vmn) | Percentual: (84.21%) | SG: 0 | G1: 0 | G2: 0
[2026-02-07T18:12:59.739Z] [INFO   ] [PASSO 414] Card 7: [HT] Empate (hte) | Percentual: (84.21%) | SG: 0 | G1: 0 | G2: 0
[2026-02-07T18:12:59.740Z] [INFO   ] [PASSO 415] Card 8: Casa (pmc) | Percentual: (84.21%) | SG: 0 | G1: 0 | G2: 0
[2026-02-07T18:12:59.740Z] [INFO   ] [PASSO 416] Card 9: Casa (umc) | Percentual: (78.95%) | SG: 0 | G1: 0 | G2: 0
[2026-02-07T18:12:59.740Z] [INFO   ] [PASSO 417] Card 10: Vencedor Casa (ftc) | Percentual: (73.68%) | SG: 0 | G1: 0 | G2: 0
[2026-02-07T18:12:59.741Z] [INFO   ] [PASSO 418] Card 11: Empate (fte) | Percentual: (73.68%) | SG: 0 | G1: 0 | G2: 0
[2026-02-07T18:12:59.741Z] [INFO   ] [PASSO 419] Card 12: 2 Gols (ge2) | Percentual: (68.42%) | SG: 0 | G1: 0 | G2: 0
[2026-02-07T18:12:59.742Z] [INFO   ] [PASSO 420] Card 13: 0x0 HT (ht00) | Percentual: (68.42%) | SG: 0 | G1: 0 | G2: 0
[2026-02-07T18:12:59.742Z] [INFO   ] [PASSO 421] Card 14: Visitante (pmv) | Percentual: (68.42%) | SG: 0 | G1: 0 | G2: 0
[2026-02-07T18:12:59.742Z] [INFO   ] [PASSO 422] Card 15: Visitante (umv) | Percentual: (68.42%) | SG: 0 | G1: 0 | G2: 0
[2026-02-07T18:12:59.743Z] [INFO   ] [PASSO 423] Card 16: [HT] Vencedor Casa (htc) | Percentual: (63.16%) | SG: 0 | G1: 0 | G2: 0
[2026-02-07T18:12:59.743Z] [INFO   ] [PASSO 424] Card 17: [HT] Vencedor Visitante (htv) | Percentual: (57.89%) | SG: 0 | G1: 0 | G2: 0
[2026-02-07T18:12:59.744Z] [INFO   ] [PASSO 425] Card 18: Resultado Casa / Ambas Não (rcan) | Percentual: (57.89%) | SG: 0 | G1: 0 | G2: 0
[2026-02-07T18:12:59.744Z] [INFO   ] [PASSO 426] Card 19: Resultado Empate / Ambas Sim (reas) | Percentual: (57.89%) | SG: 0 | G1: 0 | G2: 0
[2026-02-07T18:12:59.744Z] [INFO   ] [PASSO 427] Card 20: Over 3.5 (o35) | Percentual: (52.63%) | SG: 0 | G1: 0 | G2: 0
[2026-02-07T18:12:59.745Z] [INFO   ] [PASSO 428] Card 21: Casa Não Marca (cmn) | Percentual: (47.37%) | SG: 0 | G1: 0 | G2: 0
[2026-02-07T18:12:59.745Z] [INFO   ] [PASSO 429] Card 22: Vencedor Visitante (ftv) | Percentual: (47.37%) | SG: 0 | G1: 0 | G2: 0
[2026-02-07T18:12:59.746Z] [INFO   ] [PASSO 430] Card 23: 3 Gols (ge3) | Percentual: (47.37%) | SG: 0 | G1: 0 | G2: 0
[2026-02-07T18:12:59.746Z] [INFO   ] [PASSO 431] Card 24: 1x0 HT (ht10) | Percentual: (47.37%) | SG: 0 | G1: 0 | G2: 0
[2026-02-07T18:12:59.746Z] [INFO   ] [PASSO 432] Card 25: 1 Gols (ge1) | Percentual: (42.11%) | SG: 0 | G1: 0 | G2: 0
[2026-02-07T18:12:59.747Z] [INFO   ] [PASSO 433] Card 26: 1x1 FT (ft11) | Percentual: (42.11%) | SG: 0 | G1: 0 | G2: 0
[2026-02-07T18:12:59.747Z] [INFO   ] [PASSO 434] Card 27: 0x1 HT (ht01) | Percentual: (42.11%) | SG: 0 | G1: 0 | G2: 0
[2026-02-07T18:12:59.747Z] [INFO   ] [PASSO 435] Card 28: Resultado Casa / Ambas Sim (rcas) | Percentual: (42.11%) | SG: 0 | G1: 0 | G2: 0
[2026-02-07T18:12:59.748Z] [INFO   ] [PASSO 436] Card 29: 4 Gols (ge4) | Percentual: (36.84%) | SG: 0 | G1: 0 | G2: 0
[2026-02-07T18:12:59.748Z] [INFO   ] [PASSO 437] Card 30: Resultado Visitante / Ambas Sim (rvas) | Percentual: (36.84%) | SG: 0 | G1: 0 | G2: 0
[2026-02-07T18:12:59.749Z] [INFO   ] [PASSO 438] Card 31: 0 Gols (ge0) | Percentual: (31.58%) | SG: 0 | G1: 0 | G2: 0
[2026-02-07T18:12:59.749Z] [INFO   ] [PASSO 439] Card 32: 2x0 FT (ft20) | Percentual: (31.58%) | SG: 0 | G1: 0 | G2: 0
[2026-02-07T18:12:59.749Z] [INFO   ] [PASSO 440] Card 33: 0x0 FT (ft00) | Percentual: (31.58%) | SG: 0 | G1: 0 | G2: 0
[2026-02-07T18:12:59.750Z] [INFO   ] [PASSO 441] Card 34: 2x0 HT (ht20) | Percentual: (31.58%) | SG: 0 | G1: 0 | G2: 0
[2026-02-07T18:12:59.750Z] [INFO   ] [PASSO 442] Card 35: 1x1 HT (ht11) | Percentual: (31.58%) | SG: 0 | G1: 0 | G2: 0
[2026-02-07T18:12:59.751Z] [INFO   ] [PASSO 443] Card 36: Resultado Visitante / Ambas Não (rvan) | Percentual: (31.58%) | SG: 0 | G1: 0 | G2: 0
[2026-02-07T18:12:59.751Z] [INFO   ] [PASSO 444] Card 37: Resultado Empate / Ambas Não (rean) | Percentual: (31.58%) | SG: 0 | G1: 0 | G2: 0
[2026-02-07T18:12:59.751Z] [INFO   ] [PASSO 445] Card 38: Over 5+ (o50) | Percentual: (26.32%) | SG: 0 | G1: 0 | G2: 0
[2026-02-07T18:12:59.752Z] [INFO   ] [PASSO 446] Card 39: 1x0 FT (ft10) | Percentual: (26.32%) | SG: 0 | G1: 0 | G2: 0
[2026-02-07T18:12:59.752Z] [INFO   ] [PASSO 447] Card 40: Outros HT (out) | Percentual: (26.32%) | SG: 0 | G1: 0 | G2: 0
[2026-02-07T18:12:59.753Z] [INFO   ] [PASSO 448] Card 41: 5+ Gols (ge5) | Percentual: (21.05%) | SG: 0 | G1: 0 | G2: 0
[2026-02-07T18:12:59.753Z] [INFO   ] [PASSO 449] Card 42: 2x1 FT (ft21) | Percentual: (21.05%) | SG: 0 | G1: 0 | G2: 0
[2026-02-07T18:12:59.753Z] [INFO   ] [PASSO 450] Card 43: 3x1 FT (ft31) | Percentual: (21.05%) | SG: 0 | G1: 0 | G2: 0
[2026-02-07T18:12:59.754Z] [INFO   ] [PASSO 451] Card 44: 0x1 FT (ft01) | Percentual: (15.79%) | SG: 0 | G1: 0 | G2: 0
[2026-02-07T18:12:59.754Z] [INFO   ] [PASSO 452] Card 45: 1x2 FT (ft12) | Percentual: (15.79%) | SG: 0 | G1: 0 | G2: 0
[2026-02-07T18:12:59.755Z] [INFO   ] [PASSO 453] Card 46: 2x3 FT (ft23) | Percentual: (15.79%) | SG: 0 | G1: 0 | G2: 0
[2026-02-07T18:12:59.755Z] [INFO   ] [PASSO 454] Card 47: 2x2 FT (ft22) | Percentual: (10.53%) | SG: 0 | G1: 0 | G2: 0
[2026-02-07T18:12:59.755Z] [INFO   ] [PASSO 455] Card 48: 0x3 FT (ft03) | Percentual: (10.53%) | SG: 0 | G1: 0 | G2: 0
[2026-02-07T18:12:59.756Z] [INFO   ] [PASSO 456] Card 49: 1x3 FT (ft13) | Percentual: (10.53%) | SG: 0 | G1: 0 | G2: 0
[2026-02-07T18:12:59.756Z] [INFO   ] [PASSO 457] Card 50: 0x2 HT (ht02) | Percentual: (10.53%) | SG: 0 | G1: 0 | G2: 0
[2026-02-07T18:12:59.757Z] [INFO   ] [PASSO 458] Card 51: Viradinha (vira) | Percentual: (10.53%) | SG: 0 | G1: 0 | G2: 0
[2026-02-07T18:12:59.757Z] [INFO   ] [PASSO 459] Card 52: 4x0 FT (ft40) | Percentual: (5.26%) | SG: 0 | G1: 0 | G2: 0
[2026-02-07T18:12:59.757Z] [INFO   ] [PASSO 460] Card 53: 5+ Casa (ft50_c) | Percentual: (5.26%) | SG: 0 | G1: 0 | G2: 0
[2026-02-07T18:12:59.758Z] [INFO   ] [PASSO 461] Card 54: 3x3 FT (ft33) | Percentual: (5.26%) | SG: 0 | G1: 0 | G2: 0
[2026-02-07T18:12:59.758Z] [INFO   ] [PASSO 462] Card 55: 5+ Empate (ft50_e) | Percentual: (5.26%) | SG: 0 | G1: 0 | G2: 0
[2026-02-07T18:12:59.758Z] [INFO   ] [PASSO 463] Card 56: 0x2 FT (ft02) | Percentual: (5.26%) | SG: 0 | G1: 0 | G2: 0
[2026-02-07T18:12:59.759Z] [INFO   ] [PASSO 464] Card 57: 3x0 FT (ft30) | Percentual: (0.00%) | SG: 0 | G1: 0 | G2: 0
[2026-02-07T18:12:59.759Z] [INFO   ] [PASSO 465] Card 58: 3x2 FT (ft32) | Percentual: (0.00%) | SG: 0 | G1: 0 | G2: 0
[2026-02-07T18:12:59.760Z] [INFO   ] [PASSO 466] Card 59: 4x1 FT (ft41) | Percentual: (0.00%) | SG: 0 | G1: 0 | G2: 0
[2026-02-07T18:12:59.760Z] [INFO   ] [PASSO 467] Card 60: 4x2 FT (ft42) | Percentual: (0.00%) | SG: 0 | G1: 0 | G2: 0
[2026-02-07T18:12:59.760Z] [INFO   ] [PASSO 468] Card 61: 4x3 FT (ft43) | Percentual: (0.00%) | SG: 0 | G1: 0 | G2: 0
[2026-02-07T18:12:59.761Z] [INFO   ] [PASSO 469] Card 62: 4x4 FT (ft44) | Percentual: (0.00%) | SG: 0 | G1: 0 | G2: 0
[2026-02-07T18:12:59.761Z] [INFO   ] [PASSO 470] Card 63: 0x4 FT (ft04) | Percentual: (0.00%) | SG: 0 | G1: 0 | G2: 0
[2026-02-07T18:12:59.762Z] [INFO   ] [PASSO 471] Card 64: 1x4 FT (ft14) | Percentual: (0.00%) | SG: 0 | G1: 0 | G2: 0
[2026-02-07T18:12:59.762Z] [INFO   ] [PASSO 472] Card 65: 2x4 FT (ft24) | Percentual: (0.00%) | SG: 0 | G1: 0 | G2: 0
[2026-02-07T18:12:59.762Z] [INFO   ] [PASSO 473] Card 66: 3x4 FT (ft34) | Percentual: (0.00%) | SG: 0 | G1: 0 | G2: 0
[2026-02-07T18:12:59.763Z] [INFO   ] [PASSO 474] Card 67: 5+ Visitante (ft50_f) | Percentual: (0.00%) | SG: 0 | G1: 0 | G2: 0
[2026-02-07T18:12:59.763Z] [INFO   ] [PASSO 475] Card 68: Handicap Casa (hac) | Percentual: (0.00%) | SG: 0 | G1: 0 | G2: 0
[2026-02-07T18:12:59.764Z] [INFO   ] [PASSO 476] Card 69: Handicap Visitante (hav) | Percentual: (0.00%) | SG: 0 | G1: 0 | G2: 0
[2026-02-07T18:12:59.764Z] [INFO   ] [PASSO 477] Card 70: Over 0.5 (o05) | Percentual: (100.00%) | SG: 0 | G1: 0 | G2: 0
[2026-02-07T18:12:59.764Z] [INFO   ] [PASSO 478] Card 71: Over 1.5 (o15) | Percentual: (100.00%) | SG: 0 | G1: 0 | G2: 0
[2026-02-07T18:12:59.765Z] [INFO   ] [PASSO 479] Card 72: Under 3.5 (u35) | Percentual: (94.74%) | SG: 0 | G1: 0 | G2: 0
[2026-02-07T18:12:59.765Z] [INFO   ] [PASSO 480] Card 73: Under 2.5 (u25) | Percentual: (89.47%) | SG: 0 | G1: 0 | G2: 0
[2026-02-07T18:12:59.765Z] [INFO   ] [PASSO 481] Card 74: Under 1.5 (u15) | Percentual: (68.42%) | SG: 0 | G1: 0 | G2: 0
[2026-02-07T18:12:59.766Z] [INFO   ] [PASSO 482] Card 75: Under 0.5 (u05) | Percentual: (31.58%) | SG: 0 | G1: 0 | G2: 0
[2026-02-07T18:12:59.766Z] [SUCCESS] [PASSO 483] ========================================
[2026-02-07T18:12:59.766Z] [SUCCESS] [PASSO 484] BUSCADOR DE PADRÕES CONCLUÍDO COM SUCESSO!
[2026-02-07T18:12:59.767Z] [SUCCESS] [PASSO 485] ========================================
[2026-02-07T18:13:00.105Z] [INFO   ] [PASSO 486] Browser fechado
[2026-02-07T18:13:00.105Z] [INFO   ] [PASSO 487] ========================================
[2026-02-07T18:13:00.106Z] [INFO   ] [PASSO 488] ROBÔ FINALIZADO
[2026-02-07T18:13:00.106Z] [INFO   ] [PASSO 489] Total de passos: 488
[2026-02-07T18:13:00.107Z] [INFO   ] [PASSO 490] ========================================
